date,code,open,high,low,close,preclose,volume,amount,adjustflag,turn,tradestatus,pctChg,peTTM,pbMRQ,psTTM,pcfNcfTTM,isST
2015-01-05,sz.002714,43.44501919,44.89285135,42.3289819,44.3398599,44.239316,1247162.0,54342547.0,1.0,2.061425,1.0,0.2273,67.056326,5.704851,4.083944,62.98108,0.0
2015-01-06,sz.002714,44.02817381,48.77384589,43.58578065,47.89911396,44.3398599,2756398.0,129024262.0,1.0,4.55603,1.0,8.0272,72.439079,6.162791,4.411771,68.036704,0.0
2015-01-07,sz.002714,47.93933152,50.4730378,47.31595934,50.29205878,47.89911396,2857547.0,140559420.0,1.0,4.723218,1.0,4.9958,76.057992,6.470672,4.632174,71.435683,0.0
2015-01-08,sz.002714,50.1714061,55.27903622,49.45754441,52.282828,50.29205878,1784482.0,93666337.0,1.0,2.949557,1.0,3.9584,79.068684,6.726808,4.815535,74.263405,0.0
2015-01-09,sz.002714,52.11190337,54.78637111,51.84043484,53.29832139,52.282828,981433.0,51964629.0,1.0,1.622203,1.0,1.9423,80.604441,6.857463,4.909068,75.705829,0.0
2015-01-12,sz.002714,52.32304556,54.26354283,50.27195,51.4784768,53.29832139,1156823.0,60637944.0,1.0,1.912104,1.0,-3.4144,77.852243,6.623319,4.74145,73.120891,0.0
2015-01-13,sz.002714,51.4784768,52.7855475,50.78472389,51.79016289,51.4784768,345496.0,17887697.0,1.0,0.571068,1.0,0.6055,78.323614,6.663421,4.770158,73.563615,0.0
2015-01-14,sz.002714,51.92086996,55.81191889,51.277389,55.75159255,51.79016289,1001541.0,54466359.0,1.0,1.65544,1.0,7.649,84.314587,7.173106,5.135027,79.190496,0.0
2015-01-15,sz.002714,55.67115743,57.7121986,54.12278137,54.31381478,55.75159255,752974.0,41770583.0,1.0,1.244585,1.0,-2.5789,82.140198,6.988119,5.0026,77.148253,0.0
2015-01-16,sz.002714,54.1931621,56.304584,53.16761432,55.95268035,54.31381478,662887.0,36334295.0,1.0,1.095681,1.0,3.0174,84.618698,7.198978,5.153549,79.476125,0.0
2015-01-19,sz.002714,55.87224523,58.55676736,54.83664306,56.06327864,55.95268035,1141019.0,64289070.0,1.0,1.885982,1.0,0.1977,84.785958,7.213208,5.163735,79.63322,0.0
2015-01-20,sz.002714,56.29452961,57.22958788,53.80104089,55.02767647,56.06327864,650086.0,35695531.0,1.0,1.074522,1.0,-1.8472,83.21979,7.079965,5.068351,78.162234,0.0
2015-01-21,sz.002714,55.02767647,55.85213645,54.02223747,55.30919939,55.02767647,814065.0,44396216.0,1.0,1.345562,1.0,0.5116,83.645545,7.116187,5.094281,78.562114,0.0
2015-01-22,sz.002714,54.84669745,55.14832915,52.60456848,54.24343405,55.30919939,1176346.0,62906580.0,1.0,1.944374,1.0,-1.9269,82.03376,6.979063,4.996118,77.048283,0.0
2015-01-23,sz.002714,54.18310771,54.18310771,52.8860914,53.68038821,54.24343405,497932.0,26509378.0,1.0,0.823028,1.0,-1.038,81.182251,6.906621,4.944258,76.248523,0.0
2015-01-26,sz.002714,53.68038821,54.4947938,53.0871792,54.40430429,53.68038821,1025731.0,54891073.0,1.0,1.695423,1.0,1.3486,82.277048,6.999761,5.010935,77.276785,0.0
2015-01-27,sz.002714,54.37414112,54.41435868,53.0871792,53.70049699,54.40430429,658114.0,35054296.0,1.0,1.087792,1.0,-1.2937,81.212662,6.909208,4.94611,76.277086,0.0
2015-01-28,sz.002714,53.42902846,53.67033382,50.8752134,51.23717144,53.70049699,1797193.0,93047441.0,1.0,2.506143,1.0,-4.5872,77.487311,6.592272,4.719224,72.778137,0.0
2015-01-29,sz.002714,50.5735817,52.84587384,50.28200439,51.277389,51.23717144,1189061.0,61305082.0,1.0,1.658118,1.0,0.0785,77.548133,6.597446,4.722929,72.835263,0.0
2015-01-30,sz.002714,52.0817402,52.0817402,50.60374487,51.06624681,51.277389,630302.0,32083652.0,1.0,0.878941,1.0,-0.4118,77.228817,6.57028,4.703481,72.535353,0.0
2015-02-02,sz.002714,51.08635559,52.9866353,50.53336414,52.66489482,51.06624681,739245.0,38424400.0,1.0,1.03086,1.0,3.1305,79.646494,6.775965,4.850726,74.806099,0.0
2015-02-03,sz.002714,52.66489482,53.288267,51.7801085,52.10184898,52.66489482,1332428.0,69326375.0,1.0,1.85804,1.0,-1.0691,78.794985,6.703523,4.798866,74.006339,0.0
2015-02-04,sz.002714,52.09179459,52.10184898,50.62385365,51.06624681,52.10184898,612196.0,31112921.0,1.0,0.853693,1.0,-1.9876,77.228817,6.57028,4.703481,72.535353,0.0
2015-02-05,sz.002714,51.06624681,51.65945582,48.261072,48.3616159,51.06624681,1194050.0,58811533.0,1.0,1.665075,1.0,-5.2963,73.138533,6.222297,4.45437,68.69365,0.0
2015-02-06,sz.002714,48.3616159,48.81406345,46.7529135,48.75373711,48.3616159,1079421.0,51245435.0,1.0,1.505227,1.0,0.8108,73.731548,6.272748,4.490486,69.250625,0.0
2015-02-09,sz.002714,48.75373711,49.9703183,47.8588964,49.63852343,48.75373711,885230.0,43263567.0,1.0,1.234432,1.0,1.8148,75.069633,6.386587,4.57198,70.50739,0.0
2015-02-10,sz.002714,49.27656539,50.0708622,47.92927713,48.47221419,49.63852343,624839.0,30373150.0,1.0,0.871323,1.0,-2.3496,73.305794,6.236527,4.464557,68.850745,0.0
2015-02-11,sz.002714,48.64313882,48.75373711,47.46677519,47.5572647,48.47221419,751181.0,35841306.0,1.0,1.047504,1.0,-1.8876,71.922092,6.118808,4.380285,67.551136,0.0
2015-02-12,sz.002714,48.24096322,51.77005411,47.43661202,50.0708622,47.5572647,1592780.0,79364229.0,1.0,2.221094,1.0,5.2854,75.723471,6.442212,4.611801,71.121492,0.0
2015-02-13,sz.002714,50.04069903,50.59369048,49.5681427,50.20156927,50.0708622,1190802.0,59084616.0,1.0,1.660545,1.0,0.261,75.921142,6.459029,4.62384,71.30715,0.0
2015-02-16,sz.002714,50.16135171,51.1768451,49.78933928,50.95564852,50.20156927,1154538.0,58272939.0,1.0,1.609976,1.0,1.5021,77.061556,6.556051,4.693295,72.378257,0.0
2015-02-17,sz.002714,50.95564852,51.3779329,50.27195,50.41271146,50.95564852,934526.0,47199451.0,1.0,1.303175,1.0,-1.0655,151.298931,6.486195,4.658342,71.60706,0.0
2015-02-25,sz.002714,50.4730378,52.27277361,49.28661978,52.1822841,50.41271146,1703514.0,86557908.0,1.0,2.37551,1.0,3.5102,156.609783,6.713872,4.821858,74.120591,0.0
2015-02-26,sz.002714,52.19233849,54.77631672,52.19233849,54.52495697,52.1822841,2076744.0,111405169.0,1.0,2.895971,1.0,4.4894,163.640627,7.015285,5.038331,77.448163,0.0
2015-02-27,sz.002714,54.0926182,54.8969694,54.0926182,54.31381478,54.52495697,877786.0,47636163.0,1.0,1.224052,1.0,-0.3872,163.006946,6.988119,5.018821,77.148253,0.0
2015-03-02,sz.002714,54.31381478,57.08882642,53.4893548,56.26436644,54.31381478,1466734.0,81424173.0,1.0,2.045326,1.0,3.5913,168.860953,7.23908,5.19906,79.918849,0.0
2015-03-03,sz.002714,56.26436644,58.50649541,54.47468502,56.33474717,56.26436644,1633425.0,92527736.0,1.0,2.277773,1.0,0.1251,169.07218,7.248136,5.205563,80.018819,0.0
2015-03-04,sz.002714,55.55050475,58.66736565,55.55050475,57.86301445,56.33474717,1014169.0,57578012.0,1.0,1.414235,1.0,2.7128,173.658825,7.444765,5.346781,82.189595,0.0
2015-03-05,sz.002714,57.8127425,57.8127425,56.13365937,56.52578058,57.86301445,1145011.0,64415254.0,1.0,1.596691,1.0,-2.311,169.645511,7.272714,5.223215,80.290166,0.0
2015-03-06,sz.002714,55.299145,57.66192665,55.00756769,56.65648765,56.52578058,507542.0,28578476.0,1.0,0.707755,1.0,0.2312,170.03779,7.289531,5.235293,80.475824,0.0
2015-03-09,sz.002714,55.86219084,60.70840682,54.4947938,60.01465391,56.65648765,1432983.0,82825275.0,1.0,1.998261,1.0,5.9272,180.116339,7.721599,5.545602,85.24582,0.0
2015-03-10,sz.002714,59.44155368,60.8290595,58.2149181,59.320901,60.01465391,541968.0,31927317.0,1.0,0.755762,1.0,-1.156,178.034243,7.63234,5.481496,84.260402,0.0
2015-03-11,sz.002714,59.5219888,59.5219888,56.97822813,57.69208982,59.320901,397421.0,22881483.0,1.0,0.554194,1.0,-2.7458,173.145845,7.422774,5.330987,81.946811,0.0
2015-03-12,sz.002714,57.01844569,60.40677512,55.57061353,60.27606805,57.69208982,750486.0,43865609.0,1.0,1.046535,1.0,4.4789,180.900896,7.755233,5.569757,85.617137,0.0
2015-03-13,sz.002714,59.8236205,62.1361302,59.320901,59.34100978,60.27606805,500266.0,30044636.0,1.0,0.697609,1.0,-1.5513,178.094594,7.634927,5.483354,84.288965,0.0
2015-03-16,sz.002714,59.35106417,62.337218,58.43611468,61.0301473,59.34100978,728723.0,44453032.0,1.0,1.016187,1.0,2.8465,183.164043,7.852255,5.639437,86.688244,0.0
2015-03-17,sz.002714,61.11058242,63.29238505,60.1252522,62.81982872,61.0301473,769422.0,47486143.0,1.0,1.072941,1.0,2.9325,188.535246,8.082519,5.804811,89.230337,0.0
2015-03-18,sz.002714,62.337218,63.5437448,61.78422655,62.49808824,62.81982872,385048.0,23972402.0,1.0,0.53694,1.0,-0.5122,187.569637,8.041123,5.775081,88.773332,0.0
2015-03-19,sz.002714,62.78966555,62.8399375,60.81900511,61.60324753,62.49808824,416469.0,25673830.0,1.0,0.580756,1.0,-1.4318,184.884035,7.925991,5.692394,87.502285,0.0
2015-03-20,sz.002714,61.59319314,65.20271915,60.93965779,63.49347285,61.60324753,947719.0,59958575.0,1.0,1.321572,1.0,3.0684,190.556991,8.169191,5.867059,90.187193,0.0
2015-03-23,sz.002714,63.37282017,64.57934697,62.5383058,64.33804161,63.49347285,350613.0,22215092.0,1.0,0.488922,1.0,1.3302,193.091716,8.277855,5.9451,91.386832,0.0
2015-03-24,sz.002714,64.2475521,64.8508155,61.8344985,64.7502716,64.33804161,507455.0,31998977.0,1.0,0.707634,1.0,0.6407,194.328903,8.330893,5.983192,91.972371,0.0
2015-03-25,sz.002714,64.348096,71.22529876,62.337218,71.22529876,64.7502716,1767587.0,118858293.0,1.0,2.464858,1.0,10.0,213.761793,9.163982,6.581511,101.169608,0.0
2015-03-26,sz.002714,71.386169,77.29815032,71.17502681,75.65928475,71.22529876,1631873.0,121605273.0,1.0,2.275609,1.0,6.2253,227.069098,9.734467,6.99123,107.467716,0.0
2015-03-27,sz.002714,74.9052055,77.9215225,73.397047,74.22150698,75.65928475,920599.0,69655614.0,1.0,1.283754,1.0,-1.9003,222.754031,9.54948,6.858373,105.425472,0.0
2015-03-30,sz.002714,73.70873309,74.45275795,70.99404779,74.45275795,74.22150698,1437845.0,104035430.0,1.0,2.005041,1.0,0.3116,223.448063,9.579233,6.879742,105.753945,0.0
2015-03-31,sz.002714,74.402486,75.39787061,71.8888885,73.8997665,74.45275795,1012961.0,74481355.0,1.0,1.41255,1.0,-0.7427,221.788422,9.508084,6.828643,104.968467,0.0
2015-04-01,sz.002714,73.8997665,79.6307688,71.9894324,79.34924588,73.8997665,792584.0,60614853.0,1.0,1.10524,1.0,7.3741,238.143432,10.209225,7.332198,112.708998,0.0
2015-04-02,sz.002714,79.18837564,79.52017051,74.402486,75.407925,79.34924588,1459106.0,111487262.0,1.0,2.034689,1.0,-4.9671,226.314716,9.702127,6.968003,107.11068,0.0
2015-04-03,sz.002714,75.47830573,76.0111884,73.6986787,74.29188771,75.407925,883890.0,65465208.0,1.0,1.232564,1.0,-1.48,222.965258,9.558535,6.864877,105.525442,0.0
2015-04-07,sz.002714,74.29188771,74.29188771,74.29188771,74.29188771,74.29188771,0.0,0.0,1.0,,0.0,0.0,222.965258,9.558535,6.864877,105.525442,0.0
2015-04-08,sz.002714,74.29188771,74.29188771,74.29188771,74.29188771,74.29188771,0.0,0.0,1.0,,0.0,0.0,222.965258,9.558535,6.864877,105.525442,0.0
2015-04-09,sz.002714,74.29188771,74.29188771,74.29188771,74.29188771,74.29188771,0.0,0.0,1.0,,0.0,0.0,222.965258,9.558535,6.864877,105.525442,0.0
2015-04-10,sz.002714,74.29188771,74.29188771,74.29188771,74.29188771,74.29188771,0.0,0.0,1.0,,0.0,0.0,222.965258,9.558535,6.864877,105.525442,0.0
2015-04-13,sz.002714,74.29188771,74.29188771,74.29188771,74.29188771,74.29188771,0.0,0.0,1.0,,0.0,0.0,222.965258,9.558535,6.864877,105.525442,0.0
2015-04-14,sz.002714,74.29188771,74.29188771,74.29188771,74.29188771,74.29188771,0.0,0.0,1.0,,0.0,0.0,222.965258,9.558535,6.864877,105.525442,0.0
2015-04-15,sz.002714,74.29188771,74.29188771,74.29188771,74.29188771,74.29188771,0.0,0.0,1.0,,0.0,0.0,222.965258,9.558535,6.864877,105.525442,0.0
2015-04-16,sz.002714,74.29188771,74.29188771,74.29188771,74.29188771,74.29188771,0.0,0.0,1.0,,0.0,0.0,222.965258,9.558535,6.864877,105.525442,0.0
2015-04-17,sz.002714,74.29188771,74.29188771,74.29188771,74.29188771,74.29188771,0.0,0.0,1.0,,0.0,0.0,222.965258,9.558535,6.864877,105.525442,0.0
2015-04-20,sz.002714,74.29188771,74.29188771,74.29188771,74.29188771,74.29188771,0.0,0.0,1.0,,0.0,0.0,222.965258,9.558535,6.864877,105.525442,0.0
2015-04-21,sz.002714,74.29188771,74.29188771,74.29188771,74.29188771,74.29188771,0.0,0.0,1.0,,0.0,0.0,222.965258,9.558535,6.864877,105.525442,0.0
2015-04-22,sz.002714,74.29188771,74.29188771,74.29188771,74.29188771,74.29188771,0.0,0.0,1.0,,0.0,0.0,222.965258,9.558535,6.864877,105.525442,0.0
2015-04-23,sz.002714,74.29188771,74.29188771,74.29188771,74.29188771,74.29188771,0.0,0.0,1.0,,0.0,0.0,222.965258,9.558535,6.864877,105.525442,0.0
2015-04-24,sz.002714,74.29188771,74.29188771,74.29188771,74.29188771,74.29188771,0.0,0.0,1.0,,0.0,0.0,222.965258,9.558535,6.864877,105.525442,0.0
2015-04-27,sz.002714,74.29188771,74.29188771,74.29188771,74.29188771,74.29188771,0.0,0.0,1.0,,0.0,0.0,154.518188,9.274442,6.733465,-109.722124,0.0
2015-04-28,sz.002714,81.72208192,81.72208192,74.402486,78.15277347,74.29188771,4287198.0,330063520.0,1.0,5.978397,1.0,5.1969,162.548366,9.756427,7.083398,-115.424289,0.0
2015-04-29,sz.002714,78.27342615,78.27342615,74.402486,75.55874085,78.15277347,1781327.0,133589855.0,1.0,2.484019,1.0,-3.3192,157.15309,9.432593,6.848287,-111.593147,0.0
2015-04-30,sz.002714,75.45819695,75.45819695,71.80845338,73.8997665,75.55874085,1569312.0,113845397.0,1.0,2.188369,1.0,-2.1956,153.702623,9.22549,6.697925,-109.142998,0.0
2015-05-04,sz.002714,73.2965031,79.1280493,70.8834495,78.57505785,73.8997665,1420666.0,107894337.0,1.0,1.981085,1.0,6.3265,163.426667,9.809144,7.121672,-116.047963,0.0
2015-05-05,sz.002714,78.9269615,79.91229172,75.7095567,78.9269615,78.57505785,1302725.0,100159526.0,1.0,1.816619,1.0,0.4479,164.158584,9.853075,7.153566,-116.567691,0.0
2015-05-06,sz.002714,78.25331737,79.429681,77.06689935,77.93157689,78.9269615,878807.0,68280979.0,1.0,1.225476,1.0,-1.2611,162.088304,9.728813,7.063349,-115.097602,0.0
2015-05-07,sz.002714,77.418803,77.418803,74.24161576,75.36770744,77.93157689,902301.0,67701163.0,1.0,1.258238,1.0,-3.2899,156.755764,9.408745,6.830972,-111.311008,0.0
2015-05-08,sz.002714,75.1062933,75.407925,73.24623115,75.407925,75.36770744,1603054.0,117856988.0,1.0,2.235421,1.0,0.0534,156.839411,9.413765,6.834618,-111.370406,0.0
2015-05-11,sz.002714,75.14651086,75.38781622,72.87421872,75.38781622,75.407925,1612433.0,118440041.0,1.0,2.2485,1.0,-0.0267,156.797587,9.411255,6.832795,-111.340707,0.0
2015-05-12,sz.002714,74.71417209,76.40330961,72.94459945,74.41254039,75.38781622,1771733.0,131034518.0,1.0,2.47064,1.0,-1.2937,154.769131,9.289504,6.744401,-109.900317,0.0
2015-05-13,sz.002714,73.37693822,74.71417209,69.5763788,73.397047,74.41254039,2465741.0,177717774.0,1.0,3.438418,1.0,-1.3647,152.657027,9.162732,6.652361,-108.400528,0.0
2015-05-14,sz.002714,73.6986787,73.81933138,71.33589705,73.00492579,73.397047,995510.0,71964750.0,1.0,1.388215,1.0,-0.5342,151.841462,9.11378,6.616821,-107.821402,0.0
2015-05-15,sz.002714,73.27639432,74.65384575,72.34133605,74.0003104,73.00492579,1089714.0,79829795.0,1.0,1.519581,1.0,1.3634,153.911742,9.238042,6.707038,-109.291492,0.0
2015-05-18,sz.002714,73.8997665,81.40034144,73.42721017,80.2340322,74.0003104,2775732.0,218272452.0,1.0,3.870693,1.0,8.4239,166.877134,10.016246,7.272033,-118.498112,0.0
2015-05-19,sz.002714,80.30441293,81.6416468,76.6144518,78.90685272,80.2340322,1932313.0,151575809.0,1.0,2.694565,1.0,-1.6541,164.11676,9.850564,7.151744,-116.537993,0.0
2015-05-20,sz.002714,78.90685272,86.467754,78.8264176,85.62318524,78.90685272,1652023.0,134759444.0,1.0,2.303707,1.0,8.5117,178.085924,10.689017,7.76048,-126.457384,0.0
2015-05-21,sz.002714,86.467754,91.494949,82.445998,90.48951,85.62318524,2454503.0,206408502.0,1.0,3.422747,1.0,5.6834,188.207294,11.296519,8.201541,-133.644487,0.0
2015-05-22,sz.002714,89.8862466,97.1254074,89.0818954,91.91723338,90.48951,2854364.0,266403422.0,1.0,3.980343,1.0,1.5778,191.176786,11.474753,8.330943,-135.7531,0.0
2015-05-25,sz.002714,89.53434295,98.21128152,87.14139813,97.54769178,91.91723338,1402883.0,130326054.0,1.0,1.956287,1.0,6.1256,202.887462,12.177647,8.841261,-144.068757,0.0
2015-05-26,sz.002714,99.8400927,105.84256353,98.8346537,100.99634755,97.54769178,1758037.0,177675369.0,1.0,2.451541,1.0,3.5354,210.060252,12.60817,9.153831,-149.162097,0.0
2015-05-27,sz.002714,101.10694584,109.48225271,96.522144,102.0520585,100.99634755,2138093.0,214596893.0,1.0,2.98152,1.0,1.0453,212.256003,12.739963,9.249516,-150.721283,0.0
2015-05-28,sz.002714,101.84091631,105.54093183,95.74795597,95.74795597,102.0520585,2197587.0,220446835.0,1.0,3.064483,1.0,-6.1773,199.144229,11.952972,8.678142,-141.410717,0.0
2015-05-29,sz.002714,96.522144,96.91426521,86.57835229,93.52593578,95.74795597,1565376.0,146692614.0,1.0,2.18288,1.0,-2.3207,194.522694,11.67558,8.476748,-138.129002,0.0
2015-06-01,sz.002714,93.505827,99.538461,92.41995288,99.538461,93.52593578,1314458.0,127873266.0,1.0,1.832981,1.0,6.4287,207.028023,12.42617,9.021695,-147.008936,0.0
2015-06-02,sz.002714,99.62895051,105.571095,98.6335659,105.17897379,99.538461,1425446.0,144744293.0,1.0,1.987751,1.0,5.6667,218.759611,13.13032,9.532925,-155.339442,0.0
2015-06-03,sz.002714,108.17518201,113.59449822,100.57406317,105.88278109,105.17897379,1774765.0,188278172.0,1.0,2.477833,1.0,0.6691,220.223445,13.218182,9.596714,-156.378899,0.0
2015-06-04,sz.002714,104.3645682,106.55642522,95.29550842,97.0248635,105.88278109,2092252.0,205383571.0,1.0,2.921091,1.0,-8.3658,201.800043,12.112378,8.793875,-143.296589,0.0
2015-06-05,sz.002714,96.77350375,103.0574975,92.500388,101.09689145,97.0248635,2965384.0,282647024.0,1.0,4.140112,1.0,4.1969,210.269371,12.620722,9.162944,-149.310591,0.0
2015-06-08,sz.002714,100.50368244,102.54472361,96.522144,97.8292147,101.09689145,1678742.0,164929416.0,1.0,2.34377,1.0,-3.2322,203.472996,12.212792,8.866777,-144.48454,0.0
2015-06-09,sz.002714,97.87948665,100.18194196,93.81751309,97.3264952,97.8292147,1613925.0,156052548.0,1.0,2.253276,1.0,-0.5139,202.4274,12.150033,8.821213,-143.742071,0.0
2015-06-10,sz.002714,97.32643788,103.2219612,93.563766,99.03674328,97.32643788,3638324.0,180657532.0,1.0,2.539817,1.0,1.7573,205.856955,12.355881,8.970663,-146.17737,0.0
2015-06-11,sz.002714,98.25201492,99.37880436,94.58994924,98.3928636,99.03674328,3005571.0,145156236.0,1.0,2.098109,1.0,-0.6501,204.518592,12.27555,8.912341,-145.227009,0.0
2015-06-12,sz.002714,97.1855892,104.7310542,97.1855892,103.50365856,98.3928636,5905029.0,299593008.0,1.0,4.122144,1.0,5.1943,215.141848,12.913176,9.375273,-152.770498,0.0
2015-06-15,sz.002714,104.50972056,104.99263032,98.594076,99.07698576,103.50365856,3275370.0,165228927.0,1.0,2.286449,1.0,-4.2768,205.940603,12.360902,8.974309,-146.236768,0.0
2015-06-16,sz.002714,97.24595292,101.612262,89.17733568,92.94000756,99.07698576,3309845.0,159035601.0,1.0,2.310515,1.0,-6.1942,193.184331,11.595249,8.418426,-137.178641,0.0
2015-06-17,sz.002714,92.94000756,96.52158828,92.91988632,95.3746776,92.94000756,2806073.0,131941405.0,1.0,1.958845,1.0,2.6196,198.245016,11.899,8.638957,-140.772193,0.0
2015-06-18,sz.002714,95.4752838,97.588014,90.54558,90.86751984,95.3746776,2576764.0,120427803.0,1.0,1.798771,1.0,-4.7257,188.876475,11.336684,8.230702,-134.119667,0.0
2015-06-19,sz.002714,87.38654532,94.569828,86.60181696,90.20351892,90.86751984,3332297.0,151560908.0,1.0,2.326188,1.0,-0.7307,187.496288,11.253843,8.170558,-133.139608,0.0
2015-06-23,sz.002714,90.54558,96.56183076,88.9358808,96.56183076,90.20351892,3128325.0,145787150.0,1.0,2.183801,1.0,7.0489,200.712623,12.047109,8.746488,-142.524421,0.0
2015-06-24,sz.002714,99.600138,103.8255984,97.588014,102.0146868,96.56183076,4373647.0,220267445.0,1.0,3.053127,1.0,5.647,212.046884,12.727411,9.240403,-150.572789,0.0
2015-06-25,sz.002714,101.97444432,112.21615548,98.594076,111.4716696,102.0146868,7073875.0,384480208.0,1.0,4.938084,1.0,9.2702,231.70409,13.90727,10.097008,-164.531213,0.0
2015-06-26,sz.002714,107.0449968,110.60645628,100.32450264,100.32450264,111.4716696,6621332.0,340673584.0,1.0,4.622176,1.0,-10.0,208.533681,12.516543,9.087308,-148.078092,0.0
2015-06-29,sz.002714,103.84571964,110.3650014,94.48934304,107.4474216,100.32450264,11468943.0,593822048.0,1.0,8.006164,1.0,7.0999,223.339322,13.405202,9.732495,-158.591458,0.0
2015-06-30,sz.002714,107.4474216,118.19216376,105.01275156,118.19216376,107.4474216,8127939.0,455202800.0,1.0,5.673898,1.0,10.0,245.673254,14.745722,10.705745,-174.450604,0.0
2015-07-01,sz.002714,120.3250152,130.00333164,106.38099588,108.47360484,118.19216376,9986222.0,601927008.0,1.0,6.971116,1.0,-8.2227,225.472338,13.533229,9.825446,-160.106096,0.0
2015-07-02,sz.002714,101.5116558,106.62245076,97.62825648,97.62825648,108.47360484,5163903.0,259074002.0,1.0,3.604784,1.0,-9.9981,202.929286,12.180157,8.843084,-144.098456,0.0
2015-07-03,sz.002714,87.9298188,96.581952,87.86945508,87.86945508,97.62825648,4785565.0,211574759.0,1.0,3.340676,1.0,-9.9959,182.644722,10.962644,7.95914,-129.69455,0.0
2015-07-06,sz.002714,96.66243696,96.66243696,79.0764732,88.3322436,87.86945508,10881619.0,492775456.0,1.0,7.596169,1.0,0.5267,183.606671,11.020381,8.001059,-130.377622,0.0
2015-07-07,sz.002714,84.509208,86.36036208,79.49901924,79.49901924,88.3322436,2766222.0,111884863.0,1.0,1.931026,1.0,-10.0,165.246004,9.918343,7.200953,-117.33986,0.0
2015-07-08,sz.002714,71.55112944,81.57150696,71.55112944,71.55112944,79.49901924,14961195.0,544069264.0,1.0,10.444013,1.0,-9.9975,148.725586,8.92676,6.48104,-105.608844,0.0
2015-07-09,sz.002714,64.387968,78.71429088,64.387968,78.71429088,71.55112944,6407277.0,237839219.0,1.0,4.47275,1.0,10.0112,163.614874,9.82044,7.129873,-116.181607,0.0
2015-07-10,sz.002714,84.54945048,86.58169572,82.5976902,86.58169572,78.71429088,600203.0,25678299.0,1.0,0.418986,1.0,9.9949,179.967996,10.801982,7.842496,-127.793828,0.0
2015-07-13,sz.002714,95.23382892,95.23382892,95.23382892,95.23382892,86.58169572,542863.0,25693705.0,1.0,0.378958,1.0,9.993,197.952249,11.881427,8.626199,-140.564302,0.0
2015-07-14,sz.002714,104.630448,104.75117544,96.62219448,104.75117544,95.23382892,4242375.0,218350258.0,1.0,2.961489,1.0,9.9937,217.734927,13.068817,9.488272,-154.611822,0.0
2015-07-15,sz.002714,104.7310542,114.691068,96.581952,100.54583628,104.75117544,4368214.0,229900510.0,1.0,3.049334,1.0,-4.0146,208.993744,12.544156,9.107356,-148.404778,0.0
2015-07-16,sz.002714,100.54583628,110.60645628,94.81128288,110.60645628,100.54583628,5156899.0,273305616.0,1.0,3.599894,1.0,10.006,229.905665,13.799325,10.018638,-163.254166,0.0
2015-07-17,sz.002714,115.01300784,121.67313828,109.0571208,121.67313828,110.60645628,6942380.0,413911536.0,1.0,4.846291,1.0,10.0055,252.908779,15.180011,11.021049,-179.588492,0.0
2015-07-20,sz.002714,128.775936,133.84648848,126.763812,133.84648848,121.67313828,5343414.0,354609728.0,1.0,3.730095,1.0,10.005,278.212204,16.698765,12.1237,-197.556251,0.0
2015-07-21,sz.002714,136.824432,147.22711308,133.7056398,147.22711308,133.84648848,5455994.0,386470496.0,1.0,3.808684,1.0,9.997,306.025059,18.368139,13.335706,-217.305936,0.0
2015-07-22,sz.002714,154.2293046,160.96992,132.4983654,142.860804,147.22711308,14030927.0,985948704.0,1.0,9.794617,1.0,-2.9657,296.949285,17.823396,12.940209,-210.861302,0.0
2015-07-23,sz.002714,136.824432,145.87899,133.806246,144.63147312,142.860804,11147694.0,768004384.0,1.0,7.781909,1.0,1.2394,300.629784,18.044306,13.100595,-213.474794,0.0
2015-07-24,sz.002714,142.2571668,143.84674476,130.16430156,130.285029,144.63147312,11358983.0,777129952.0,1.0,7.929404,1.0,-9.9193,270.809384,16.254435,11.801106,-192.299567,0.0
2015-07-27,sz.002714,125.75775,143.32359252,125.1541128,132.800184,130.285029,16672676.0,1148296464.0,1.0,11.638752,1.0,1.9305,276.037364,16.568227,12.028927,-196.011914,0.0
2015-07-28,sz.002714,124.751688,143.2632288,122.739564,141.9553482,132.800184,12281057.0,815317232.0,1.0,8.57308,1.0,6.8939,164.568724,17.243004,12.879249,-412.296545,0.0
2015-07-29,sz.002714,141.07001364,153.98784972,133.4038212,150.22517784,141.9553482,8871982.0,622536896.0,1.0,6.193295,1.0,5.8257,174.155931,18.247522,13.62955,-436.315522,0.0
2015-07-30,sz.002714,146.885052,160.12482792,138.836556,139.62128436,150.22517784,8687202.0,652341472.0,1.0,6.064305,1.0,-7.0587,161.862845,16.959491,12.667486,-405.517467,0.0
2015-07-31,sz.002714,133.82636724,138.836556,125.75775,129.09787584,139.62128436,6217745.0,409224896.0,1.0,4.340443,1.0,-7.5371,149.663066,15.681235,11.712723,-374.953173,0.0
2015-08-03,sz.002714,125.1541128,138.836556,118.5141036,134.57085312,129.09787584,9361115.0,595211616.0,1.0,6.534746,1.0,4.2394,156.007884,16.346026,12.209273,-390.848943,0.0
2015-08-04,sz.002714,133.806246,145.0741404,125.27484024,144.24916956,134.57085312,8690395.0,586644192.0,1.0,6.066534,1.0,7.192,167.227949,17.52163,13.087362,-418.958743,0.0
2015-08-05,sz.002714,144.872928,144.872928,133.16236632,134.79218676,144.24916956,7841356.0,541366464.0,1.0,5.473842,1.0,-6.556,156.264476,16.372911,12.229354,-391.491787,0.0
2015-08-06,sz.002714,128.53448112,135.79824876,125.13399156,126.80405448,134.79218676,5579069.0,359780736.0,1.0,3.8946,1.0,-5.9263,147.003841,15.40261,11.504611,-368.290975,0.0
2015-08-07,sz.002714,130.10393784,132.800184,127.266843,130.4862414,126.80405448,6191742.0,398858752.0,1.0,4.322291,1.0,2.9038,151.272597,15.849877,11.838686,-378.985556,0.0
2015-08-10,sz.002714,133.76600352,137.81037276,125.27484024,136.58297712,130.4862414,9766193.0,636405168.0,1.0,6.81752,1.0,4.6723,158.340538,16.590434,12.391828,-396.692976,0.0
2015-08-11,sz.002714,136.6232196,139.2389808,130.78806,131.65327332,136.58297712,8093533.0,540831616.0,1.0,5.64988,1.0,-3.6093,152.625536,15.991634,11.944568,-382.375095,0.0
2015-08-12,sz.002714,126.40162968,128.9771484,122.67920028,122.86029144,131.65327332,7406203.0,461902512.0,1.0,5.170074,1.0,-6.6789,142.431839,14.92357,11.146803,-356.83667,0.0
2015-08-13,sz.002714,122.17616928,128.0716926,119.54028684,126.3613872,122.86029144,6006214.0,372322176.0,1.0,4.192778,1.0,2.8497,146.490657,15.34884,11.464449,-367.005288,0.0
2015-08-14,sz.002714,126.48211464,127.5686616,121.230471,122.75968524,126.3613872,4724898.0,289965184.0,1.0,3.298326,1.0,-2.8503,142.315207,14.911349,11.137675,-356.544468,0.0
2015-08-17,sz.002714,120.20428776,132.9007902,115.71725124,131.9953344,122.75968524,9505981.0,598061488.0,1.0,6.635873,1.0,7.5234,153.022088,16.033183,11.975603,-383.368581,0.0
2015-08-18,sz.002714,131.93497068,132.800184,118.79580096,120.76768248,131.9953344,7439056.0,467448096.0,1.0,5.193007,1.0,-8.5061,140.005879,14.669385,10.956946,-350.758875,0.0
2015-08-19,sz.002714,116.3007672,128.13205632,115.8983424,126.8644182,120.76768248,6880828.0,424375264.0,1.0,4.803323,1.0,5.0483,147.07382,15.409942,11.510087,-368.466296,0.0
2015-08-20,sz.002714,127.0656306,127.93084392,119.6207718,120.30489396,126.8644182,4225606.0,258970897.0,1.0,2.949783,1.0,-5.1705,139.469369,14.613171,10.914958,-349.414748,0.0
2015-08-21,sz.002714,118.3128912,119.5201656,108.27239244,108.27239244,120.30489396,7687730.0,432371696.0,1.0,5.3666,1.0,-10.0017,125.5201,13.15161,9.82328,-314.467429,0.0
2015-08-24,sz.002714,100.6062,106.5419658,97.44716532,97.44716532,108.27239244,5540227.0,277155600.0,1.0,3.867485,1.0,-9.9981,112.970422,11.836693,8.841135,-283.02653,0.0
2015-08-25,sz.002714,91.41079332,101.612262,88.533456,89.1370932,97.44716532,7872031.0,359705248.0,1.0,5.495256,1.0,-8.5278,103.336562,10.827287,8.087183,-258.890673,0.0
2015-08-26,sz.002714,89.7407304,97.36668036,89.539518,93.563766,89.1370932,6417582.0,297720880.0,1.0,4.479944,1.0,4.9661,108.4684,11.364985,8.488804,-271.747546,0.0
2015-08-27,sz.002714,96.36061836,100.56595752,90.54558,99.2983194,93.563766,6431863.0,308720624.0,1.0,4.489913,1.0,6.129,115.116464,12.061549,9.009085,-288.403041,0.0
2015-08-28,sz.002714,100.8074124,106.11941976,97.1855892,105.19384272,99.2983194,4053519.0,204719774.0,1.0,2.829654,1.0,5.9372,121.951139,12.777665,9.543971,-305.526058,0.0
2015-08-31,sz.002714,105.0328728,109.660758,98.7952884,102.2158992,105.19384272,3120833.0,161842317.0,1.0,2.178571,1.0,-2.8309,118.498812,12.415941,9.27379,-296.876889,0.0
2015-09-01,sz.002714,101.612262,102.0146868,91.99430928,92.01443052,102.2158992,3023040.0,144650122.0,1.0,2.110304,1.0,-9.9803,106.672257,11.176791,8.348236,-267.24764,0.0
2015-09-02,sz.002714,86.521332,95.7771024,86.3201196,88.6340622,92.01443052,1992064.0,90037115.0,1.0,1.390607,1.0,-3.6737,102.753399,10.766185,8.041544,-257.429664,0.0
2015-09-07,sz.002714,90.54558,94.569828,79.7807166,82.7989026,88.6340622,7836578.0,326434816.0,1.0,5.470507,1.0,-6.5834,95.988703,10.057401,7.512135,-240.481968,0.0
2015-09-08,sz.002714,81.10871844,89.68036668,80.32399008,88.65418344,82.7989026,4591297.0,192736859.0,1.0,3.205062,1.0,7.0717,102.776725,10.768629,8.04337,-257.488105,0.0
2015-09-09,sz.002714,91.1492172,97.52765028,89.539518,93.563766,88.65418344,8033266.0,373070176.0,1.0,5.60781,1.0,5.5379,108.4684,11.364985,8.488804,-271.747546,0.0
2015-09-10,sz.002714,92.3564916,102.9201426,90.7467924,102.33662664,93.563766,5873891.0,291596720.0,1.0,4.100407,1.0,9.3763,118.638771,12.430605,9.284743,-297.227531,0.0
2015-09-11,sz.002714,101.612262,102.2158992,97.82946888,99.600138,102.33662664,4060189.0,201096537.0,1.0,2.83431,1.0,-2.674,115.466362,12.09821,9.036468,-289.279645,0.0
2015-09-14,sz.002714,100.4049876,100.64644248,89.6401242,89.6401242,99.600138,3030562.0,141683570.0,1.0,2.115555,1.0,-10.0,103.919726,10.888389,8.132822,-260.351681,0.0
2015-09-15,sz.002714,86.6219382,92.557704,83.72447964,87.88957632,89.6401242,3352857.0,147394935.0,1.0,2.34054,1.0,-1.9529,101.890317,10.675754,7.973999,-255.267372,0.0
2015-09-16,sz.002714,89.3383056,96.60207324,86.29999836,96.19964844,87.88957632,4074801.0,182582375.0,1.0,2.84451,1.0,9.4551,111.524177,11.68516,8.727951,-279.403229,0.0
2015-09-17,sz.002714,94.569828,100.12329024,91.551642,92.557704,96.19964844,3550270.0,170224385.0,1.0,2.478349,1.0,-3.7858,107.302074,11.242781,8.397526,-268.825529,0.0
2015-09-18,sz.002714,92.8595226,94.569828,87.3261816,90.20351892,92.557704,5393239.0,239320000.0,1.0,3.764877,1.0,-2.5435,104.572869,10.956823,8.183937,-261.98801,0.0
2015-09-21,sz.002714,88.17127368,91.73273316,86.48108952,90.9480048,90.20351892,5732418.0,251747711.0,1.0,4.001649,1.0,0.8253,105.435951,11.047254,8.251482,-264.150303,0.0
2015-09-22,sz.002714,91.1492172,95.49540504,88.55357724,91.7528544,90.9480048,4771326.0,219572430.0,1.0,3.330736,1.0,0.885,106.369012,11.145018,8.324504,-266.487916,0.0
2015-09-23,sz.002714,88.59381972,91.37055084,88.15115244,88.49321352,91.7528544,3060630.0,135843814.0,1.0,2.136545,1.0,-3.5526,102.590113,10.749076,8.028765,-257.020582,0.0
2015-09-24,sz.002714,88.55357724,91.00836852,87.99018252,88.9358808,88.49321352,2552600.0,113410099.0,1.0,1.781902,1.0,0.5002,103.103297,10.802846,8.068927,-258.306269,0.0
2015-09-25,sz.002714,89.036487,91.1492172,85.4146638,86.23963464,88.9358808,2608876.0,115031273.0,1.0,1.821187,1.0,-3.0317,99.977541,10.475339,7.824304,-250.475265,0.0
2015-09-28,sz.002714,86.1189072,87.527394,82.71841764,87.10484796,86.23963464,1928393.0,82234073.0,1.0,1.34616,1.0,1.0033,100.980582,10.580434,7.902802,-252.988199,0.0
2015-09-29,sz.002714,84.509208,92.1552792,84.509208,90.3443676,87.10484796,6154963.0,274658272.0,1.0,4.296616,1.0,3.7191,104.736154,10.973932,8.196716,-262.397093,0.0
2015-09-30,sz.002714,90.56570124,91.2498234,87.2255754,89.539518,90.3443676,3148209.0,140175709.0,1.0,2.197681,1.0,-0.8909,103.803093,10.876168,8.123694,-260.059479,0.0
2015-10-08,sz.002714,93.88570584,98.4934698,91.551642,98.4934698,89.539518,3734232.0,179434291.0,1.0,2.606768,1.0,10.0,114.183402,11.963785,8.936063,-286.065427,0.0
2015-10-09,sz.002714,102.5177178,106.30051092,100.62632124,103.66462848,98.4934698,5221925.0,269562624.0,1.0,3.645287,1.0,5.2503,120.178322,12.591915,9.405229,-301.084593,0.0
2015-10-12,sz.002714,106.642572,114.02706708,106.0389348,114.02706708,103.66462848,5751504.0,319919344.0,1.0,4.014972,1.0,9.9961,132.191489,13.850617,10.345387,-331.181364,0.0
2015-10-13,sz.002714,111.672882,116.05931232,109.78148544,112.4777316,114.02706708,4005974.0,224607512.0,1.0,2.796464,1.0,-1.3587,130.395346,13.662423,10.20482,-326.681458,0.0
2015-10-14,sz.002714,113.06124756,117.68913276,108.27239244,108.654696,112.4777316,3454301.0,192705037.0,1.0,2.411356,1.0,-3.3989,125.963304,13.198047,9.857965,-315.577795,0.0
2015-10-15,sz.002714,107.5480278,113.52403608,107.00475432,112.21615548,108.654696,3658968.0,202959778.0,1.0,2.554228,1.0,3.2778,130.092101,13.63065,10.181088,-325.921734,0.0
2015-10-16,sz.002714,113.685006,113.685006,106.68281448,110.60645628,112.21615548,4923287.0,268526016.0,1.0,3.436816,1.0,-1.4345,128.225978,13.435123,10.035044,-321.246507,0.0
2015-10-19,sz.002714,112.29664044,116.703192,105.17372148,106.5419658,110.60645628,9287742.0,507339104.0,1.0,6.483526,1.0,-3.6747,123.514017,12.941418,9.666283,-309.44156,0.0
2015-10-20,sz.002714,106.642572,108.09130128,103.2219612,108.09130128,106.5419658,5627262.0,296153120.0,1.0,3.928242,1.0,1.4542,125.310161,13.129613,9.80685,-313.941466,0.0
2015-10-21,sz.002714,109.21809072,109.21809072,97.2861954,97.2861954,108.09130128,7593510.0,383432608.0,1.0,5.300828,1.0,-9.9963,112.78381,11.81714,8.82653,-282.559007,0.0
2015-10-22,sz.002714,96.56183076,100.6062,94.58994924,100.18365396,97.2861954,5772460.0,281594000.0,1.0,4.029601,1.0,2.9783,116.142831,12.169088,9.089409,-290.974415,0.0
2015-10-23,sz.002714,100.9080186,104.630448,97.74898392,104.28838692,100.18365396,7380018.0,373977936.0,1.0,5.151795,1.0,4.0972,120.901445,12.667681,9.461821,-302.896243,0.0
2015-10-26,sz.002714,104.30850816,105.63651,99.4995318,100.86777612,104.28838692,7907040.0,400094512.0,1.0,5.519695,1.0,-3.28,68.059496,10.966502,8.642991,133.613687,0.0
2015-10-27,sz.002714,100.48547256,105.01275156,98.9965008,104.87190288,100.86777612,6636104.0,337502064.0,1.0,4.632488,1.0,3.9697,70.761239,11.401837,8.98609,138.917721,0.0
2015-10-28,sz.002714,104.61032676,107.7492402,101.612262,101.77323192,104.87190288,5657653.0,291063504.0,1.0,3.949457,1.0,-2.9547,68.670443,11.064944,8.720576,134.813091,0.0
2015-10-29,sz.002714,102.8195364,103.78535592,100.0025628,101.8134744,101.77323192,3380690.0,170732165.0,1.0,2.35997,1.0,0.0395,68.697596,11.06932,8.724024,134.866398,0.0
2015-10-30,sz.002714,100.84765488,102.59820276,98.65443972,100.5055938,101.8134744,2857088.0,143167638.0,1.0,1.994457,1.0,-1.2846,67.815117,10.927125,8.611957,133.133925,0.0
2015-11-02,sz.002714,98.594076,105.63651,96.60207324,102.618324,100.5055938,6050220.0,310965872.0,1.0,4.223498,1.0,2.1021,69.24066,11.156824,8.792989,135.932536,0.0
2015-11-03,sz.002714,102.618324,112.8801564,102.618324,109.82172792,102.618324,10147207.0,551181600.0,1.0,7.083496,1.0,7.0196,74.101083,11.93999,9.410222,145.474467,0.0
2015-11-04,sz.002714,109.84184916,114.4898556,106.80354192,112.49785284,109.82172792,8700954.0,477201040.0,1.0,6.073905,1.0,2.4368,75.90677,12.230942,9.63953,149.019374,0.0
2015-11-05,sz.002714,111.672882,112.678944,107.648634,108.5540898,112.49785284,6541152.0,356142352.0,1.0,4.566204,1.0,-3.5056,73.245757,11.80217,9.301603,143.7953,0.0
2015-11-06,sz.002714,108.654696,110.54609256,107.12548176,109.21809072,108.5540898,4987661.0,268832384.0,1.0,3.481754,1.0,0.6117,73.693785,11.874361,9.358499,144.674864,0.0
2015-11-09,sz.002714,108.27239244,109.660758,105.65663124,108.654696,109.21809072,8312528.0,440947056.0,1.0,5.802755,1.0,-0.5158,73.31364,11.813108,9.310224,143.928567,0.0
2015-11-10,sz.002714,107.22608796,108.59433228,104.85178164,105.85784364,108.654696,6481844.0,341276736.0,1.0,4.524803,1.0,-2.5741,71.426492,11.50903,9.070572,140.223739,0.0
2015-11-11,sz.002714,106.07917728,106.52184456,103.5237798,106.36087464,105.85784364,6370828.0,330822064.0,1.0,4.447306,1.0,0.4752,71.765907,11.56372,9.113674,140.890075,0.0
2015-11-12,sz.002714,106.4413596,113.64476352,103.98656832,112.4777316,106.36087464,12850319.0,692878432.0,1.0,8.970466,1.0,5.751,75.893194,12.228754,9.637806,148.992721,0.0
2015-11-13,sz.002714,109.7613642,111.0692448,105.99869232,106.60232952,112.4777316,8557936.0,463458976.0,1.0,5.974068,1.0,-5.2236,71.928827,11.589972,9.134364,141.209917,0.0
2015-11-16,sz.002714,102.63844524,105.5359038,102.63844524,105.2340852,106.60232952,4642849.0,241310323.0,1.0,3.24105,1.0,-1.2835,71.005618,11.441214,9.017124,139.397483,0.0
2015-11-17,sz.002714,106.642572,110.66682,104.46947808,104.630448,105.2340852,4881777.0,259579406.0,1.0,3.407839,1.0,-0.5736,70.59832,11.375585,8.965401,138.59788,0.0
2015-11-18,sz.002714,103.624386,106.9443906,102.63844524,103.06099128,104.630448,3202868.0,166160401.0,1.0,2.235837,1.0,-1.5,69.539345,11.204952,8.83092,136.518911,0.0
2015-11-19,sz.002714,103.04087004,105.63651,102.65856648,104.44935684,103.06099128,2588511.0,133779901.0,1.0,1.806971,1.0,1.3471,70.47613,11.355897,8.949884,138.357999,0.0
2015-11-20,sz.002714,104.9322666,105.2340852,102.0146868,102.94026384,104.44935684,5082668.0,259996588.0,1.0,3.548076,1.0,-1.4448,69.457885,11.191826,8.820575,136.358991,0.0
2015-11-23,sz.002714,102.94026384,107.2462092,102.0146868,105.97857108,102.94026384,6779834.0,354275008.0,1.0,4.732822,1.0,2.9515,71.507952,11.522156,9.080916,140.38366,0.0
2015-11-24,sz.002714,106.642572,116.58246456,106.642572,116.58246456,105.97857108,12768182.0,724013584.0,1.0,8.913129,1.0,10.0057,78.66282,12.675027,9.989525,154.430022,0.0
2015-11-25,sz.002714,118.9165284,127.72963152,116.9044044,122.15604804,116.58246456,13039041.0,788682992.0,1.0,9.102208,1.0,4.7808,82.423538,13.280996,10.467105,161.813024,0.0
2015-11-26,sz.002714,120.3250152,121.6328958,116.200161,116.48185836,122.15604804,6577617.0,386688880.0,1.0,4.59166,1.0,-4.645,78.594937,12.664089,9.980905,154.296755,0.0
2015-11-27,sz.002714,115.69713,115.69713,104.8316604,104.95238784,116.48185836,6877893.0,378847600.0,1.0,4.801274,1.0,-9.8981,70.815545,11.410587,8.992986,139.024335,0.0
2015-11-30,sz.002714,105.133479,111.672882,104.16765948,109.660758,104.95238784,9164555.0,492562192.0,1.0,6.397532,1.0,4.4862,73.99247,11.922489,9.396429,145.261239,0.0
2015-12-01,sz.002714,108.59433228,110.50585008,100.62632124,106.139541,109.660758,6191291.0,327957792.0,1.0,4.321976,1.0,-3.211,71.616565,11.539656,9.094709,140.596888,0.0
2015-12-02,sz.002714,106.0389348,107.38705788,100.8074124,103.44329484,106.139541,5794833.0,298018320.0,1.0,4.045219,1.0,-2.5403,69.7973,11.246516,8.863678,137.025327,0.0
2015-12-03,sz.002714,103.5237798,107.0449968,103.5237798,106.9443906,103.44329484,3651818.0,190751276.0,1.0,2.549237,1.0,3.3846,72.159629,11.627161,9.163674,141.663025,0.0
2015-12-04,sz.002714,106.2401472,110.66682,104.85178164,107.58827028,106.9443906,5396898.0,289036608.0,1.0,3.767431,1.0,0.6021,72.59408,11.697165,9.218846,142.515935,0.0
2015-12-07,sz.002714,106.642572,108.23214996,105.5359038,106.66269324,107.58827028,3861996.0,204791806.0,1.0,2.695957,1.0,-0.8603,71.969556,11.596534,9.139536,141.289877,0.0
2015-12-08,sz.002714,107.2462092,107.40717912,100.6062,101.35068588,106.66269324,7448391.0,378662544.0,1.0,5.199524,1.0,-4.9802,68.385334,11.019005,8.68437,134.253369,0.0
2015-12-09,sz.002714,100.58607876,101.2098372,96.9843768,97.8898326,101.35068588,6210105.0,305420032.0,1.0,4.335109,1.0,-3.4147,66.050159,10.642735,8.387822,129.668978,0.0
2015-12-10,sz.002714,97.084983,99.41904684,96.4813458,98.31237864,97.8898326,4738933.0,230870549.0,1.0,3.308123,1.0,0.4317,66.335267,10.688675,8.424028,130.2287,0.0
2015-12-11,sz.002714,98.2922574,98.2922574,91.33030836,94.12716072,98.31237864,8292029.0,386993888.0,1.0,5.788445,1.0,-4.2571,63.511335,10.233652,8.065412,124.684785,0.0
2015-12-14,sz.002714,91.9540668,93.7649784,90.36448884,93.74485716,94.12716072,7767682.0,353993632.0,1.0,5.422412,1.0,-0.4062,63.253379,10.192087,8.032654,124.178369,0.0
2015-12-15,sz.002714,94.1674032,96.70267944,92.9601288,93.88570584,93.74485716,7121193.0,335288000.0,1.0,4.971116,1.0,0.1502,63.348415,10.2074,8.044723,124.364944,0.0
2015-12-16,sz.002714,95.7771024,99.53977428,95.21370768,99.17759196,93.88570584,10151461.0,492965488.0,1.0,7.086465,1.0,5.6365,66.919061,10.782742,8.498165,131.374798,0.0
2015-12-17,sz.002714,99.1977132,100.8074124,97.60813524,100.103169,99.17759196,8992514.0,444524416.0,1.0,6.277435,1.0,0.9333,67.543585,10.883373,8.577475,132.600856,0.0
2015-12-18,sz.002714,100.6062,100.6062,97.60813524,97.95019632,100.103169,6137366.0,300535536.0,1.0,4.284332,1.0,-2.1508,66.090889,10.649298,8.392994,129.748938,0.0
2015-12-21,sz.002714,97.9904388,99.55989552,97.64837772,98.6946822,97.95019632,5505328.0,269527568.0,1.0,3.843123,1.0,0.7601,66.593223,10.73024,8.456786,130.735115,0.0
2015-12-22,sz.002714,98.7952884,99.55989552,98.03068128,98.93613708,98.6946822,4118046.0,202198830.0,1.0,2.874699,1.0,0.2446,66.756142,10.756491,8.477476,131.054957,0.0
2015-12-23,sz.002714,99.8013504,101.59214076,98.63431848,98.73492468,98.93613708,5277771.0,262356635.0,1.0,3.684272,1.0,-0.2034,66.620376,10.734615,8.460235,130.788422,0.0
2015-12-24,sz.002714,97.588014,97.588014,92.37661284,95.01249528,98.73492468,8121257.0,379172880.0,1.0,5.669234,1.0,-3.7701,68.462946,11.03151,8.694226,134.405735,0.0
2015-12-25,sz.002714,94.40885808,94.40885808,91.1492172,93.6643722,95.01249528,8486463.0,391076192.0,1.0,5.924174,1.0,-1.4189,67.491531,10.874985,8.570864,132.498666,0.0
2015-12-28,sz.002714,93.04061376,94.89176784,92.3564916,93.9661908,93.6643722,7579027.0,352058576.0,1.0,5.290717,1.0,0.3222,67.709012,10.910028,8.598482,132.925621,0.0
2015-12-29,sz.002714,92.98025004,93.563766,91.57176324,93.1613412,93.9661908,3995303.0,184135322.0,1.0,2.789015,1.0,-0.8565,67.129064,10.81658,8.524834,131.787072,0.0
2015-12-30,sz.002714,93.72473592,94.52958552,92.71867392,94.22776692,93.1613412,3895794.0,181767288.0,1.0,2.71955,1.0,1.1447,67.897496,10.940399,8.622418,133.29565,0.0
2015-12-31,sz.002714,94.38873684,95.73685992,93.9661908,94.71067668,94.22776692,4801350.0,226037401.0,1.0,3.351695,1.0,0.5125,68.245465,10.996467,8.666607,133.97878,0.0
2016-01-04,sz.002714,94.71067668,95.11310148,85.23357264,85.23357264,94.71067668,4850390.0,222650831.0,1.0,3.385928,1.0,-10.0064,61.416569,9.89612,7.799394,120.572362,0.0
2016-01-05,sz.002714,86.50121076,92.49734028,85.23357264,91.2498234,85.23357264,9223364.0,410930192.0,1.0,6.438585,1.0,7.0585,65.751685,10.594642,8.349918,129.083018,0.0
2016-01-06,sz.002714,92.71867392,99.58001676,92.71867392,96.50146704,91.2498234,12671556.0,608678400.0,1.0,8.845677,1.0,5.7552,69.535851,11.204389,8.830476,136.512052,0.0
2016-01-07,sz.002714,94.9722528,96.1795272,86.9237568,91.91382432,96.50146704,2685064.0,124632867.0,1.0,1.874372,1.0,-4.754,66.230143,10.671736,8.410678,130.022321,0.0
2016-01-08,sz.002714,96.581952,101.109231,91.91382432,101.109231,91.91382432,12871487.0,629682624.0,1.0,8.985243,1.0,10.0044,72.856057,11.739377,9.252114,143.030246,0.0
2016-01-11,sz.002714,101.99456556,111.23021472,99.64038048,102.37686912,101.109231,19067705.0,1001764800.0,1.0,13.310658,1.0,1.2537,73.769476,11.886557,9.368111,144.823461,0.0
2016-01-12,sz.002714,105.63651,107.20596672,96.21976968,100.08304776,102.37686912,12953691.0,653686192.0,1.0,9.042628,1.0,-2.2406,72.116622,11.620231,9.158212,141.578596,0.0
2016-01-13,sz.002714,100.08304776,100.38486636,90.08279148,90.54558,100.08304776,10911438.0,515790816.0,1.0,7.616985,1.0,-9.5296,65.24423,10.512875,8.285476,128.086787,0.0
2016-01-14,sz.002714,86.521332,93.1613412,84.58969296,91.7528544,90.54558,8299496.0,368679424.0,1.0,5.793658,1.0,1.3333,66.114153,10.653047,8.395949,129.794611,0.0
2016-01-15,sz.002714,90.78703488,91.61200572,82.57756896,85.29393636,91.7528544,8171206.0,351994784.0,1.0,5.704102,1.0,-7.0395,61.460065,9.903128,7.804918,120.657754,0.0
2016-01-18,sz.002714,82.0946592,87.2255754,80.48496,86.36036208,85.29393636,6232259.0,262051030.0,1.0,4.350574,1.0,1.2503,62.228497,10.026947,7.902503,122.166331,0.0
2016-01-19,sz.002714,86.19939216,92.67843144,84.509208,90.92788356,86.36036208,7284802.0,323766960.0,1.0,5.085327,1.0,5.2889,65.519706,10.557263,8.320459,128.627598,0.0
2016-01-20,sz.002714,90.54558,90.54558,85.63599744,87.2255754,90.92788356,6347062.0,277783456.0,1.0,4.430715,1.0,-4.0717,62.851942,10.127403,7.981675,123.390272,0.0
2016-01-21,sz.002714,84.6098142,86.56157448,81.994053,84.1067832,87.2255754,8749809.0,365848944.0,1.0,6.108009,1.0,-3.5755,60.60464,9.765293,7.696286,118.978394,0.0
2016-01-22,sz.002714,84.006177,87.24569664,82.95987252,86.74266564,84.1067832,5476915.0,231064351.0,1.0,3.823289,1.0,3.134,62.503973,10.071334,7.937486,122.707142,0.0
2016-01-25,sz.002714,89.01636576,91.51139952,87.1249692,88.95600204,86.74266564,6539976.0,291181328.0,1.0,4.565384,1.0,2.5516,64.098831,10.328316,8.140019,125.838153,0.0
2016-01-26,sz.002714,87.97006128,91.7528544,83.9055708,84.4086018,88.95600204,6429724.0,284192336.0,1.0,4.48842,1.0,-5.112,60.822121,9.800336,7.723904,119.40535,0.0
2016-01-27,sz.002714,85.51527,88.41272856,79.478898,87.14509044,84.4086018,6679133.0,275131584.0,1.0,4.662525,1.0,3.242,62.793947,10.118058,7.97431,123.276417,0.0
2016-01-28,sz.002714,85.7164824,88.49321352,81.491022,82.51720524,87.14509044,4022044.0,170127405.0,1.0,2.619798,1.0,-5.3106,59.459242,9.580733,7.55083,116.729759,0.0
2016-01-29,sz.002714,82.51720524,84.7104204,80.06241396,83.6037522,82.51720524,3900369.0,161029962.0,1.0,2.540543,1.0,1.3168,60.242173,9.706888,7.650256,118.2668,0.0
2016-02-01,sz.002714,83.503146,86.15914968,82.497084,84.85126908,83.6037522,3457053.0,144512822.0,1.0,2.251785,1.0,1.4922,61.141093,9.851732,7.764411,120.031552,0.0
2016-02-02,sz.002714,86.1189072,90.1431552,85.51527,89.29806312,84.85126908,4730628.0,204657623.0,1.0,3.081341,1.0,5.2407,64.34531,10.368031,8.17132,126.322036,0.0
2016-02-03,sz.002714,86.88351432,88.4328498,84.9116328,86.7225444,89.29806312,3141733.0,135035814.0,1.0,2.046398,1.0,-2.8842,62.489474,10.068998,7.935644,122.678679,0.0
2016-02-04,sz.002714,86.88351432,88.37248608,86.6219382,87.527394,86.7225444,2880037.0,125561558.0,1.0,1.87594,1.0,0.9281,63.069423,10.162446,8.009293,123.817228,0.0
2016-02-05,sz.002714,87.54751524,88.25175864,84.1067832,85.29393636,87.527394,3184417.0,135577024.0,1.0,2.074201,1.0,-2.5517,61.460065,9.903128,7.804918,120.657754,0.0
2016-02-15,sz.002714,81.491022,87.88957632,81.491022,87.04448424,85.29393636,2678818.0,113159735.0,1.0,1.744874,1.0,2.0524,62.721453,10.106377,7.965104,123.134098,0.0
2016-02-16,sz.002714,87.08472672,92.73879516,87.08472672,90.22364016,87.04448424,5240195.0,235854816.0,1.0,3.413252,1.0,3.6523,65.012251,10.475496,8.256016,127.631368,0.0
2016-02-17,sz.002714,91.18945968,92.94000756,89.76085164,91.551642,90.22364016,3830510.0,174906016.0,1.0,2.49504,1.0,1.4719,65.969166,10.629685,8.377536,129.509974,0.0
2016-02-18,sz.002714,92.9601288,95.13322272,91.69249068,92.47721904,91.551642,4554212.0,210907101.0,1.0,2.96643,1.0,1.011,66.636107,10.73715,8.462232,130.819305,0.0
2016-02-19,sz.002714,92.47721904,94.3686156,91.59188448,93.54364476,92.47721904,3589406.0,166595091.0,1.0,2.337995,1.0,1.1532,67.404539,10.860968,8.559817,132.327883,0.0
2016-02-22,sz.002714,95.57589,96.581952,94.00643328,95.2740714,93.54364476,3838002.0,181519870.0,1.0,2.49992,1.0,1.8499,68.651429,11.061881,8.718162,134.775764,0.0
2016-02-23,sz.002714,94.65031296,97.52765028,94.61007048,97.12522548,95.2740714,4972750.0,237407907.0,1.0,3.239049,1.0,1.943,69.985311,11.276811,8.887554,137.394427,0.0
2016-02-24,sz.002714,97.1855892,105.61638876,97.10510424,103.2219612,97.12522548,9201679.0,465772176.0,1.0,5.993603,1.0,6.2772,74.378422,11.984678,9.445442,146.018938,0.0
2016-02-25,sz.002714,102.618324,107.648634,95.6764962,98.51359104,103.2219612,12109952.0,617165504.0,1.0,7.887935,1.0,-4.5614,42.470541,7.185141,8.42561,65.980218,0.0
2016-02-26,sz.002714,99.1977132,107.5480278,99.1977132,105.07311528,98.51359104,11044618.0,568493152.0,1.0,7.19402,1.0,6.6585,45.29844,7.663563,8.986629,70.373509,0.0
2016-02-29,sz.002714,105.67675248,113.2825812,97.4874078,108.77542344,105.07311528,12604753.0,671754864.0,1.0,8.210229,1.0,3.5236,46.894555,7.933593,9.303278,72.853158,0.0
2016-03-01,sz.002714,107.648634,115.2947052,105.07311528,113.36306616,108.77542344,7686454.0,429068640.0,1.0,5.006647,1.0,4.2175,48.87235,8.268195,9.695647,75.925766,0.0
2016-03-02,sz.002714,111.672882,118.212285,108.2522712,112.51797408,113.36306616,9742765.0,546079392.0,1.0,6.346045,1.0,-0.7455,48.50802,8.206558,9.623369,75.359759,0.0
2016-03-03,sz.002714,111.55215456,114.691068,107.99069508,109.5601518,112.51797408,8314517.0,457475936.0,1.0,5.415742,1.0,-2.6288,47.232862,7.990828,9.370394,73.378736,0.0
2016-03-04,sz.002714,108.4534836,115.83797868,108.4534836,114.2886432,109.5601518,11250078.0,633799104.0,1.0,7.327848,1.0,4.3159,49.271379,8.335703,9.774809,76.545678,0.0
2016-03-07,sz.002714,116.72331324,118.3128912,112.0753068,116.18003976,114.2886432,7689092.0,439670480.0,1.0,5.008365,1.0,1.6549,50.086786,8.473653,9.936575,77.812455,0.0
2016-03-08,sz.002714,116.46173712,116.46173712,107.4474216,109.47966684,116.18003976,7301922.0,399618416.0,1.0,4.756178,1.0,-5.7672,47.198164,7.984957,9.36351,73.32483,0.0
2016-03-09,sz.002714,106.62245076,107.36693664,101.612262,103.20183996,109.47966684,6266681.0,323720816.0,1.0,4.081864,1.0,-5.7342,44.491708,7.527081,8.826584,69.120208,0.0
2016-03-10,sz.002714,105.21396396,107.97057384,103.8255984,105.3346914,103.20183996,6130226.0,322006224.0,1.0,3.992983,1.0,2.0667,45.411209,7.682641,9.009001,70.548702,0.0
2016-03-11,sz.002714,104.81153916,107.7492402,102.618324,105.65663124,105.3346914,3146890.0,166095353.0,1.0,2.049758,1.0,0.3056,45.550002,7.706122,9.036536,70.764323,0.0
2016-03-14,sz.002714,106.46148084,111.65276076,105.9383286,111.00888108,105.65663124,5128266.0,276609808.0,1.0,3.340346,1.0,5.0657,47.857429,8.096491,9.4943,74.349033,0.0
2016-03-15,sz.002714,107.56814904,110.12354652,103.3225674,105.0328728,111.00888108,8482477.0,451538720.0,1.0,5.525144,1.0,-5.3834,45.281091,7.660628,8.983187,70.346556,0.0
2016-03-16,sz.002714,105.63651,106.36087464,100.92813984,102.9201426,105.0328728,4297165.0,219628037.0,1.0,2.799,1.0,-2.0115,44.370265,7.506535,8.802491,68.931539,0.0
2016-03-17,sz.002714,103.121355,105.63651,102.55796028,105.37493388,102.9201426,4055735.0,210878343.0,1.0,2.641743,1.0,2.3851,45.428558,7.685577,9.012443,70.575654,0.0
2016-03-18,sz.002714,106.4413596,109.23821196,105.63651,108.8559084,105.37493388,5508577.0,295761728.0,1.0,3.588065,1.0,3.3034,46.929254,7.939463,9.310162,72.907063,0.0
2016-03-21,sz.002714,110.98875984,117.48792036,110.98875984,116.11967604,108.8559084,7850018.0,447568496.0,1.0,5.113186,1.0,6.6728,50.060762,8.46925,9.931413,77.772026,0.0
2016-03-22,sz.002714,114.12767328,124.83217296,112.90027764,119.56040808,116.11967604,8394277.0,505538704.0,1.0,5.467694,1.0,2.9631,51.544108,8.720202,10.22569,80.076482,0.0
2016-03-23,sz.002714,121.1298648,123.745626,116.3007672,120.0231966,119.56040808,6450896.0,386869072.0,1.0,4.201854,1.0,0.3871,51.743622,8.753955,10.265271,80.386439,0.0
2016-03-24,sz.002714,117.709254,126.74369076,117.6086478,122.0353206,120.0231966,7974862.0,491605344.0,1.0,5.194504,1.0,1.6764,52.611076,8.900711,10.437362,81.734074,0.0
2016-03-25,sz.002714,122.0353206,122.0353206,122.0353206,122.0353206,122.0353206,0.0,0.0,1.0,,0.0,0.0,52.611076,8.900711,10.437362,81.734074,0.0
2016-03-28,sz.002714,122.0353206,122.0353206,122.0353206,122.0353206,122.0353206,0.0,0.0,1.0,,0.0,0.0,52.611076,8.900711,10.437362,81.734074,0.0
2016-03-29,sz.002714,122.0353206,122.0353206,122.0353206,122.0353206,122.0353206,0.0,0.0,1.0,,0.0,0.0,52.611076,8.900711,10.437362,81.734074,0.0
2016-03-30,sz.002714,122.0353206,122.0353206,122.0353206,122.0353206,122.0353206,0.0,0.0,1.0,,0.0,0.0,52.611076,8.900711,10.437362,81.734074,0.0
2016-03-31,sz.002714,122.0353206,122.0353206,122.0353206,122.0353206,122.0353206,0.0,0.0,1.0,,0.0,0.0,52.611076,8.900711,10.437362,81.734074,0.0
2016-04-01,sz.002714,122.0353206,122.0353206,122.0353206,122.0353206,122.0353206,0.0,0.0,1.0,,0.0,0.0,52.611076,8.900711,10.437362,81.734074,0.0
2016-04-05,sz.002714,122.0353206,122.0353206,122.0353206,122.0353206,122.0353206,0.0,0.0,1.0,,0.0,0.0,52.611076,8.900711,10.437362,81.734074,0.0
2016-04-06,sz.002714,122.0353206,122.0353206,122.0353206,122.0353206,122.0353206,0.0,0.0,1.0,,0.0,0.0,52.611076,8.900711,10.437362,81.734074,0.0
2016-04-07,sz.002714,122.0353206,122.0353206,122.0353206,122.0353206,122.0353206,0.0,0.0,1.0,,0.0,0.0,52.611076,8.900711,10.437362,81.734074,0.0
2016-04-08,sz.002714,122.0353206,122.0353206,122.0353206,122.0353206,122.0353206,0.0,0.0,1.0,,0.0,0.0,52.611076,8.900711,10.437362,81.734074,0.0
2016-04-11,sz.002714,123.745626,128.3735112,115.69713,120.68719752,122.0353206,14965343.0,895156032.0,1.0,9.747822,1.0,-1.1047,52.029882,8.802385,10.322061,80.831158,0.0
2016-04-12,sz.002714,118.75555848,118.9165284,111.08936604,113.2825812,120.68719752,10563472.0,598822848.0,1.0,6.880621,1.0,-6.1354,48.837652,8.262325,9.688763,75.871861,0.0
2016-04-13,sz.002714,114.24840072,114.65082552,112.63870152,113.30270244,113.2825812,5935548.0,335431712.0,1.0,3.866177,1.0,0.0178,48.846327,8.263793,9.690484,75.885337,0.0
2016-04-14,sz.002714,114.2886432,114.2886432,108.87602964,112.31676168,113.30270244,9299085.0,511030304.0,1.0,6.05705,1.0,-0.8702,48.421274,8.191882,9.606159,75.224996,0.0
2016-04-15,sz.002714,112.2765192,112.65882276,109.90221288,112.59845904,112.31676168,6271862.0,346554240.0,1.0,4.085239,1.0,0.2508,48.542718,8.212428,9.630252,75.413665,0.0
2016-04-18,sz.002714,112.3771254,116.15991852,111.43142712,115.43555388,112.59845904,8673251.0,493788352.0,1.0,5.649407,1.0,2.5197,49.765828,8.419353,9.872902,77.31383,0.0
2016-04-19,sz.002714,116.4013734,119.5201656,115.69713,117.8098602,115.43555388,9745378.0,570316304.0,1.0,6.347747,1.0,2.0568,50.789423,8.592524,10.07597,78.90404,0.0
2016-04-20,sz.002714,120.72744,121.08962232,107.648634,108.27239244,117.8098602,16167069.0,904147152.0,1.0,10.530578,1.0,-8.0956,28.265101,7.149925,8.142435,129.523562,0.0
2016-04-21,sz.002714,107.648634,112.678944,105.2340852,109.17784824,108.27239244,9041383.0,491409008.0,1.0,5.889193,1.0,0.8363,28.501476,7.209718,8.210528,130.606736,0.0
2016-04-22,sz.002714,107.66875524,110.90827488,106.70293572,109.4595456,109.17784824,5957017.0,322754912.0,1.0,3.880161,1.0,0.258,28.575014,7.22832,8.231712,130.943723,0.0
2016-04-25,sz.002714,109.4595456,110.8680324,107.40717912,108.41324112,109.4595456,5041285.0,273254640.0,1.0,3.28369,1.0,-0.9559,28.301871,7.159226,8.153027,129.692055,0.0
2016-04-26,sz.002714,107.68887648,109.660758,107.68887648,109.41930312,108.41324112,3723336.0,200768474.0,1.0,2.425231,1.0,0.928,28.564509,7.225663,8.228686,130.895582,0.0
2016-04-27,sz.002714,109.51990932,111.169851,108.63457476,109.29857568,109.41930312,3713340.0,202573927.0,1.0,2.41872,1.0,-0.1103,28.532992,7.21769,8.219607,130.751159,0.0
2016-04-28,sz.002714,109.0571208,109.660758,105.55602504,107.30657292,109.29857568,4996859.0,264815466.0,1.0,3.254753,1.0,-1.8225,28.012969,7.086145,8.069802,128.368176,0.0
2016-04-29,sz.002714,106.38099588,109.11748452,105.77735868,107.76936144,107.30657292,4664274.0,248471331.0,1.0,3.03812,1.0,0.4313,28.133782,7.116706,8.104605,128.921798,0.0
2016-05-03,sz.002714,107.93033136,114.5904618,107.7492402,114.44961312,107.76936144,8594609.0,480018784.0,1.0,5.598182,1.0,6.1987,29.877699,7.557846,8.606982,136.913217,0.0
2016-05-04,sz.002714,114.4898556,115.69713,112.9807626,113.16185376,114.44961312,7364685.0,416955488.0,1.0,4.797059,1.0,-1.1252,29.541522,7.472807,8.510138,135.372702,0.0
2016-05-05,sz.002714,113.685006,114.3892494,112.2765192,113.96670336,113.16185376,4739435.0,267424527.0,1.0,3.087077,1.0,0.7112,29.751633,7.525957,8.570665,136.335524,0.0
2016-05-06,sz.002714,114.63070428,116.5019796,109.9625766,110.38512264,113.96670336,6794531.0,381298544.0,1.0,4.425684,1.0,-3.1427,28.816641,7.289442,8.301319,132.050968,0.0
2016-05-09,sz.002714,108.8559084,109.39918188,105.87796488,106.72305696,110.38512264,4079051.0,217405666.0,1.0,2.65693,1.0,-3.3175,27.860639,7.047612,8.02592,127.67013,0.0
2016-05-10,sz.002714,107.0449968,107.82972516,105.63651,106.9443906,106.72305696,4109396.0,217758461.0,1.0,2.676695,1.0,0.2074,27.918419,7.062228,8.042565,127.934906,0.0
2016-05-11,sz.002714,106.96451184,116.4013734,106.96451184,113.12161128,106.9443906,13753408.0,773281264.0,1.0,8.958416,1.0,5.7761,29.531017,7.47015,8.507112,135.324561,0.0
2016-05-12,sz.002714,110.64669876,114.2886432,109.74124296,114.24840072,113.12161128,6724856.0,372785680.0,1.0,4.380301,1.0,0.9961,29.825171,7.544559,8.59185,136.672511,0.0
2016-05-13,sz.002714,114.65082552,116.4013734,113.0813688,114.46973436,114.24840072,6775712.0,386583456.0,1.0,4.413426,1.0,0.1937,29.882952,7.559175,8.608495,136.937287,0.0
2016-05-16,sz.002714,114.50997684,119.3189532,113.64476352,118.49398236,114.46973436,9368872.0,544194848.0,1.0,6.102506,1.0,3.5156,30.933504,7.824922,8.911131,141.751395,0.0
2016-05-17,sz.002714,117.3068292,118.29276996,112.33688292,112.678944,118.49398236,9461994.0,539548496.0,1.0,6.163162,1.0,-4.9075,29.415456,7.440918,8.473822,134.795009,0.0
2016-05-18,sz.002714,110.78754744,110.9686386,107.00475432,108.7553022,112.678944,6529073.0,354321872.0,1.0,4.252775,1.0,-3.4821,28.391168,7.181814,8.178751,130.101255,0.0
2016-05-19,sz.002714,109.0571208,110.82778992,108.09130128,109.47966684,108.7553022,4245590.0,231525208.0,1.0,2.765406,1.0,0.6661,28.580267,7.229649,8.233226,130.967794,0.0
2016-05-20,sz.002714,108.2522712,110.30463768,107.08523928,108.93639336,109.47966684,4143690.0,223340294.0,1.0,2.699033,1.0,-0.4962,28.438443,7.193773,8.19237,130.317889,0.0
2016-05-23,sz.002714,109.01687832,110.62657752,108.41324112,110.62657752,108.93639336,5415809.0,294566704.0,1.0,3.52764,1.0,1.5515,28.879674,7.305387,8.319477,132.339815,0.0
2016-05-24,sz.002714,110.20403148,110.5662138,105.97857108,106.8437844,110.62657752,7030464.0,375589376.0,1.0,4.579361,1.0,-3.4194,27.892156,7.055584,8.034999,127.814554,0.0
2016-05-25,sz.002714,107.50778532,107.89008888,104.69081172,105.31457016,106.8437844,5701542.0,300550784.0,1.0,3.713755,1.0,-1.4313,27.492946,6.954601,7.919997,125.985193,0.0
2016-05-26,sz.002714,104.7310542,106.139541,100.92813984,103.24208244,105.31457016,5979877.0,304558112.0,1.0,3.895051,1.0,-1.9679,26.951911,6.817741,7.764139,123.505927,0.0
2016-05-27,sz.002714,103.56402228,105.09323652,103.08111252,104.26826568,103.24208244,3765893.0,195640679.0,1.0,2.452951,1.0,0.994,27.219802,6.885506,7.841311,124.733525,0.0
2016-05-30,sz.002714,103.68474972,104.20790196,100.82753364,101.37080712,104.26826568,3636727.0,183925045.0,1.0,2.368818,1.0,-2.7788,26.463405,6.694168,7.623413,121.267367,0.0
2016-05-31,sz.002714,101.8134744,105.01275156,101.8134744,104.81153916,101.37080712,7951190.0,409628848.0,1.0,5.179085,1.0,3.3942,27.361627,6.921382,7.882167,125.383429,0.0
2016-06-01,sz.002714,105.2340852,108.01081632,104.26826568,105.77735868,104.81153916,7864623.0,415414432.0,1.0,5.122699,1.0,0.9215,27.613759,6.985161,7.9548,126.538815,0.0
2016-06-02,sz.002714,105.8377224,106.38099588,103.66462848,104.99263032,105.77735868,6428258.0,334726576.0,1.0,4.187109,1.0,-0.7419,27.408902,6.933341,7.895786,125.600064,0.0
2016-06-03,sz.002714,105.39505512,107.93033136,103.78535592,107.56814904,104.99263032,9885320.0,523122064.0,1.0,6.4389,1.0,2.453,28.081255,7.103419,8.089473,128.681093,0.0
2016-06-06,sz.002714,108.151665,108.5540898,105.63651,106.78342068,107.56814904,5726746.0,304190432.0,1.0,3.730172,1.0,-0.7295,27.876397,7.051598,8.030459,127.742342,0.0
2016-06-07,sz.002714,106.82366316,107.16572424,104.2280232,105.01275156,106.78342068,7823563.0,408066480.0,1.0,5.095954,1.0,-1.6582,27.414154,6.93467,7.897299,125.624135,0.0
2016-06-08,sz.002714,105.0328728,105.63651,103.9262046,104.99263032,105.01275156,4989694.0,259670448.0,1.0,3.250086,1.0,-0.0192,27.408902,6.933341,7.895786,125.600064,0.0
2016-06-13,sz.002714,103.4231736,104.3286294,101.79335316,101.79335316,104.99263032,4629528.0,236919064.0,1.0,3.015488,1.0,-3.0471,26.573713,6.722072,7.65519,121.772849,0.0
2016-06-14,sz.002714,101.612262,102.19577796,100.64644248,101.43117084,101.79335316,3985077.0,200554623.0,1.0,2.595719,1.0,-0.3558,26.479163,6.698155,7.627953,121.339579,0.0
2016-06-15,sz.002714,100.103169,104.00668956,100.02268404,103.18171872,101.43117084,5244425.0,267255550.0,1.0,3.416007,1.0,1.7258,26.936153,6.813755,7.759599,123.433716,0.0
2016-06-16,sz.002714,103.98656832,106.01881356,102.63844524,103.04087004,103.18171872,7458137.0,387431216.0,1.0,4.85793,1.0,-0.1365,26.899384,6.804453,7.749007,123.265222,0.0
2016-06-17,sz.002714,103.14147624,104.630448,102.17565672,103.3225674,103.04087004,4867362.0,249865181.0,1.0,3.170404,1.0,0.2734,26.972923,6.823056,7.770192,123.602209,0.0
2016-06-20,sz.002714,103.90608336,104.30850816,101.8134744,102.9201426,103.3225674,3981840.0,203192652.0,1.0,2.59361,1.0,-0.3895,26.867867,6.796481,7.739928,123.120799,0.0
2016-06-21,sz.002714,103.121355,103.4231736,100.62632124,101.02874604,102.9201426,6241174.0,316582912.0,1.0,4.06525,1.0,-1.8377,26.374108,6.67158,7.597689,120.858168,0.0
2016-06-22,sz.002714,100.8074124,101.2098372,99.8013504,101.2098372,101.02874604,5020239.0,250860868.0,1.0,3.269982,1.0,0.1792,26.421383,6.683539,7.611308,121.074803,0.0
2016-06-23,sz.002714,101.75311068,101.75311068,97.97031756,99.05686452,101.2098372,7019395.0,346835296.0,1.0,4.572151,1.0,-2.1272,25.859337,6.541364,7.449397,118.499256,0.0
2016-06-24,sz.002714,99.21783444,99.27819816,92.59794648,97.588014,99.05686452,7816505.0,376206480.0,1.0,5.091357,1.0,-1.4828,25.475886,6.444366,7.338935,116.742106,0.0
2016-06-27,sz.002714,97.1855892,99.27819816,96.40086084,98.87577336,97.588014,4148977.0,202780136.0,1.0,2.702477,1.0,1.3196,25.812063,6.529405,7.435778,118.282621,0.0
2016-06-28,sz.002714,98.37274236,101.37080712,97.6886202,101.14947348,98.87577336,6663858.0,329722608.0,1.0,4.340569,1.0,2.2996,26.405624,6.679552,7.606768,121.002591,0.0
2016-06-29,sz.002714,101.16959472,101.39092836,100.22389644,100.48547256,101.14947348,4817409.0,240876616.0,1.0,3.137866,1.0,-0.6565,26.232283,6.635704,7.556833,120.208264,0.0
2016-06-30,sz.002714,100.6062,103.04087004,100.3043814,101.67262572,100.48547256,6052997.0,306519744.0,1.0,3.942678,1.0,1.1814,26.542196,6.714099,7.646111,121.628425,0.0
2016-07-01,sz.002714,104.26826568,105.47554008,103.2219612,103.624386,101.67262572,9800921.0,508555232.0,1.0,6.383925,1.0,1.9197,27.051714,6.842987,7.79289,123.963268,0.0
2016-07-04,sz.002714,104.630448,106.40111712,103.7249922,105.63651,103.624386,8813152.0,461873520.0,1.0,5.740532,1.0,1.9417,27.57699,6.97586,7.944208,126.370321,0.0
2016-07-05,sz.002714,105.97857108,107.22608796,104.2280232,105.59626752,105.63651,7193956.0,377144928.0,1.0,4.685853,1.0,-0.0381,27.566484,6.973203,7.941181,126.32218,0.0
2016-07-06,sz.002714,105.5359038,106.2401472,103.74511344,105.8377224,105.59626752,7637237.0,397837968.0,1.0,4.974588,1.0,0.2287,27.629518,6.989148,7.95934,126.611027,0.0
2016-07-07,sz.002714,106.26026844,111.0692448,106.2401472,108.8559084,105.8377224,15385750.0,839933728.0,1.0,10.021657,1.0,2.8517,28.417432,7.188458,8.186317,130.221607,0.0
2016-07-08,sz.002714,107.47852171,109.86873384,104.9262613,106.06059926,108.85593209,14823777.0,390700912.0,1.0,4.827805,1.0,-2.5679,27.503451,6.957258,7.923023,126.033334,0.0
2016-07-11,sz.002714,104.5211406,106.83032859,103.38680264,104.1160199,106.06059926,16714055.0,431716224.0,1.0,5.443431,1.0,-1.8335,26.999186,6.829699,7.777758,123.722562,0.0
2016-07-12,sz.002714,104.19704404,106.1416234,103.06270608,105.65547856,104.1160199,15658005.0,406340880.0,1.0,5.099497,1.0,1.4786,27.398396,6.930683,7.89276,125.551923,0.0
2016-07-13,sz.002714,106.74930445,109.7877097,105.93906305,107.92415448,105.65547856,18727841.0,499589744.0,1.0,6.09928,1.0,2.1472,27.986705,7.079502,8.062236,128.247823,0.0
2016-07-14,sz.002714,107.72159413,109.18002865,106.38469582,108.00517862,107.92415448,11507847.0,306056432.0,1.0,3.747874,1.0,0.0751,28.007716,7.084817,8.068289,128.344105,0.0
2016-07-15,sz.002714,108.9774683,111.0030718,108.24825104,109.34207693,108.00517862,15200790.0,410405760.0,1.0,4.950591,1.0,1.2378,28.354398,7.172513,8.168159,129.932761,0.0
2016-07-18,sz.002714,111.4081925,115.8645202,111.4081925,113.87942877,109.34207693,25268394.0,708111568.0,1.0,8.229407,1.0,4.1497,29.531017,7.47015,8.507112,135.324561,0.0
2016-07-19,sz.002714,113.75789256,113.75789256,110.63846317,113.55533221,113.87942877,16084553.0,444915904.0,1.0,5.238415,1.0,-0.2846,29.446972,7.44889,8.482901,134.939433,0.0
2016-07-20,sz.002714,113.433796,114.85171845,111.61075285,113.96045291,113.55533221,18248382.0,510901760.0,1.0,5.94313,1.0,0.3568,29.552028,7.475465,8.513164,135.420843,0.0
2016-07-21,sz.002714,116.63424953,119.06497373,114.04147705,114.12250119,113.96045291,42925793.0,1232207056.0,1.0,13.980065,1.0,0.1422,17.959654,6.33824,6.995018,765.242419,0.0
2016-07-22,sz.002714,113.8389167,113.8389167,109.01798037,109.62566142,114.12250119,25909072.0,708694112.0,1.0,8.438062,1.0,-3.9404,17.251978,6.088491,6.719389,735.089097,0.0
2016-07-25,sz.002714,109.382589,111.77280113,108.5723476,110.43590282,109.62566142,14744174.0,401200720.0,1.0,4.80188,1.0,0.7391,17.379487,6.133491,6.769052,740.522128,0.0
2016-07-26,sz.002714,110.92204766,111.36768043,110.07129419,110.75999938,110.43590282,11724460.0,319896848.0,1.0,3.81842,1.0,0.2935,17.430491,6.151491,6.788917,742.69534,0.0
2016-07-27,sz.002714,110.88153559,111.20563215,103.75141127,105.49343028,110.75999938,21931277.0,583084336.0,1.0,7.142575,1.0,-4.7549,16.601682,5.858991,6.466108,707.380639,0.0
2016-07-28,sz.002714,105.331382,106.42520789,104.15653197,106.10111133,105.49343028,13919955.0,362111808.0,1.0,4.533449,1.0,0.576,16.697314,5.892741,6.503356,711.455412,0.0
2016-07-29,sz.002714,107.15442515,109.66617349,105.61496649,109.26105279,106.10111133,18618375.0,495039552.0,1.0,6.063629,1.0,2.9782,17.194599,6.068241,6.697041,732.644233,0.0
2016-08-01,sz.002714,108.77490795,108.77490795,105.65547856,106.74930445,109.26105279,12637874.0,333158704.0,1.0,4.115901,1.0,-2.2988,16.799321,5.928741,6.543086,715.801837,0.0
2016-08-02,sz.002714,106.87084066,107.68108206,106.1416234,107.07340101,106.74930445,7309139.0,192811773.0,1.0,2.380439,1.0,0.3036,16.850325,5.946741,6.562951,717.975049,0.0
2016-08-03,sz.002714,106.5467441,106.74930445,104.03499576,105.41240614,107.07340101,12353997.0,321433760.0,1.0,4.023448,1.0,-1.5513,16.588931,5.854491,6.461142,706.837336,0.0
2016-08-04,sz.002714,105.45291821,106.10111133,105.04779751,105.41240614,105.41240614,7655148.0,199209501.0,1.0,2.493127,1.0,0.0,16.588931,5.854491,6.461142,706.837336,0.0
2016-08-05,sz.002714,105.93906305,108.36978725,105.16933372,107.96466655,105.41240614,15827441.0,419048976.0,1.0,5.154678,1.0,2.4212,16.990585,5.996241,6.61758,723.951383,0.0
2016-08-08,sz.002714,108.36978725,109.7877097,107.43800964,108.9774683,107.96466655,14296506.0,384062608.0,1.0,4.656084,1.0,0.9381,17.149971,6.052491,6.679659,730.742672,0.0
2016-08-09,sz.002714,108.61285967,109.30156486,107.72159413,108.65337174,108.9774683,10866332.0,290768960.0,1.0,3.538945,1.0,-0.2974,17.098967,6.034491,6.659794,728.56946,0.0
2016-08-10,sz.002714,108.69388381,109.58514935,107.80261827,107.92415448,108.65337174,10856923.0,291234576.0,1.0,3.535881,1.0,-0.6711,16.984209,5.993991,6.615097,723.679732,0.0
2016-08-11,sz.002714,108.00517862,108.00517862,105.57445442,105.7365027,107.92415448,9138048.0,240041884.0,1.0,2.976078,1.0,-2.027,16.639935,5.872491,6.481007,709.010548,0.0
2016-08-12,sz.002714,105.93906305,106.87084066,105.20984579,106.18213547,105.7365027,8239890.0,215711190.0,1.0,2.683566,1.0,0.4215,16.710065,5.897241,6.508322,711.998715,0.0
2016-08-15,sz.002714,106.26315961,108.85593209,105.53394235,107.72159413,106.18213547,14917707.0,394677904.0,1.0,4.858396,1.0,1.4498,16.952332,5.982741,6.602681,722.321474,0.0
2016-08-16,sz.002714,107.80261827,109.7877097,107.15442515,109.42310107,107.72159413,18348861.0,491178032.0,1.0,5.975854,1.0,1.5795,17.220101,6.077241,6.706973,733.730839,0.0
2016-08-17,sz.002714,109.70668556,111.32716836,108.45081139,110.5979511,109.42310107,17282445.0,470084400.0,1.0,5.628544,1.0,1.0737,17.404989,6.142491,6.778985,741.608734,0.0
2016-08-18,sz.002714,110.15231833,110.35487868,108.9774683,109.58514935,110.5979511,11251964.0,303995712.0,1.0,3.664538,1.0,-0.9158,17.245603,6.086241,6.716906,734.817445,0.0
2016-08-19,sz.002714,110.07129419,110.1928304,108.45081139,108.85593209,109.58514935,9018435.0,242272286.0,1.0,2.937122,1.0,-0.6654,17.130845,6.045741,6.672209,729.927717,0.0
2016-08-22,sz.002714,108.93695623,109.46361314,107.03288894,107.03288894,108.85593209,8755055.0,233037823.0,1.0,2.851345,1.0,-1.6747,16.843949,5.944491,6.560468,717.703398,0.0
2016-08-23,sz.002714,106.5467441,107.51903378,106.26315961,106.58725617,107.03288894,6378643.0,168214846.0,1.0,2.077395,1.0,-0.4164,16.773819,5.919741,6.533153,714.715231,0.0
2016-08-24,sz.002714,106.87084066,107.64056999,106.22264754,106.83032859,106.58725617,6158644.0,162438180.0,1.0,2.005746,1.0,0.2281,16.812072,5.933241,6.548052,716.34514,0.0
2016-08-25,sz.002714,106.87084066,106.91135273,105.41240614,106.38469582,106.83032859,6842477.0,179011288.0,1.0,2.228457,1.0,-0.4171,16.741942,5.908491,6.520738,713.356973,0.0
2016-08-26,sz.002714,107.15442515,107.15442515,106.1416234,106.62776824,106.38469582,5572027.0,146813951.0,1.0,1.814697,1.0,0.2285,16.780195,5.921991,6.535637,714.986882,0.0
2016-08-29,sz.002714,106.74930445,108.41029932,106.1416234,108.36978725,106.62776824,9688901.0,257513179.0,1.0,3.15548,1.0,1.6337,17.054339,6.018741,6.642412,726.667899,0.0
2016-08-30,sz.002714,108.36978725,109.22054072,108.20773897,108.41029932,108.36978725,9523417.0,255554001.0,1.0,3.101585,1.0,0.0374,17.060715,6.020991,6.644895,726.93955,0.0
2016-08-31,sz.002714,108.69388381,108.69388381,106.99237687,107.27596136,108.41029932,6461041.0,171244997.0,1.0,2.104231,1.0,-1.0463,16.882202,5.957991,6.575367,719.333307,0.0
2016-09-01,sz.002714,107.3569855,107.96466655,106.26315961,106.34418375,107.27596136,4968792.0,131185462.0,1.0,1.618235,1.0,-0.8686,16.735566,5.906241,6.518254,713.085321,0.0
2016-09-02,sz.002714,106.26315961,106.87084066,105.53394235,105.81752684,106.34418375,4942642.0,129343859.0,1.0,1.609719,1.0,-0.4952,16.652685,5.876991,6.485974,709.553851,0.0
2016-09-05,sz.002714,106.26315961,106.70879238,105.69599063,105.77701477,105.81752684,3990147.0,104426354.0,1.0,1.29951,1.0,-0.038286,16.64631,5.874741,6.48349,709.2822,0.0
2016-09-06,sz.002714,105.77701477,106.42520789,104.5211406,106.26315961,105.77701477,6288672.0,163890435.0,1.0,2.048094,1.0,0.45959,16.722815,5.901741,6.513288,712.542018,0.0
2016-09-07,sz.002714,106.34418375,106.5467441,105.57445442,105.7365027,106.26315961,6222058.0,162696600.0,1.0,2.026399,1.0,-0.495613,16.639935,5.872491,6.481007,709.010548,0.0
2016-09-08,sz.002714,105.7365027,105.81752684,104.84523716,105.65547856,105.7365027,6840601.0,177625278.0,1.0,2.227846,1.0,-0.07663,16.627184,5.867991,6.476041,708.467245,0.0
2016-09-09,sz.002714,105.37189407,105.49343028,104.76421302,104.88574923,105.65547856,4801924.0,124396414.0,1.0,1.56389,1.0,-0.72853,16.50605,5.825241,6.428861,703.305865,0.0
2016-09-12,sz.002714,103.3057785,103.38680264,100.4699336,101.11812672,104.88574923,10836597.0,272035424.0,1.0,3.529261,1.0,-3.592122,15.913133,5.615991,6.197929,678.042271,0.0
2016-09-13,sz.002714,101.280175,101.6852957,100.34839739,100.71300602,101.11812672,4630739.0,115163876.0,1.0,1.508138,1.0,-0.400635,15.849378,5.593491,6.173097,675.325756,0.0
2016-09-14,sz.002714,100.42942153,100.83454223,99.57866806,99.74071634,100.71300602,3869906.0,95542352.0,1.0,1.26035,1.0,-0.965405,15.696367,5.539492,6.113502,668.806118,0.0
2016-09-19,sz.002714,100.02430083,103.02219401,99.98378876,102.77912159,99.74071634,6787819.0,170141411.0,1.0,2.210656,1.0,3.046304,16.174526,5.708241,6.299738,689.179985,0.0
2016-09-20,sz.002714,103.06270608,103.10321815,101.15863879,101.280175,102.77912159,4467383.0,112048970.0,1.0,1.454937,1.0,-1.458419,15.938635,5.624991,6.207861,679.128877,0.0
2016-09-21,sz.002714,101.280175,102.00939226,100.8750543,101.07761465,101.280175,3066521.0,76690047.0,1.0,0.998704,1.0,-0.199997,15.906757,5.613741,6.195446,677.77062,0.0
2016-09-22,sz.002714,101.52324742,102.00939226,101.11812672,101.40171121,101.07761465,4540452.0,113812847.0,1.0,1.478734,1.0,0.320641,15.957761,5.631741,6.215311,679.943832,0.0
2016-09-23,sz.002714,101.64478363,101.64478363,100.10532497,100.30788532,101.40171121,4239565.0,105288921.0,1.0,1.380741,1.0,-1.078707,15.785624,5.570991,6.148266,672.60924,0.0
2016-09-26,sz.002714,100.34839739,100.34839739,97.43152835,97.43152835,100.30788532,5789185.0,140868270.0,1.0,1.885421,1.0,-2.867532,15.332967,5.411242,5.971963,653.32198,0.0
2016-09-27,sz.002714,97.30999214,98.07972147,97.06691972,97.79613698,97.43152835,3249591.0,78255297.0,1.0,1.058326,1.0,0.374221,15.390346,5.431492,5.994311,655.766844,0.0
2016-09-28,sz.002714,97.67460077,99.17354736,97.67460077,98.32279389,97.79613698,4534075.0,110051567.0,1.0,1.476657,1.0,0.53853,15.473227,5.460742,6.026592,659.298314,0.0
2016-09-29,sz.002714,98.40381803,98.64689045,97.91767319,98.28228182,98.32279389,3120806.0,75770400.0,1.0,1.016384,1.0,-0.041204,15.466851,5.458492,6.024109,659.026663,0.0
2016-09-30,sz.002714,98.36330596,99.17354736,97.83664905,98.97098701,98.28228182,3530278.0,85860401.0,1.0,1.14974,1.0,0.700742,15.575234,5.496742,6.066322,663.644739,0.0
2016-10-10,sz.002714,99.70020427,102.29297675,99.29508357,102.29297675,98.97098701,7298737.0,181821404.0,1.0,2.377051,1.0,3.356528,16.098021,5.681241,6.26994,685.920166,0.0
2016-10-11,sz.002714,101.88785605,103.14373022,101.280175,102.69809745,102.29297675,6789660.0,171724893.0,1.0,2.211255,1.0,0.396041,16.161776,5.703741,6.294771,688.636682,0.0
2016-10-12,sz.002714,102.4955371,102.4955371,100.63198188,101.280175,102.69809745,8345255.0,208501856.0,1.0,2.717881,1.0,-1.380672,15.938635,5.624991,6.207861,679.128877,0.0
2016-10-13,sz.002714,101.07761465,101.19915086,100.0648129,101.07761465,101.280175,6590322.0,163349907.0,1.0,2.146335,1.0,-0.199997,15.906757,5.613741,6.195446,677.77062,0.0
2016-10-14,sz.002714,100.83454223,101.60427156,100.18634911,101.36119914,101.07761465,6030151.0,150034311.0,1.0,1.963899,1.0,0.28056,15.951386,5.629491,6.212828,679.672181,0.0
2016-10-17,sz.002714,101.280175,101.84734398,100.34839739,100.55095774,101.36119914,5759670.0,143269154.0,1.0,1.875808,1.0,-0.799364,15.823876,5.584491,6.163165,674.239149,0.0
2016-10-18,sz.002714,100.55095774,102.69809745,100.55095774,102.57656124,100.55095774,8950899.0,224865251.0,1.0,2.915127,1.0,2.014504,16.142649,5.696991,6.287322,687.821727,0.0
2016-10-19,sz.002714,103.22475436,103.50833885,102.25246468,103.38680264,102.57656124,7875903.0,199829007.0,1.0,2.565023,1.0,0.789892,16.270158,5.741991,6.336985,693.254758,0.0
2016-10-20,sz.002714,103.3057785,103.3057785,101.92836812,102.17144054,103.38680264,9125920.0,230488621.0,1.0,2.972128,1.0,-1.175553,12.54149,5.110491,5.258997,75.132688,0.0
2016-10-21,sz.002714,102.33348882,102.98168194,100.79403016,101.32068707,102.17144054,7627040.0,191272576.0,1.0,2.483973,1.0,-0.832669,12.43706,5.067937,5.215207,74.507079,0.0
2016-10-24,sz.002714,101.48273535,102.41451296,101.32068707,101.96888019,101.32068707,6527458.0,164293323.0,1.0,2.125861,1.0,0.639744,12.516625,5.100359,5.248571,74.983733,0.0
2016-10-25,sz.002714,102.13092847,102.25246468,101.56375949,101.76631984,101.96888019,5448159.0,136911426.0,1.0,1.774356,1.0,-0.198646,12.491761,5.090227,5.238145,74.834779,0.0
2016-10-26,sz.002714,101.76631984,102.69809745,101.03710258,101.92836812,101.76631984,8102309.0,203852236.0,1.0,2.638759,1.0,0.159232,12.511653,5.098333,5.246486,74.953943,0.0
2016-10-27,sz.002714,101.88785605,101.88785605,100.71300602,101.11812672,101.92836812,5467726.0,136352678.0,1.0,1.780728,1.0,-0.794916,12.412196,5.057806,5.204781,74.358124,0.0
2016-10-28,sz.002714,101.23966293,101.60427156,100.51044567,100.51044567,101.11812672,4728307.0,117730492.0,1.0,1.539914,1.0,-0.60096,12.337603,5.02741,5.173502,73.911261,0.0
2016-10-31,sz.002714,100.63198188,100.71300602,99.29508357,100.0648129,100.51044567,4970381.0,122449368.0,1.0,1.618753,1.0,-0.443364,12.282902,5.00512,5.150564,73.58356,0.0
2016-11-01,sz.002714,99.86225255,100.99659051,99.86225255,100.71300602,100.0648129,4978361.0,123496810.0,1.0,1.621352,1.0,0.647773,12.362468,5.037542,5.183928,74.060215,0.0
2016-11-02,sz.002714,100.38890946,101.92836812,100.14583704,100.95607844,100.71300602,7586477.0,189937770.0,1.0,2.470763,1.0,0.241349,12.392305,5.0497,5.19644,74.238961,0.0
2016-11-03,sz.002714,100.51044567,101.92836812,100.51044567,101.19915086,100.95607844,8074072.0,202023480.0,1.0,2.629562,1.0,0.240768,12.422142,5.061858,5.208951,74.417706,0.0
2016-11-04,sz.002714,101.40171121,101.72580777,100.30788532,100.91556637,101.19915086,5890196.0,146572175.0,1.0,1.918318,1.0,-0.280223,12.387332,5.047674,5.194354,74.20917,0.0
2016-11-07,sz.002714,100.99659051,101.48273535,100.4699336,100.71300602,100.91556637,4860441.0,121087537.0,1.0,1.582948,1.0,-0.20072,12.362468,5.037542,5.183928,74.060215,0.0
2016-11-08,sz.002714,100.79403016,101.07761465,99.90276462,100.18634911,100.71300602,7983819.0,197807093.0,1.0,2.600169,1.0,-0.522933,12.297821,5.011199,5.15682,73.672933,0.0
2016-11-09,sz.002714,99.94327669,100.75351809,98.0392094,98.64689045,100.18634911,7951510.0,195139803.0,1.0,2.589647,1.0,-1.536592,12.108853,4.934197,5.07758,72.540878,0.0
2016-11-10,sz.002714,99.17354736,99.82174048,99.09252322,99.33559564,98.64689045,5331802.0,130789010.0,1.0,1.73646,1.0,0.698152,12.193391,4.968646,5.11303,73.047324,0.0
2016-11-11,sz.002714,99.29508357,101.07761465,98.97098701,100.79403016,99.33559564,10206392.0,252488782.0,1.0,3.324016,1.0,1.468184,12.372413,5.041595,5.188099,74.119797,0.0
2016-11-14,sz.002714,101.280175,103.06270608,100.75351809,102.45502503,100.79403016,14709361.0,371680352.0,1.0,4.790542,1.0,1.647917,12.576299,5.124676,5.273594,75.341224,0.0
2016-11-15,sz.002714,102.04990433,102.98168194,101.6852957,102.13092847,102.45502503,6901261.0,174267718.0,1.0,2.247602,1.0,-0.316338,12.536517,5.108465,5.256912,75.102897,0.0
2016-11-16,sz.002714,102.57656124,102.57656124,101.6852957,102.0904164,102.13092847,5970010.0,150270548.0,1.0,1.944312,1.0,-0.03966,12.531544,5.106438,5.254827,75.073106,0.0
2016-11-17,sz.002714,102.13092847,102.25246468,101.11812672,101.44222328,102.0904164,3954824.0,99071148.0,1.0,1.288006,1.0,-0.63492,12.451979,5.074016,5.221463,74.596452,0.0
2016-11-18,sz.002714,101.280175,101.84734398,100.79403016,100.8750543,101.44222328,6069693.0,151693236.0,1.0,1.976777,1.0,-0.559111,12.382359,5.045647,5.192269,74.179379,0.0
2016-11-21,sz.002714,101.23966293,101.80683191,100.83454223,100.95607844,100.8750543,4943453.0,123564841.0,1.0,1.609983,1.0,0.080323,12.392305,5.0497,5.19644,74.238961,0.0
2016-11-22,sz.002714,100.95607844,101.52324742,100.22686118,100.99659051,100.95607844,5533186.0,137494930.0,1.0,1.802047,1.0,0.040129,12.397277,5.051726,5.198525,74.268752,0.0
2016-11-23,sz.002714,101.07761465,101.36119914,100.42942153,100.75351809,100.99659051,4594409.0,114319276.0,1.0,1.496306,1.0,-0.240672,12.36744,5.039568,5.186013,74.090006,0.0
2016-11-24,sz.002714,100.99659051,102.81963366,100.75351809,102.04990433,100.75351809,11143997.0,279918624.0,1.0,3.629375,1.0,1.28669,12.526571,5.104412,5.252741,75.043315,0.0
2016-11-25,sz.002714,102.04990433,102.04990433,99.45713185,100.8750543,102.04990433,8228079.0,204345238.0,1.0,2.679719,1.0,-1.151254,12.382359,5.045647,5.192269,74.179379,0.0
2016-11-28,sz.002714,101.23966293,103.10321815,100.34839739,102.00939226,100.8750543,11875109.0,298738720.0,1.0,3.867484,1.0,1.124501,12.521598,5.102386,5.250656,75.013524,0.0
2016-11-29,sz.002714,101.72580777,102.81963366,101.52324742,102.37400089,102.00939226,11199493.0,282893280.0,1.0,3.647449,1.0,0.357427,12.566354,5.120623,5.269423,75.281643,0.0
2016-11-30,sz.002714,102.21195261,102.57656124,101.280175,101.48273535,102.37400089,8277931.0,208026660.0,1.0,2.695955,1.0,-0.870602,12.456951,5.076043,5.223548,74.626243,0.0
2016-12-01,sz.002714,101.88785605,102.29297675,101.280175,101.76631984,101.48273535,6284273.0,157824241.0,1.0,2.046661,1.0,0.279448,12.491761,5.090227,5.238145,74.834779,0.0
2016-12-02,sz.002714,101.84734398,101.84734398,99.98378876,100.10532497,101.76631984,8131472.0,201746327.0,1.0,2.648256,1.0,-1.632173,12.287875,5.007146,5.152649,73.613351,0.0
2016-12-05,sz.002714,99.61918013,101.19915086,99.2545715,100.26737325,100.10532497,5316990.0,131984785.0,1.0,1.731636,1.0,0.161882,12.307766,5.015252,5.16099,73.732515,0.0
2016-12-06,sz.002714,100.34839739,100.95607844,100.34839739,100.59146981,100.26737325,3287499.0,81699639.0,1.0,1.070672,1.0,0.323232,12.347549,5.031463,5.177672,73.970842,0.0
2016-12-07,sz.002714,100.79403016,101.64478363,100.42942153,101.56375949,100.59146981,5390747.0,134838340.0,1.0,1.755658,1.0,0.966572,12.466897,5.080096,5.227718,74.685824,0.0
2016-12-08,sz.002714,101.84734398,102.29297675,101.36119914,102.00939226,101.56375949,8126497.0,204517700.0,1.0,2.646636,1.0,0.438774,12.521598,5.102386,5.250656,75.013524,0.0
2016-12-09,sz.002714,102.0904164,102.25246468,101.280175,101.72580777,102.00939226,7455970.0,187213668.0,1.0,2.428259,1.0,-0.277997,12.486788,5.088201,5.236059,74.804988,0.0
2016-12-12,sz.002714,101.6852957,101.84734398,99.61918013,99.74071634,101.72580777,8873876.0,219964252.0,1.0,2.890043,1.0,-1.951413,12.24312,4.988909,5.133882,73.345233,0.0
2016-12-13,sz.002714,100.14583704,100.99659051,98.8494508,100.75351809,99.74071634,4960988.0,122658374.0,1.0,1.615694,1.0,1.015435,12.36744,5.039568,5.186013,74.090006,0.0
2016-12-14,sz.002714,100.8750543,100.99659051,99.01149908,99.09252322,100.75351809,5192556.0,127880486.0,1.0,1.691111,1.0,-1.64858,12.163554,4.956487,5.100518,72.868579,0.0
2016-12-15,sz.002714,98.40381803,100.02430083,98.24176975,99.05201115,99.09252322,3778500.0,92552587.0,1.0,1.230581,1.0,-0.040876,12.158581,4.954461,5.098433,72.838788,0.0
2016-12-16,sz.002714,99.13303529,100.30788532,99.09252322,99.78122841,99.05201115,3434842.0,84513666.0,1.0,1.118659,1.0,0.73619,12.248092,4.990936,5.135967,73.375024,0.0
2016-12-19,sz.002714,99.61918013,100.18634911,99.21405943,99.2545715,99.78122841,4169238.0,102538225.0,1.0,1.357837,1.0,-0.527808,12.183446,4.964593,5.108859,72.987742,0.0
2016-12-20,sz.002714,99.2545715,99.6596922,96.45923867,96.8238473,99.2545715,8958668.0,215366534.0,1.0,2.917658,1.0,-2.448981,11.885075,4.843011,4.983744,71.200287,0.0
2016-12-21,sz.002714,96.94538351,99.41661978,96.94538351,97.79613698,96.8238473,8402908.0,203658912.0,1.0,2.736658,1.0,1.004183,12.004423,4.891644,5.03379,71.915269,0.0
2016-12-22,sz.002714,97.79613698,98.0392094,96.70231109,97.43152835,97.79613698,5672065.0,136036995.0,1.0,1.847277,1.0,-0.372826,11.959668,4.873406,5.015023,71.647151,0.0
2016-12-23,sz.002714,97.228968,97.51255249,96.58077488,96.62128695,97.43152835,3276957.0,78348712.0,1.0,1.067239,1.0,-0.831596,11.860211,4.832879,4.973318,71.051333,0.0
2016-12-26,sz.002714,96.4187266,96.62128695,94.7982438,95.73002141,96.62128695,5017105.0,118039512.0,1.0,1.63397,1.0,-0.922437,11.750809,4.788299,4.927443,70.395933,0.0
2016-12-27,sz.002714,95.68950934,96.33770246,94.19056275,94.35261103,95.73002141,6517095.0,152887420.0,1.0,2.122486,1.0,-1.438841,11.581732,4.719403,4.856544,69.383041,0.0
2016-12-28,sz.002714,94.27158689,94.31209896,92.24598339,92.28649546,94.35261103,8649609.0,198120250.0,1.0,2.817003,1.0,-2.189782,11.328118,4.616058,4.750196,67.863705,0.0
2016-12-29,sz.002714,92.28649546,93.94749033,91.5572782,93.62339377,92.28649546,5561267.0,127771733.0,1.0,1.811193,1.0,1.448639,11.492221,4.682928,4.81901,68.846805,0.0
2016-12-30,sz.002714,92.85366444,94.75773173,92.81315237,94.31209896,93.62339377,4647767.0,108102223.0,1.0,1.513684,1.0,0.735613,11.57676,4.717376,4.854459,69.353251,0.0
2017-01-03,sz.002714,93.78544205,96.25667832,93.78544205,94.47414724,94.31209896,8499602.0,200119707.0,1.0,2.768149,1.0,0.171817,11.596651,4.725482,4.8628,69.472414,0.0
2017-01-04,sz.002714,94.7982438,96.21616625,94.55517138,96.0136059,94.47414724,6294416.0,148724941.0,1.0,2.049964,1.0,1.629507,11.785619,4.802484,4.942039,70.604469,0.0
2017-01-05,sz.002714,96.25667832,96.58077488,95.6084852,95.64899727,96.0136059,4706547.0,111638692.0,1.0,1.532827,1.0,-0.379748,11.740863,4.784246,4.923272,70.336351,0.0
2017-01-06,sz.002714,95.64899727,96.62128695,95.08182829,95.89206969,95.64899727,4913805.0,116121579.0,1.0,1.600327,1.0,0.254127,11.7707,4.796405,4.935784,70.515096,0.0
2017-01-09,sz.002714,95.89206969,96.21616625,94.43363517,95.00080415,95.89206969,2955173.0,69496686.0,1.0,0.96244,1.0,-0.929444,11.661298,4.751825,4.889908,69.859696,0.0
2017-01-10,sz.002714,95.44643692,96.62128695,95.2033645,96.54026281,95.00080415,5390298.0,127987948.0,1.0,1.755511,1.0,1.620466,11.850266,4.828826,4.969148,70.991751,0.0
2017-01-11,sz.002714,96.33770246,96.78333523,95.12234036,95.24387657,96.54026281,4552849.0,107668217.0,1.0,1.482771,1.0,-1.342844,11.691135,4.763983,4.90242,70.038442,0.0
2017-01-12,sz.002714,95.32490071,95.6084852,94.3931231,94.47414724,95.24387657,3848000.0,90334135.0,1.0,1.253216,1.0,-0.808169,11.596651,4.725482,4.8628,69.472414,0.0
2017-01-13,sz.002714,95.40592485,95.77053348,93.50185756,93.74492998,94.47414724,3950039.0,92218100.0,1.0,1.286448,1.0,-0.771871,11.50714,4.689007,4.825265,68.936178,0.0
2017-01-16,sz.002714,93.62339377,94.23107482,91.23318164,92.7726403,93.74492998,6020596.0,138773364.0,1.0,1.960787,1.0,-1.037164,11.387792,4.640375,4.775219,68.221196,0.0
2017-01-17,sz.002714,92.81315237,93.78544205,92.00291097,93.177761,92.7726403,3376160.0,77362848.0,1.0,1.099547,1.0,0.436683,11.43752,4.660638,4.796072,68.519105,0.0
2017-01-18,sz.002714,93.177761,95.52746106,92.93468858,94.59568345,93.177761,5545722.0,129468033.0,1.0,1.80613,1.0,1.521741,11.611569,4.731561,4.869056,69.561787,0.0
2017-01-19,sz.002714,94.63619552,95.93258176,94.3931231,95.52746106,94.59568345,4245895.0,100099446.0,1.0,1.382802,1.0,0.985009,11.725945,4.778167,4.917016,70.246978,0.0
2017-01-20,sz.002714,95.68950934,96.90487144,95.68950934,96.62128695,95.52746106,4487101.0,106864427.0,1.0,1.461358,1.0,1.14504,11.860211,4.832879,4.973318,71.051333,0.0
2017-01-23,sz.002714,96.58077488,97.18845593,95.73002141,96.21616625,96.62128695,4465586.0,106130487.0,1.0,1.454351,1.0,-0.419289,11.810483,4.812615,4.952466,70.753424,0.0
2017-01-24,sz.002714,96.4187266,98.48484217,96.05411797,97.95818526,96.21616625,8457797.0,203056446.0,1.0,2.754534,1.0,1.810528,12.024315,4.899749,5.042131,72.034433,0.0
2017-01-25,sz.002714,97.47204042,98.28228182,97.06691972,97.75562491,97.95818526,3268913.0,78881119.0,1.0,1.064619,1.0,-0.206787,11.999451,4.889617,5.031705,71.885478,0.0
2017-01-26,sz.002714,97.99869733,98.36330596,97.06691972,97.06691972,97.75562491,3686088.0,88866468.0,1.0,1.200485,1.0,-0.704518,11.914912,4.855169,4.996256,71.379033,0.0
2017-02-03,sz.002714,96.8238473,96.8238473,95.40592485,95.6084852,97.06691972,3524272.0,83375470.0,1.0,1.147784,1.0,-1.502499,11.73589,4.78222,4.921187,70.30656,0.0
2017-02-06,sz.002714,95.6084852,98.0392094,95.40592485,96.33770246,95.6084852,4947381.0,118185624.0,1.0,0.828689,1.0,0.762713,11.825401,4.818695,4.958721,70.842796,0.0
2017-02-07,sz.002714,96.62128695,97.228968,96.0136059,97.10743179,96.33770246,4281670.0,102218484.0,1.0,0.717182,1.0,0.798985,11.919885,4.857195,4.998341,71.408824,0.0
2017-02-08,sz.002714,97.02640765,97.02640765,95.93258176,96.4187266,97.10743179,4506111.0,107100958.0,1.0,0.754776,1.0,-0.70922,11.835347,4.822747,4.962892,70.902378,0.0
2017-02-09,sz.002714,96.4187266,96.94538351,96.13514211,96.66179902,96.4187266,4079193.0,97227482.0,1.0,0.683267,1.0,0.252107,11.865184,4.834905,4.975403,71.081124,0.0
2017-02-10,sz.002714,96.66179902,98.0392094,96.54026281,97.55306456,96.66179902,6066351.0,145994601.0,1.0,1.016117,1.0,0.922042,11.974586,4.879486,5.021279,71.736524,0.0
2017-02-13,sz.002714,97.55306456,99.05201115,97.06691972,99.05201115,97.55306456,7277545.0,176647514.0,1.0,1.218993,1.0,1.536548,12.158581,4.954461,5.098433,72.838788,0.0
2017-02-14,sz.002714,99.05201115,99.05201115,98.0392094,98.0392094,99.05201115,4572610.0,111065717.0,1.0,0.765915,1.0,-1.022495,12.03426,4.903802,5.046302,72.094015,0.0
2017-02-15,sz.002714,98.36330596,98.80893873,97.26948007,97.47204042,98.0392094,5038889.0,122065586.0,1.0,0.844017,1.0,-0.578518,11.964641,4.875433,5.017108,71.676942,0.0
2017-02-16,sz.002714,97.26948007,98.40381803,97.26948007,98.20125768,97.47204042,3234967.0,78253832.0,1.0,0.541859,1.0,0.748131,12.054152,4.911907,5.054643,72.213178,0.0
2017-02-17,sz.002714,98.32279389,98.68740252,97.71511284,98.32279389,98.20125768,3512147.0,85212819.0,1.0,0.588287,1.0,0.123765,12.06907,4.917986,5.060898,72.302551,0.0
2017-02-20,sz.002714,98.48484217,102.77912159,98.48484217,102.25246468,98.32279389,13780705.0,345454816.0,1.0,2.308276,1.0,3.996701,12.551435,5.114544,5.263168,75.19227,0.0
2017-02-21,sz.002714,102.17144054,107.3569855,101.72580777,106.74930445,102.25246468,19767988.0,517896128.0,1.0,3.311149,1.0,4.397784,13.10342,5.33947,5.49463,78.499061,0.0
2017-02-22,sz.002714,107.15442515,107.31647343,104.84523716,106.66828031,106.74930445,11595196.0,303958096.0,1.0,1.942202,1.0,-0.075903,13.093474,5.335418,5.49046,78.43948,0.0
2017-02-23,sz.002714,106.06059926,106.5467441,104.80472509,106.10111133,106.66828031,8391805.0,218862654.0,1.0,1.405632,1.0,-0.531711,13.023855,5.307048,5.461266,78.022407,0.0
2017-02-24,sz.002714,106.1416234,108.89644416,105.45291821,106.87084066,106.10111133,14743550.0,391481664.0,1.0,2.469553,1.0,0.725463,13.118338,5.345549,5.500886,78.588434,0.0
2017-02-27,sz.002714,106.87084066,107.68108206,104.44011646,104.56165267,106.87084066,9301054.0,243203233.0,1.0,1.557932,1.0,-2.160727,12.834887,5.230047,5.382027,76.890352,0.0
2017-02-28,sz.002714,105.41240614,106.5467441,104.1160199,105.65547856,104.56165267,5675141.0,147374860.0,1.0,0.950589,1.0,1.046108,11.611231,5.284758,4.809231,77.694707,0.0
2017-03-01,sz.002714,105.65547856,105.77701477,104.76421302,105.12882165,105.65547856,4425161.0,115101803.0,1.0,0.741217,1.0,-0.498463,11.553353,5.258416,4.785259,77.307425,0.0
2017-03-02,sz.002714,105.25035786,106.1416234,104.5211406,105.37189407,105.12882165,4039534.0,105071718.0,1.0,0.676624,1.0,0.231212,11.580065,5.270574,4.796323,77.48617,0.0
2017-03-03,sz.002714,105.29086993,105.29086993,103.46782678,104.39960439,105.37189407,5837980.0,150324124.0,1.0,0.977865,1.0,-0.922721,11.473214,5.221941,4.752066,76.771188,0.0
2017-03-06,sz.002714,104.15653197,105.97957512,104.15653197,105.69599063,104.39960439,6081478.0,158389191.0,1.0,1.018651,1.0,1.241753,11.615683,5.286785,4.811075,77.724498,0.0
2017-03-07,sz.002714,106.38469582,109.22054072,106.38469582,107.47852171,105.69599063,10272556.0,273206528.0,1.0,1.720659,1.0,1.686472,11.811578,5.375945,4.892212,79.035298,0.0
2017-03-08,sz.002714,106.99237687,107.88364241,105.25035786,105.7365027,107.47852171,7068269.0,185145662.0,1.0,1.183939,1.0,-1.620808,11.620135,5.288811,4.812919,77.754289,0.0
2017-03-09,sz.002714,105.12882165,106.5467441,104.96677337,106.18213547,105.7365027,5655812.0,147617853.0,1.0,0.947352,1.0,0.421451,11.669109,5.311101,4.833203,78.081989,0.0
2017-03-10,sz.002714,106.18213547,108.24825104,105.65547856,107.43800964,106.18213547,7687492.0,203788552.0,1.0,1.287659,1.0,1.18276,11.807126,5.373918,4.890368,79.005507,0.0
2017-03-13,sz.002714,107.27596136,108.5723476,106.02008719,107.7621062,107.43800964,8584599.0,228168679.0,1.0,1.437925,1.0,0.301659,11.842743,5.390129,4.905121,79.243834,0.0
2017-03-14,sz.002714,107.55954585,107.88364241,106.30367168,106.99237687,107.7621062,6720032.0,177732714.0,1.0,1.125609,1.0,-0.714288,11.758152,5.351628,4.870084,78.677807,0.0
2017-03-15,sz.002714,106.87084066,108.36978725,106.22264754,108.20773897,106.99237687,8240051.0,219315630.0,1.0,1.380213,1.0,1.135931,11.891717,5.412419,4.925405,79.571534,0.0
2017-03-16,sz.002714,108.04569069,110.51692696,108.04569069,110.11180626,108.20773897,13067369.0,353375984.0,1.0,2.188792,1.0,1.759645,12.100968,5.507658,5.012074,80.971707,0.0
2017-03-17,sz.002714,110.15231833,111.69177699,109.382589,110.11180626,110.11180626,11010369.0,301193120.0,1.0,1.844243,1.0,0.0,12.100968,5.507658,5.012074,80.971707,0.0
2017-03-20,sz.002714,109.62566142,114.12250119,109.58514935,113.23123565,110.11180626,10835655.0,301522400.0,1.0,1.814978,1.0,2.832967,12.443784,5.663689,5.154065,83.265608,0.0
2017-03-21,sz.002714,113.47430807,114.40608568,112.2184339,113.79840463,113.23123565,7823390.0,219000404.0,1.0,1.310422,1.0,0.500892,12.506115,5.692058,5.179881,83.682681,0.0
2017-03-22,sz.002714,113.79840463,117.20141851,113.23123565,116.10759262,113.79840463,12038046.0,344364896.0,1.0,2.01638,1.0,2.029191,12.759888,5.80756,5.284991,85.380763,0.0
2017-03-23,sz.002714,116.51271332,117.36346679,111.65126492,113.433796,116.10759262,9401914.0,265751970.0,1.0,1.574826,1.0,-2.302861,12.466045,5.67382,5.163285,83.414562,0.0
2017-03-24,sz.002714,113.433796,114.93274259,111.8133132,112.90713909,113.433796,9779263.0,273518736.0,1.0,1.638032,1.0,-0.464283,12.408167,5.647478,5.139312,83.027281,0.0
2017-03-27,sz.002714,112.94765116,116.18861676,112.46150632,113.15021151,112.90713909,10105238.0,285650512.0,1.0,1.692633,1.0,0.215283,12.43488,5.659636,5.150377,83.206026,0.0
2017-03-28,sz.002714,113.10969944,114.48710982,111.8133132,112.42099425,113.15021151,7462937.0,208007367.0,1.0,1.250046,1.0,-0.644469,12.354741,5.623161,5.117184,82.66979,0.0
2017-03-29,sz.002714,112.38048218,112.42099425,110.1928304,111.04358387,112.42099425,6986964.0,191465074.0,1.0,1.17032,1.0,-1.225226,12.203368,5.554265,5.054487,81.656898,0.0
2017-03-30,sz.002714,110.71948731,112.38048218,110.03078212,112.2184339,111.04358387,7693879.0,211521277.0,1.0,1.288729,1.0,1.058011,12.33248,5.613029,5.107964,82.520835,0.0
2017-03-31,sz.002714,114.32506154,115.29735122,109.58514935,110.1928304,112.2184339,9661232.0,265901211.0,1.0,1.618262,1.0,-1.805054,12.109872,5.511711,5.015762,81.031289,0.0
2017-04-05,sz.002714,110.1928304,111.77280113,108.65337174,110.92204766,110.1928304,7916234.0,216283767.0,1.0,1.325974,1.0,0.661759,12.190011,5.548186,5.048955,81.567526,0.0
2017-04-06,sz.002714,111.20563215,112.86662702,110.63846317,112.50201839,110.92204766,6333185.0,174936211.0,1.0,1.060812,1.0,1.424402,12.363645,5.627214,5.120872,82.729371,0.0
2017-04-07,sz.002714,112.6235546,112.78560288,111.04358387,111.44870457,112.50201839,5685698.0,156583827.0,1.0,0.952358,1.0,-0.936263,12.247889,5.574529,5.072927,81.954808,0.0
2017-04-10,sz.002714,111.97536148,112.09689769,107.39749757,108.08620276,111.44870457,10591764.0,285746656.0,1.0,1.774126,1.0,-3.017085,11.87836,5.40634,4.919873,79.482162,0.0
2017-04-11,sz.002714,107.72159413,109.382589,104.96677337,109.382589,108.08620276,11599046.0,307271680.0,1.0,1.942847,1.0,1.199399,12.020829,5.471184,4.978882,80.435471,0.0
2017-04-12,sz.002714,108.9774683,110.75999938,108.08620276,109.22054072,109.382589,6472720.0,175030583.0,1.0,1.084184,1.0,-0.148151,12.003021,5.463078,4.971506,80.316307,0.0
2017-04-13,sz.002714,109.42310107,110.15231833,107.96466655,108.53183553,109.22054072,3567947.0,95629275.0,1.0,0.597633,1.0,-0.630557,11.927334,5.42863,4.940157,79.809862,0.0
2017-04-14,sz.002714,108.53183553,109.82822177,108.53183553,109.58514935,108.53183553,4423893.0,119483021.0,1.0,0.741005,1.0,0.970505,12.04309,5.481316,4.988102,80.584426,0.0
2017-04-17,sz.002714,109.58514935,109.62566142,105.41240614,106.5467441,109.58514935,7573289.0,199683920.0,1.0,1.257834,1.0,-2.772643,11.709178,5.329338,4.8498,78.350107,0.0
2017-04-18,sz.002714,106.46571996,109.13951658,105.77701477,107.3569855,106.5467441,5252285.0,139954482.0,1.0,0.872343,1.0,0.760459,13.221628,6.017718,5.476238,88.470427,0.0
2017-04-19,sz.002714,106.74930445,109.01798037,106.1416234,107.84313034,107.3569855,5730197.0,152807932.0,1.0,0.951718,1.0,0.452833,13.2815,6.044968,5.501036,88.871048,0.0
2017-04-20,sz.002714,108.24825104,108.9774683,107.3569855,108.45081139,107.84313034,4167748.0,111155148.0,1.0,0.692214,1.0,0.563485,13.356339,6.079031,5.532034,89.371824,0.0
2017-04-21,sz.002714,108.77490795,111.89433734,108.49132346,111.20563215,108.45081139,8518144.0,232563571.0,1.0,1.414764,1.0,2.540158,13.695611,6.233447,5.672556,91.642008,0.0
2017-04-24,sz.002714,111.24614422,111.77280113,105.93906305,106.34418375,111.20563215,7736693.0,206414831.0,1.0,1.284974,1.0,-4.371587,13.096896,5.960947,5.424575,87.6358,0.0
2017-04-25,sz.002714,106.5467441,108.00517862,106.18213547,107.19493722,106.34418375,4279076.0,112952919.0,1.0,0.710704,1.0,0.799996,13.201671,6.008635,5.467972,88.336887,0.0
2017-04-26,sz.002714,108.24825104,115.82400813,108.24825104,113.47430807,107.19493722,16245436.0,447381344.0,1.0,2.698176,1.0,5.857903,12.319223,5.116871,4.871041,197.842736,0.0
2017-04-27,sz.002714,114.48710982,114.6491581,111.04358387,113.91994084,113.47430807,7807526.0,218030189.0,1.0,1.296738,1.0,0.392719,12.367603,5.136966,4.890171,198.619698,0.0
2017-04-28,sz.002714,113.91994084,114.52762189,112.33997011,113.0286753,113.91994084,5828495.0,163021071.0,1.0,0.968045,1.0,-0.782366,12.270844,5.096777,4.851912,197.065774,0.0
2017-05-02,sz.002714,112.29945804,114.60864603,112.05638562,113.10969944,113.0286753,6512607.0,182496256.0,1.0,1.081668,1.0,0.071686,12.27964,5.10043,4.85539,197.20704,0.0
2017-05-03,sz.002714,113.06918737,114.85171845,112.2184339,113.10969944,113.10969944,6684115.0,187881268.0,1.0,1.110153,1.0,0.0,12.27964,5.10043,4.85539,197.20704,0.0
2017-05-04,sz.002714,112.25894597,113.79840463,111.48921664,113.47430807,113.10969944,5516040.0,153314868.0,1.0,0.91615,1.0,0.32235,12.319223,5.116871,4.871041,197.842736,0.0
2017-05-05,sz.002714,113.23123565,114.16301326,112.17792183,112.58304253,113.47430807,5993315.0,167513792.0,1.0,0.995419,1.0,-0.785431,12.222464,5.076682,4.832782,196.288812,0.0
2017-05-08,sz.002714,111.44870457,111.44870457,102.13092847,102.41451296,112.58304253,16124585.0,421573456.0,1.0,2.678104,1.0,-9.032026,11.118528,4.618155,4.396284,178.559956,0.0
2017-05-09,sz.002714,102.9006578,106.83032859,100.4699336,106.06059926,102.41451296,9180832.0,234457193.0,1.0,1.524828,1.0,3.560125,11.514361,4.782567,4.552798,184.916916,0.0
2017-05-10,sz.002714,105.41240614,106.02008719,101.92836812,102.65758538,106.06059926,5353447.0,136945376.0,1.0,0.889145,1.0,-3.208557,11.144917,4.629115,4.406718,178.983753,0.0
2017-05-11,sz.002714,102.4955371,103.22475436,100.91556637,102.29297675,102.65758538,3552664.0,89477038.0,1.0,0.590056,1.0,-0.35517,11.105333,4.612674,4.391067,178.348057,0.0
2017-05-12,sz.002714,102.69809745,102.69809745,100.14583704,101.88785605,102.29297675,4920012.0,122974644.0,1.0,0.817156,1.0,-0.396041,11.061352,4.594406,4.373677,177.641728,0.0
2017-05-15,sz.002714,101.40171121,102.00939226,99.49764392,99.74071634,101.88785605,5399847.0,133618644.0,1.0,0.896851,1.0,-2.107351,10.82825,4.497586,4.281508,173.898185,0.0
2017-05-16,sz.002714,99.6596922,99.82174048,96.86435937,99.78122841,99.74071634,7198667.0,174143879.0,1.0,1.195614,1.0,0.040611,10.832648,4.499412,4.283247,173.968818,0.0
2017-05-17,sz.002714,99.78122841,102.0904164,99.05201115,101.15863879,99.78122841,6296177.0,156901333.0,1.0,1.045721,1.0,1.380431,10.982185,4.561524,4.342374,176.370336,0.0
2017-05-18,sz.002714,101.15863879,102.17144054,100.26737325,101.280175,101.15863879,3519939.0,88162025.0,1.0,0.584621,1.0,0.120147,10.99538,4.567004,4.347591,176.582235,0.0
2017-05-19,sz.002714,101.84734398,101.84734398,100.55095774,100.59146981,101.280175,2892466.0,72122053.0,1.0,0.480405,1.0,-0.68,10.920611,4.535948,4.318028,175.381476,0.0
2017-05-22,sz.002714,100.59146981,100.75351809,97.75562491,98.36330596,100.59146981,4885073.0,119287320.0,1.0,0.811353,1.0,-2.215059,10.678713,4.435474,4.222381,171.496666,0.0
2017-05-23,sz.002714,97.95818526,99.01149908,95.89206969,96.09463004,98.36330596,7687543.0,183676814.0,1.0,1.276811,1.0,-2.306431,10.432416,4.333174,4.124995,167.541224,0.0
2017-05-24,sz.002714,95.93258176,95.93258176,92.7726403,93.9880024,96.09463004,8136542.0,188858175.0,1.0,1.351384,1.0,-2.192237,10.203712,4.23818,4.034565,163.868314,0.0
2017-05-25,sz.002714,93.9880024,96.09463004,93.38032135,95.97309383,93.9880024,4798141.0,112108419.0,1.0,0.796915,1.0,2.112068,10.419222,4.327693,4.119777,167.329326,0.0
2017-05-26,sz.002714,94.87926794,98.24176975,94.87926794,97.55306456,95.97309383,5348141.0,128134328.0,1.0,0.888263,1.0,1.646262,10.59075,4.398938,4.1876,170.084008,0.0
2017-05-31,sz.002714,97.51255249,100.4699336,96.62128695,97.83664905,97.55306456,3913881.0,94225773.0,1.0,0.65005,1.0,0.290696,10.621537,4.411726,4.199773,170.578439,0.0
2017-06-01,sz.002714,97.95818526,97.95818526,95.97309383,96.25667832,97.83664905,2945399.0,70194036.0,1.0,0.489196,1.0,-1.614904,10.450009,4.340481,4.131951,167.823756,0.0
2017-06-02,sz.002714,95.97309383,96.98589558,95.6084852,96.0136059,96.25667832,2921456.0,69440750.0,1.0,0.48522,1.0,-0.252523,10.42362,4.32952,4.121517,167.399959,0.0
2017-06-05,sz.002714,96.37821453,98.24176975,96.05411797,97.91767319,96.0136059,3598649.0,86563151.0,1.0,0.597693,1.0,1.983119,10.630333,4.41538,4.203251,170.719705,0.0
2017-06-06,sz.002714,97.83664905,100.71300602,97.26948007,100.26737325,97.91767319,5507832.0,135618430.0,1.0,0.914786,1.0,2.399669,10.885426,4.521334,4.304115,174.816412,0.0
2017-06-07,sz.002714,100.26737325,103.06270608,99.6596922,102.13092847,100.26737325,6168678.0,155644899.0,1.0,1.024545,1.0,1.858582,11.087741,4.605367,4.384111,178.065525,0.0
2017-06-08,sz.002714,102.00939226,102.69809745,101.32068707,102.21195261,102.13092847,3008833.0,75723443.0,1.0,0.499732,1.0,0.079335,11.096537,4.609021,4.387589,178.206791,0.0
2017-06-09,sz.002714,102.13092847,104.72370095,102.13092847,103.67038713,102.21195261,6341844.0,162142478.0,1.0,1.053306,1.0,1.426875,11.254871,4.674785,4.450194,180.749575,0.0
2017-06-12,sz.002714,104.31858025,104.48062853,102.81963366,103.10321815,103.67038713,3903398.0,99665543.0,1.0,0.648309,1.0,-0.547086,11.193296,4.64921,4.425848,179.760715,0.0
2017-06-13,sz.002714,103.50833885,104.72370095,103.50833885,104.35909232,103.10321815,4083737.0,105106061.0,1.0,0.678261,1.0,1.218073,11.329639,4.705841,4.479758,181.950335,0.0
2017-06-14,sz.002714,104.72370095,106.1416234,103.3057785,105.53394235,104.35909232,5458639.0,141578508.0,1.0,0.906616,1.0,1.125773,11.457185,4.758818,4.53019,183.998689,0.0
2017-06-15,sz.002714,105.53394235,105.53394235,103.46782678,104.03499576,105.53394235,5649675.0,145612436.0,1.0,0.938345,1.0,-1.420341,11.294454,4.691227,4.465846,181.385271,0.0
2017-06-16,sz.002714,103.7108992,104.84523716,103.14373022,103.99448369,104.03499576,2864598.0,73395817.0,1.0,0.475776,1.0,-0.038942,11.290056,4.6894,4.464107,181.314639,0.0
2017-06-19,sz.002714,104.31858025,105.89855098,103.7108992,104.9262613,103.99448369,3391321.0,88043509.0,1.0,0.563259,1.0,0.895986,11.391213,4.731416,4.504105,182.939195,0.0
2017-06-20,sz.002714,104.96677337,106.9518648,104.56165267,106.70879238,104.9262613,4629966.0,121139469.0,1.0,0.768983,1.0,1.698844,11.584732,4.811796,4.580622,186.047042,0.0
2017-06-21,sz.002714,107.03288894,108.77490795,106.1416234,106.58725617,106.70879238,4854300.0,128823553.0,1.0,0.806242,1.0,-0.113898,11.571537,4.806315,4.575405,185.835144,0.0
2017-06-22,sz.002714,106.58725617,109.05849244,105.93906305,106.62776824,106.58725617,4816310.0,128209398.0,1.0,0.799933,1.0,0.038009,11.575936,4.808142,4.577144,185.905777,0.0
2017-06-23,sz.002714,106.62776824,108.5723476,106.10111133,106.91135273,106.62776824,4386438.0,115975731.0,1.0,0.728536,1.0,0.265956,11.606723,4.82093,4.589317,186.400207,0.0
2017-06-26,sz.002714,106.91135273,108.1672269,106.1416234,107.80261827,106.91135273,3095580.0,82079035.0,1.0,0.51414,1.0,0.833654,11.703482,4.861119,4.627576,187.954131,0.0
2017-06-27,sz.002714,108.08620276,108.08620276,106.46571996,106.50623203,107.80261827,3761185.0,99473138.0,1.0,0.624689,1.0,-1.202554,11.562741,4.802662,4.571927,185.693878,0.0
2017-06-28,sz.002714,106.50623203,107.7621062,105.16933372,105.57445442,106.50623203,3532370.0,92575524.0,1.0,0.586685,1.0,-0.874863,11.461584,4.760645,4.531929,184.069321,0.0
2017-06-29,sz.002714,105.57445442,107.72159413,105.57445442,106.9518648,105.57445442,3985172.0,105234167.0,1.0,0.66189,1.0,1.304682,11.611121,4.822756,4.591056,186.47084,0.0
2017-06-30,sz.002714,107.39749757,111.4081925,107.39749757,110.27385454,106.9518648,6372943.0,173371214.0,1.0,1.058471,1.0,3.10606,11.971769,4.972554,4.733657,192.262737,0.0
2017-07-03,sz.002714,110.35487868,110.51692696,108.1672269,109.50412521,110.27385454,7413848.0,199818381.0,1.0,1.231353,1.0,-0.698011,11.888204,4.937845,4.700616,190.920712,0.0
2017-07-04,sz.002714,109.58514935,113.35277186,109.54463728,112.29945804,109.50412521,9788320.0,270503712.0,1.0,1.625725,1.0,2.552714,12.191677,5.063894,4.820609,195.794382,0.0
2017-07-05,sz.002714,112.42099425,113.433796,111.73228906,112.38048218,112.29945804,5696011.0,157886423.0,1.0,0.946041,1.0,0.072152,12.200473,5.067548,4.824087,195.935648,0.0
2017-07-06,sz.002714,111.8133132,114.85171845,111.20563215,114.08198912,112.38048218,9075996.0,255241661.0,1.0,1.507416,1.0,1.514059,12.385196,5.144273,4.897127,198.902229,0.0
2017-07-07,sz.002714,114.2440374,116.22912883,113.91994084,115.82400813,114.08198912,8257122.0,235154809.0,1.0,1.371411,1.0,1.52699,12.574316,5.222826,4.971905,201.939444,0.0
2017-07-10,sz.002714,115.90503227,125.587417,115.8645202,120.80699274,115.82400813,19647162.0,586022928.0,1.0,3.263163,1.0,4.302202,13.115289,5.447523,5.185807,210.62729,0.0
2017-07-11,sz.002714,121.22172064,121.22172064,116.57689248,119.23108,120.80700384,10982612.0,315629872.0,1.0,1.824083,1.0,-1.304494,12.644686,5.252055,4.99973,203.06957,0.0
2017-07-12,sz.002714,117.9869296,121.9267392,117.3648544,120.14345696,119.23108,9464265.0,274046816.0,1.0,1.571903,1.0,0.765215,12.741446,5.292244,5.037989,204.623494,0.0
2017-07-13,sz.002714,119.0237216,121.7193808,118.85783488,121.7193808,120.14345696,7246317.0,210735075.0,1.0,1.203528,1.0,1.311705,12.908576,5.361663,5.104072,207.307544,0.0
2017-07-14,sz.002714,122.1340976,123.25383296,117.40632608,119.89462688,121.7193808,8652802.0,251053238.0,1.0,1.437129,1.0,-1.49915,12.715057,5.281284,5.027555,204.199696,0.0
2017-07-17,sz.002714,119.89462688,119.89462688,112.3882528,113.09327136,119.89462688,10901425.0,302696672.0,1.0,1.810599,1.0,-5.672776,11.99376,4.981688,4.742353,192.615902,0.0
2017-07-18,sz.002714,113.2176864,116.03776064,111.93206432,115.78893056,113.09327136,7459894.0,205200367.0,1.0,1.239001,1.0,2.38357,12.27964,5.10043,4.85539,197.20704,0.0
2017-07-19,sz.002714,115.83040224,118.52606144,114.58625184,117.3648544,115.78893056,8180202.0,231094756.0,1.0,1.358636,1.0,1.361028,12.44677,5.169849,4.921473,199.89109,0.0
2017-07-20,sz.002714,117.48926944,120.97289056,117.19896768,117.82104288,117.3648544,8329113.0,239086378.0,1.0,1.383368,1.0,0.388695,13.434884,3.612113,4.357895,35.065561,0.0
2017-07-21,sz.002714,117.9869296,119.35549504,117.90398624,119.0237216,117.82104288,6524060.0,186521907.0,1.0,1.08357,1.0,1.020771,13.572023,3.648984,4.402379,35.423499,0.0
2017-07-24,sz.002714,119.72874016,121.63643744,118.194288,120.8899472,119.0237216,7306334.0,212454269.0,1.0,1.213496,1.0,1.56794,13.784825,3.706198,4.471406,35.97892,0.0
2017-07-25,sz.002714,121.13877728,121.5120224,118.194288,118.44311808,120.8899472,6811491.0,195618880.0,1.0,1.131309,1.0,-2.024014,13.505818,3.631184,4.380904,35.250702,0.0
2017-07-26,sz.002714,118.52606144,119.0237216,114.2544784,115.2912704,118.44311808,8369793.0,232953320.0,1.0,1.390124,1.0,-2.661065,13.146419,3.534556,4.264325,34.312658,0.0
2017-07-27,sz.002714,116.07923232,116.07923232,114.29595008,115.37421376,115.2912704,5726886.0,158610178.0,1.0,0.951169,1.0,0.071944,13.155877,3.537099,4.267393,34.337343,0.0
2017-07-28,sz.002714,115.37421376,119.23108,115.083912,118.48458976,115.37421376,6872552.0,195432317.0,1.0,1.14145,1.0,2.695902,13.510547,3.632456,4.382438,35.263044,0.0
2017-07-31,sz.002714,118.52606144,118.6090048,116.16217568,117.9869296,118.48458976,7154216.0,201749567.0,1.0,1.188231,1.0,-0.420017,13.4538,3.617199,4.364031,35.114932,0.0
2017-08-01,sz.002714,117.86251456,117.90398624,113.05179968,114.04712,117.9869296,12805940.0,353075920.0,1.0,2.126916,1.0,-3.339194,13.004551,3.496414,4.218307,33.942377,0.0
2017-08-02,sz.002714,114.08859168,115.58157216,113.50798816,115.16685536,114.04712,5248954.0,145109846.0,1.0,0.87179,1.0,0.98182,13.132233,3.530742,4.259723,34.27563,0.0
2017-08-03,sz.002714,115.24979872,115.2912704,112.42972448,113.6324032,115.16685536,6253737.0,171212413.0,1.0,1.038672,1.0,-1.332376,12.957262,3.483699,4.202968,33.81895,0.0
2017-08-04,sz.002714,113.8397616,116.57689248,113.05179968,116.120704,113.6324032,6031105.0,167196245.0,1.0,1.001696,1.0,2.189782,13.240998,3.559985,4.295004,34.559511,0.0
2017-08-07,sz.002714,116.120704,123.04647456,115.2912704,121.0973056,116.120704,12875583.0,372712464.0,1.0,2.138483,1.0,4.285717,13.808469,3.712555,4.479075,36.040633,0.0
2017-08-08,sz.002714,121.88526752,133.20703616,119.60432512,133.20703616,121.0973056,28869024.0,897510256.0,1.0,4.794806,1.0,9.999993,15.189316,4.083811,4.926983,39.644697,0.0
2017-08-09,sz.002714,135.11473344,136.0271104,130.71873536,133.70469632,133.20703616,17749918.0,568157648.0,1.0,2.948053,1.0,0.373608,15.246063,4.099068,4.94539,39.792809,0.0
2017-08-10,sz.002714,132.2946592,132.9167344,127.7327744,130.96756544,133.70469632,13116806.0,411323744.0,1.0,2.178548,1.0,-2.047152,14.933954,4.015154,4.844151,38.978192,0.0
2017-08-11,sz.002714,129.14281152,135.44650688,127.77424608,133.91205472,130.96756544,16249699.0,519520832.0,1.0,2.698884,1.0,2.248261,15.269708,4.105425,4.95306,39.854522,0.0
2017-08-14,sz.002714,132.83379104,136.4418272,129.55752832,136.27594048,133.91205472,11011936.0,356164784.0,1.0,1.828953,1.0,1.765251,15.539257,4.177896,5.040494,40.558055,0.0
2017-08-15,sz.002714,135.6123936,136.19299712,132.2946592,134.3682432,136.27594048,7904854.0,255640716.0,1.0,1.312903,1.0,-1.399875,15.321726,4.119411,4.969933,39.990292,0.0
2017-08-16,sz.002714,133.16556448,135.23914848,130.80167872,132.95820608,134.3682432,7180517.0,229419860.0,1.0,1.1926,1.0,-1.049383,15.160943,4.076182,4.917779,39.570641,0.0
2017-08-17,sz.002714,134.28529984,134.45118656,131.4652256,132.9167344,132.95820608,5012755.0,160470070.0,1.0,0.83256,1.0,-0.031198,15.156214,4.074911,4.916245,39.558298,0.0
2017-08-18,sz.002714,132.00435744,134.03646976,130.2210752,131.58964064,132.9167344,4884071.0,155466059.0,1.0,0.811187,1.0,-0.998439,15.004888,4.034226,4.86716,39.163332,0.0
2017-08-21,sz.002714,131.672584,132.5020176,129.8063584,130.34549024,131.58964064,5015407.0,157845435.0,1.0,0.833,1.0,-0.945475,14.86302,3.996083,4.821142,38.793052,0.0
2017-08-22,sz.002714,131.4652256,142.99435264,130.71873536,139.96692,130.34549024,13980531.0,468114992.0,1.0,2.322002,1.0,7.381482,15.960131,4.291053,5.177013,41.656554,0.0
2017-08-23,sz.002714,139.26190144,142.16491904,136.48329888,139.09601472,139.96692,7342022.0,246485184.0,1.0,1.219424,1.0,-0.62222,15.860824,4.264353,5.144801,41.397358,0.0
2017-08-24,sz.002714,139.09601472,145.85589856,138.80571296,145.81442688,139.09601472,11021980.0,381626016.0,1.0,1.830622,1.0,4.83005,16.62691,4.470324,5.393298,43.396872,0.0
2017-08-25,sz.002714,144.9435216,150.1274816,142.16491904,148.01242592,145.81442688,10197228.0,360110848.0,1.0,1.69364,1.0,1.507391,16.877543,4.537709,5.474596,44.051034,0.0
2017-08-28,sz.002714,145.85589856,161.36630688,145.48265344,157.92415744,148.01242592,14496029.0,545140416.0,1.0,2.40762,1.0,6.696563,18.007757,4.841579,5.841205,47.000936,0.0
2017-08-29,sz.002714,155.9335168,159.54155296,153.77698944,153.98434784,157.92415744,7863980.0,296955616.0,1.0,1.306115,1.0,-2.49475,17.558509,4.720794,5.695482,45.828381,0.0
2017-08-30,sz.002714,154.482008,169.37034112,154.482008,169.16298272,153.98434784,15561243.0,619343008.0,1.0,2.58454,1.0,9.857258,19.289297,5.186135,6.2569,50.345803,0.0
2017-08-31,sz.002714,169.16298272,176.25464,165.2646448,173.22720736,169.16298272,9557109.0,393203264.0,1.0,1.587324,1.0,2.402549,19.752731,5.310734,6.407225,51.555385,0.0
2017-09-01,sz.002714,172.9369056,178.28675232,168.45796416,175.25931968,173.22720736,11339051.0,476855360.0,1.0,1.883283,1.0,1.173086,19.984449,5.373034,6.482388,52.160177,0.0
2017-09-04,sz.002714,176.17169664,176.25464,168.41649248,168.83120928,175.25931968,10559273.0,435570032.0,1.0,1.753771,1.0,-3.667769,19.251465,5.175963,6.244629,50.247061,0.0
2017-09-05,sz.002714,169.6191712,173.72486752,167.1308704,168.87268096,168.83120928,6995490.0,287835232.0,1.0,1.161869,1.0,0.024569,19.256194,5.177235,6.246163,50.259404,0.0
2017-09-06,sz.002714,171.11215168,172.77101888,168.20913408,170.4486048,168.87268096,5611341.0,230628609.0,1.0,0.931978,1.0,0.933195,19.435893,5.225549,6.304452,50.728426,0.0
2017-09-07,sz.002714,169.2044544,170.53154816,165.18170144,165.88672,170.4486048,8137088.0,327389200.0,1.0,1.351475,1.0,-2.676395,18.915711,5.085692,6.13572,49.370731,0.0
2017-09-08,sz.002714,166.96498368,167.960304,162.776344,167.7529456,165.88672,7185235.0,286673792.0,1.0,1.193383,1.0,1.125002,19.128513,5.142906,6.204747,49.926151,0.0
2017-09-11,sz.002714,165.59641824,173.10279232,165.18170144,166.55026688,167.7529456,7329343.0,298628256.0,1.0,1.217318,1.0,-0.716937,18.991374,5.106035,6.160263,49.568214,0.0
2017-09-12,sz.002714,165.80377664,167.1308704,158.8365344,160.32951488,166.55026688,9938028.0,386025312.56,1.0,1.65059,1.0,-3.73506,18.282035,4.915322,5.930173,47.716811,0.0
2017-09-13,sz.002714,161.65660864,164.6425696,160.53687328,162.52751392,160.32951488,5126605.0,201142669.91,1.0,0.851469,1.0,1.370923,18.532668,4.982707,6.011471,48.370973,0.0
2017-09-14,sz.002714,164.26932448,167.83588896,163.6057776,163.6057776,162.52751392,6285120.0,249663906.39,1.0,1.043885,1.0,0.66344,18.65562,5.015764,6.051354,48.691883,0.0
2017-09-15,sz.002714,163.48136256,165.4720032,160.0806848,163.31547584,163.6057776,3897988.0,153319346.14,1.0,0.64741,1.0,-0.177439,18.622518,5.006864,6.040616,48.605484,0.0
2017-09-18,sz.002714,163.27400416,165.80377664,161.28336352,163.02517408,163.31547584,5102723.0,200868167.79,1.0,0.847502,1.0,-0.177754,18.589415,4.997964,6.029879,48.519086,0.0
2017-09-19,sz.002714,163.06664576,165.2646448,159.665968,159.99774144,163.02517408,6084305.0,237170682.01,1.0,1.010532,1.0,-1.857033,18.244204,4.90515,5.917902,47.61807,0.0
2017-09-20,sz.002714,159.95626976,159.99774144,153.98434784,156.59706368,159.99774144,8171118.0,307182604.99,1.0,1.357127,1.0,-2.125463,17.856431,4.800894,5.792119,46.60597,0.0
2017-09-21,sz.002714,157.1776672,158.09004416,155.1040832,157.01178048,156.59706368,3001475.0,113260642.88,1.0,0.49851,1.0,0.264837,17.903721,4.813608,5.807459,46.729397,0.0
2017-09-22,sz.002714,156.88736544,156.88736544,152.28400896,152.57431072,157.01178048,5853257.0,217208871.87,1.0,0.972157,1.0,-2.826201,17.397725,4.677566,5.643328,45.40873,0.0
2017-09-25,sz.002714,152.03517888,157.592384,149.79570816,154.44053632,152.57431072,6255078.0,233710990.18,1.0,1.038895,1.0,1.223161,17.610527,4.73478,5.712355,45.96415,0.0
2017-09-26,sz.002714,154.81378144,158.0071008,151.82782048,152.57431072,154.44053632,4436346.0,165629054.82,1.0,0.736825,1.0,-1.20838,17.397725,4.677566,5.643328,45.40873,0.0
2017-09-27,sz.002714,153.40374432,155.43585664,151.49604704,153.32080096,152.57431072,3758677.0,138957582.4,1.0,0.624272,1.0,0.489264,17.482846,4.700451,5.670939,45.630898,0.0
2017-09-28,sz.002714,153.445216,153.90140448,149.79570816,150.29336832,153.32080096,4027319.0,147040417.47,1.0,0.66889,1.0,-1.974573,17.137634,4.607637,5.558962,44.729882,0.0
2017-09-29,sz.002714,151.28868864,153.8599328,150.83250016,153.73551776,150.29336832,4218491.0,154637099.99,1.0,0.700642,1.0,2.290282,17.530135,4.713165,5.686278,45.754325,0.0
2017-10-09,sz.002714,155.9335168,159.83185472,152.57431072,157.50944064,153.73551776,9025264.0,341209050.0,1.0,1.49899,1.0,2.454815,17.960468,4.828865,5.825866,46.877509,0.0
2017-10-10,sz.002714,157.3850256,165.72083328,157.09472384,165.51347488,157.50944064,9276533.0,364755341.29,1.0,1.540723,1.0,5.081623,18.873151,5.07425,6.121914,49.259646,0.0
2017-10-11,sz.002714,165.4720032,169.53622784,164.4352112,166.59173856,165.51347488,6852988.0,275248240.71,1.0,1.138201,1.0,0.651462,18.996103,5.107307,6.161796,49.580556,0.0
2017-10-12,sz.002714,167.3382288,167.3382288,163.27400416,164.47668288,166.59173856,3982616.0,158242122.68,1.0,0.661466,1.0,-1.2696,18.754928,5.042464,6.083566,48.951079,0.0
2017-10-13,sz.002714,163.3984192,163.6057776,159.29272288,159.8733264,164.47668288,7949033.0,307526601.9,1.0,1.320241,1.0,-2.798791,18.230017,4.901336,5.9133,47.581042,0.0
2017-10-16,sz.002714,159.95626976,163.52283424,159.2512512,160.74423168,159.8733264,6887290.0,268086230.52,1.0,1.143898,1.0,0.544745,18.329324,4.928036,5.945512,47.840238,0.0
2017-10-17,sz.002714,161.28336352,166.79909696,160.4954016,165.76230496,160.74423168,6711596.0,266731538.12,1.0,1.114717,1.0,3.121783,18.901524,5.081878,6.131118,49.333703,0.0
2017-10-18,sz.002714,161.739552,163.27400416,157.592384,160.0806848,165.76230496,8223958.0,317485785.33,1.0,1.365903,1.0,-3.427577,18.85048,4.59883,5.045384,94.375589,0.0
2017-10-19,sz.002714,159.4586096,165.2646448,158.09004416,162.61045728,160.0806848,6852095.0,269573232.78,1.0,1.138053,1.0,1.580312,19.148376,4.671506,5.125117,95.867017,0.0
2017-10-20,sz.002714,162.9837024,165.88672,160.32951488,164.51815456,162.61045728,5368627.0,212586600.17,1.0,0.891666,1.0,1.173168,19.373019,4.72631,5.185243,96.9917,0.0
2017-10-23,sz.002714,163.77166432,174.8031312,163.48136256,174.8031312,164.51815456,12036155.0,496633841.83,1.0,1.999064,1.0,6.251584,20.584138,5.021779,5.509403,103.055209,0.0
2017-10-24,sz.002714,174.181056,178.16233728,172.5221888,174.51282944,174.8031312,6509214.0,275039318.42,1.0,1.081104,1.0,-0.166073,20.549953,5.013439,5.500253,102.884062,0.0
2017-10-25,sz.002714,174.5957728,181.89478848,171.40245344,181.4386,174.51282944,8258945.0,354654745.06,1.0,1.371714,1.0,3.968627,21.365505,5.212404,5.718538,106.967151,0.0
2017-10-26,sz.002714,180.401808,187.8667104,178.82588416,179.365016,181.4386,8944912.0,395970303.63,1.0,1.485645,1.0,-1.142857,21.121327,5.152834,5.653183,105.744669,0.0
2017-10-27,sz.002714,179.94561952,186.04195648,177.0840736,184.9636928,179.365016,6920230.0,301988532.7,1.0,1.149369,1.0,3.121384,21.780606,5.313674,5.829641,109.04537,0.0
2017-10-30,sz.002714,184.9636928,189.9402944,181.93626016,185.83459808,184.9636928,7844075.0,353009833.27,1.0,1.302809,1.0,0.470859,21.88316,5.338693,5.85709,109.558812,0.0
2017-10-31,sz.002714,185.83459808,195.91221632,183.63659904,195.29014112,185.83459808,9855973.0,456099014.85,1.0,1.636961,1.0,5.088147,22.996608,5.610334,6.155107,115.133329,0.0
2017-11-01,sz.002714,194.916896,203.16976032,190.52089792,193.58980224,195.29014112,11531849.0,546561121.95,1.0,1.915305,1.0,-0.870673,22.796383,5.561486,6.101517,114.130894,0.0
2017-11-02,sz.002714,193.09214208,198.6493472,187.53493696,191.76504832,193.58980224,6943632.0,321665354.35,1.0,1.153256,1.0,-0.942585,22.581507,5.509064,6.044004,113.05511,0.0
2017-11-03,sz.002714,191.72357664,197.4051968,187.99112544,196.99048,191.76504832,7488544.0,349531481.26,1.0,1.243759,1.0,2.72491,23.196834,5.659182,6.208698,116.135764,0.0
2017-11-06,sz.002714,192.55301024,200.63998784,187.8667104,200.55704448,196.99048,11273997.0,526148117.65,1.0,1.872479,1.0,1.810528,23.616818,5.761643,6.321108,118.238432,0.0
2017-11-07,sz.002714,200.22527104,203.08681696,197.44666848,199.6861392,200.55704448,4885960.0,235847860.51,1.0,0.811501,1.0,-0.434241,23.514264,5.736623,6.293659,117.72499,0.0
2017-11-08,sz.002714,199.72761088,201.22059136,194.0874624,194.54365088,199.6861392,6651516.0,315019429.54,1.0,1.104739,1.0,-2.575289,22.908704,5.588889,6.13158,114.693235,0.0
2017-11-09,sz.002714,194.37776416,194.37776416,186.62256,188.86203072,194.54365088,7462321.0,339182947.42,1.0,1.239404,1.0,-2.920484,22.239659,5.425666,5.952508,111.343636,0.0
2017-11-10,sz.002714,189.89882272,198.6493472,188.696144,195.70485792,188.86203072,6925035.0,324448108.13,1.0,1.150167,1.0,3.623183,23.045444,5.622248,6.168178,115.377825,0.0
2017-11-13,sz.002714,196.07810304,199.02259232,190.02323776,192.76036864,195.70485792,7382956.0,344688276.13,1.0,1.226222,1.0,-1.504554,22.698712,5.537658,6.075375,113.641901,0.0
2017-11-14,sz.002714,192.88478368,201.67677984,191.72357664,200.39115776,192.76036864,8149568.0,390025882.77,1.0,1.353548,1.0,3.958692,23.597284,5.756877,6.31588,118.140634,0.0
2017-11-15,sz.002714,200.26674272,201.46942144,191.26738816,194.37776416,200.39115776,6236788.0,292906267.02,1.0,1.035857,1.0,-3.000829,22.88917,5.584123,6.126351,114.595437,0.0
2017-11-16,sz.002714,194.83395264,213.82798208,194.46070752,213.82798208,194.37776416,15114248.0,751738772.77,1.0,2.510299,1.0,10.00641,25.179552,6.142893,6.739379,126.062316,0.0
2017-11-17,sz.002714,215.652736,224.27884544,213.1644352,217.3116032,213.82798208,15588542.0,822838975.49,1.0,2.589074,1.0,1.62917,25.58977,6.242971,6.849174,128.116085,0.0
2017-11-20,sz.002714,216.77247136,230.12635232,211.9202848,227.2648064,217.3116032,9729155.0,523776494.52,1.0,1.615898,1.0,4.580148,26.761821,6.528909,7.162877,133.983997,0.0
2017-11-21,sz.002714,228.5089568,232.61465312,223.61529856,227.22333472,227.2648064,7851455.0,430632707.66,1.0,1.304035,1.0,-0.018245,26.756937,6.527717,7.16157,133.959547,0.0
2017-11-22,sz.002714,226.80861792,230.3751824,217.22865984,219.799904,227.22333472,8412372.0,450683120.2,1.0,1.397196,1.0,-3.267021,25.882783,6.314455,6.9276,129.583063,0.0
2017-11-23,sz.002714,221.873488,221.873488,207.39987168,211.0908512,219.799904,6587888.0,339769627.0,1.0,1.094171,1.0,-3.962261,24.857239,6.06426,6.65311,124.44864,0.0
2017-11-24,sz.002714,211.0908512,214.57447232,205.94836288,208.31224864,211.0908512,4652138.0,234649645.18,1.0,0.772666,1.0,-1.31631,24.530041,5.984436,6.565535,122.810514,0.0
2017-11-27,sz.002714,208.31224864,213.1644352,199.064064,200.100856,208.31224864,8049334.0,398714282.25,1.0,1.3369,1.0,-3.941866,23.563099,5.748537,6.30673,117.969487,0.0
2017-11-28,sz.002714,202.3817984,214.98918912,200.39115776,213.1644352,200.100856,7705587.0,386265846.85,1.0,1.279808,1.0,6.528501,25.101416,6.12383,6.718465,125.671121,0.0
2017-11-29,sz.002714,215.15507584,220.6293376,210.71760608,214.53300064,213.1644352,6100181.0,317492677.89,1.0,1.013168,1.0,0.642019,25.262573,6.163147,6.761599,126.477959,0.0
2017-11-30,sz.002714,215.07213248,216.39922624,193.09214208,194.7095376,214.53300064,11358638.0,548965396.05,1.0,1.886536,1.0,-9.240284,22.928239,5.593654,6.136808,114.791034,0.0
2017-12-01,sz.002714,193.83863232,200.68145952,191.93093504,195.20719776,194.7095376,6815919.0,323751683.46,1.0,1.132044,1.0,0.255589,22.986841,5.607951,6.152493,115.08443,0.0
2017-12-04,sz.002714,195.7463296,209.26609728,195.58044288,204.99451424,195.20719776,6747648.0,330239595.54,1.0,1.120705,1.0,5.013811,24.139358,5.889123,6.460967,120.854543,0.0
2017-12-05,sz.002714,205.65806112,210.80054944,201.137648,204.0406656,204.99451424,4007936.0,198774225.84,1.0,0.665671,1.0,-0.465303,24.027036,5.861721,6.430904,120.292202,0.0
2017-12-06,sz.002714,204.0406656,216.35775456,204.0406656,212.99854848,204.0406656,9527670.0,485906151.77,1.0,1.582434,1.0,4.390244,25.081882,6.119065,6.713237,125.573323,0.0
2017-12-07,sz.002714,211.58851136,211.87881312,205.78247616,209.18315392,212.99854848,5340050.0,268355450.07,1.0,0.88692,1.0,-1.791281,24.632595,6.009455,6.592984,123.323956,0.0
2017-12-08,sz.002714,210.34436096,220.71228096,210.30288928,220.09020576,209.18315392,10272369.0,535408436.57,1.0,1.70612,1.0,5.214118,25.916968,6.322795,6.93675,129.75421,0.0
2017-12-11,sz.002714,220.25609248,225.48152416,218.26545184,223.5323552,220.09020576,7775107.0,417107875.98,1.0,1.291354,1.0,1.563976,26.322302,6.421682,7.045239,131.78353,0.0
2017-12-12,sz.002714,222.66144992,222.66144992,218.51428192,220.46345088,223.5323552,5698854.0,302261205.85,1.0,0.946513,1.0,-1.372916,25.960919,6.333518,6.948514,129.974257,0.0
2017-12-13,sz.002714,219.75843232,224.65209056,218.68016864,221.0440544,220.46345088,4015614.0,213344676.54,1.0,0.666946,1.0,0.263355,26.029289,6.350198,6.966813,130.316552,0.0
2017-12-14,sz.002714,220.4219792,226.06212768,218.30692352,221.4587712,221.0440544,5091846.0,273694039.37,1.0,0.845696,1.0,0.187622,26.078124,6.362112,6.979884,130.561048,0.0
2017-12-15,sz.002714,221.4587712,224.40326048,217.72632,220.67080928,221.4587712,4252433.0,226664279.55,1.0,0.706279,1.0,-0.35581,25.985337,6.339475,6.955049,130.096505,0.0
2017-12-18,sz.002714,222.0808464,222.4955632,212.66677504,213.66209536,220.67080928,4897344.0,254731750.05,1.0,0.813391,1.0,-3.176092,25.160018,6.138127,6.73415,125.964517,0.0
2017-12-19,sz.002714,213.74503872,218.05809344,210.2614176,216.85541472,213.66209536,4682161.0,243138381.25,1.0,0.777652,1.0,1.494566,25.536051,6.229866,6.834796,127.847139,0.0
2017-12-20,sz.002714,217.3116032,227.43069312,215.652736,227.34774976,216.85541472,7833617.0,422636003.26,1.0,1.301072,1.0,4.838399,26.771588,6.531291,7.165491,134.032896,0.0
2017-12-21,sz.002714,226.4353728,229.25544704,221.873488,227.8868816,227.34774976,5689534.0,310142152.01,1.0,0.944965,1.0,0.237142,26.835074,6.54678,7.182484,134.350742,0.0
2017-12-22,sz.002714,226.06212768,229.25544704,222.4955632,226.6427312,227.8868816,4395996.0,238549884.27,1.0,0.730123,1.0,-0.545949,26.688567,6.511037,7.143271,133.617253,0.0
2017-12-25,sz.002714,227.6795232,233.85880352,222.32967648,222.37114816,226.6427312,7198057.0,395155939.83,1.0,1.195513,1.0,-1.884726,26.185562,6.388323,7.00864,131.09894,0.0
2017-12-26,sz.002714,221.16846944,225.3985808,216.0674528,224.40326048,222.37114816,4197342.0,223605440.49,1.0,0.697129,1.0,0.913841,26.424856,6.446702,7.072688,132.296972,0.0
2017-12-27,sz.002714,220.96111104,224.32031712,216.0674528,217.1042448,224.40326048,4951707.0,261156104.72,1.0,0.82242,1.0,-3.252637,25.565352,6.237014,6.842639,127.993837,0.0
2017-12-28,sz.002714,218.51428192,223.1176384,217.1042448,220.50492256,217.1042448,3598241.0,191756136.88,1.0,0.597626,1.0,1.56638,25.965803,6.334709,6.949821,129.998707,0.0
2017-12-29,sz.002714,221.62465792,223.90560032,216.10892448,219.21930048,220.50492256,3696114.0,195173195.12,1.0,0.613881,1.0,-0.583031,25.814413,6.297776,6.909301,129.240768,0.0
2018-01-02,sz.002714,219.799904,220.75375264,214.24269888,219.50960224,219.21930048,4814233.0,251978568.35,1.0,0.799588,1.0,0.132425,25.848598,6.306116,6.91845,129.411915,0.0
2018-01-03,sz.002714,216.60658464,221.2514128,216.60658464,218.38986688,219.50960224,5323613.0,280479921.87,1.0,0.88419,1.0,-0.510109,25.716742,6.273948,6.883159,128.751775,0.0
2018-01-04,sz.002714,218.38986688,218.38986688,214.8233024,218.18250848,218.38986688,5324397.0,277626084.65,1.0,0.88432,1.0,-0.094947,25.692325,6.267991,6.876623,128.629527,0.0
2018-01-05,sz.002714,218.1410368,226.6427312,216.56511296,223.24205344,218.18250848,6938804.0,374540146.67,1.0,1.152454,1.0,2.318953,26.288117,6.413342,7.036089,131.612383,0.0
2018-01-08,sz.002714,227.6795232,245.55381728,226.51831616,245.55381728,223.24205344,14331185.0,825862261.6,1.0,2.380242,1.0,9.994421,28.915464,7.054319,7.739306,144.766286,0.0
2018-01-09,sz.002714,248.83008,248.83008,241.1578192,247.21268448,245.55381728,10023863.0,593389753.94,1.0,1.664846,1.0,0.675564,29.110805,7.101975,7.79159,145.744271,0.0
2018-01-10,sz.002714,245.22204384,249.53509856,241.90430944,246.05147744,247.21268448,6223374.0,366459497.1,1.0,1.033629,1.0,-0.469718,28.974066,7.068616,7.754991,145.059682,0.0
2018-01-11,sz.002714,245.5123456,245.5123456,240.535744,243.35581824,246.05147744,4156685.0,243626048.2,1.0,0.690377,1.0,-1.09557,28.656636,6.991174,7.67003,143.470455,0.0
2018-01-12,sz.002714,241.82136608,248.2080048,241.7798944,244.51702528,243.35581824,5356111.0,316164159.12,1.0,0.889587,1.0,0.477162,28.793375,7.024534,7.706628,144.155045,0.0
2018-01-15,sz.002714,244.682912,247.04679776,235.26884064,236.5959344,244.51702528,6296516.0,363979894.19,1.0,1.045777,1.0,-3.239484,27.860618,6.796975,7.456973,139.485165,0.0
2018-01-16,sz.002714,237.09359456,260.19332032,237.09359456,255.8802656,236.5959344,9223700.0,558847691.27,1.0,1.531948,1.0,8.150747,30.131466,7.350979,8.064772,150.854245,0.0
2018-01-17,sz.002714,253.14313472,259.36388672,248.87155168,254.2213984,255.8802656,6789993.0,416835643.84,1.0,1.127738,1.0,-0.648301,29.936124,7.303323,8.012488,149.87626,0.0
2018-01-18,sz.002714,254.51170016,257.08294432,248.08358976,250.2815888,254.2213984,5225604.0,316887296.93,1.0,0.867912,1.0,-1.549757,29.472188,7.190139,7.888315,147.553544,0.0
2018-01-19,sz.002714,248.99596672,253.93109664,242.11166784,248.6227216,250.2815888,4428361.0,264386660.31,1.0,0.735499,1.0,-0.662797,29.276846,7.142483,7.836031,146.575559,0.0
2018-01-22,sz.002714,247.5859296,257.87090624,247.46151456,255.50702048,248.6227216,3739069.0,230047798.58,1.0,0.621015,1.0,2.768974,30.087514,7.340257,8.053008,150.634198,0.0
2018-01-23,sz.002714,254.6361152,260.77392384,254.55317184,258.03679296,255.50702048,4240709.0,263842394.64,1.0,0.704332,1.0,0.9901,30.38541,7.412932,8.132741,152.125626,0.0
2018-01-24,sz.002714,259.4053584,260.35920704,252.977248,255.83879392,258.03679296,2958898.0,182401027.6,1.0,0.491438,1.0,-0.85182,30.126582,7.349788,8.063465,150.829795,0.0
2018-01-25,sz.002714,255.050832,259.6127168,253.76520992,254.2213984,255.83879392,3045981.0,188084925.76,1.0,0.505902,1.0,-0.632192,29.936124,7.303323,8.012488,149.87626,0.0
2018-01-26,sz.002714,254.59464352,254.67758688,249.12038176,254.13845504,254.2213984,4367389.0,264931029.34,1.0,0.725372,1.0,-0.032627,29.926357,7.30094,8.009874,149.82736,0.0
2018-01-29,sz.002714,254.4287568,256.41939744,248.33241984,250.0742304,254.13845504,2967859.0,179801099.83,1.0,0.492927,1.0,-1.599216,29.44777,7.184182,7.881779,147.431296,0.0
2018-01-30,sz.002714,248.04211808,251.65015424,245.84411904,246.79796768,250.0742304,2839358.0,169877343.08,1.0,0.471584,1.0,-1.310118,29.06197,7.090061,7.778519,145.499775,0.0
2018-01-31,sz.002714,245.42940224,248.2080048,237.50831136,247.3785712,246.79796768,5845535.0,340377515.33,1.0,0.970875,1.0,0.23526,29.130339,7.106741,7.796818,145.84207,0.0
2018-02-01,sz.002714,246.63208096,246.63208096,222.66144992,225.1912224,247.3785712,11374829.0,630305697.59,1.0,1.889226,1.0,-8.968989,26.517643,6.469338,7.097522,132.761515,0.0
2018-02-02,sz.002714,222.82733664,230.167824,212.79119008,229.58722048,225.1912224,6986906.0,376541647.84,1.0,1.160443,1.0,1.95212,27.035299,6.595627,7.236074,135.353177,0.0
2018-02-05,sz.002714,229.37986208,234.43940704,215.69420768,221.70760128,229.58722048,9202533.0,492253523.3,1.0,1.528433,1.0,-3.432084,26.107426,6.36926,6.987726,130.707746,0.0
2018-02-06,sz.002714,213.08149184,218.9704704,208.47813536,208.51960704,221.70760128,6719749.0,342585844.84,1.0,1.116071,1.0,-5.948373,24.554459,5.990393,6.57207,122.932762,0.0
2018-02-07,sz.002714,212.54236,215.52832096,193.17508544,200.22527104,208.51960704,6427133.0,316502352.31,1.0,1.067471,1.0,-3.977725,23.57775,5.752111,6.310652,118.042835,0.0
2018-02-08,sz.002714,199.4787808,212.3350016,197.52961184,208.10489024,200.22527104,4530487.0,225171619.3,1.0,0.752461,1.0,3.93538,24.505623,5.978479,6.559,122.688266,0.0
2018-02-09,sz.002714,200.3082144,206.86073984,191.51621824,202.3817984,208.10489024,3689720.0,179861267.78,1.0,0.612819,1.0,-2.750102,23.831694,5.814065,6.378621,119.314216,0.0
2018-02-12,sz.002714,207.3584,213.7865104,201.5523648,211.505568,202.3817984,5832612.0,292453469.26,1.0,0.972673,1.0,4.508198,24.976074,5.748964,5.883209,17.386468,0.0
2018-02-13,sz.002714,211.54703968,216.0674528,207.5657584,210.34436096,211.505568,4085628.0,208496099.38,1.0,0.681338,1.0,-0.549017,24.83895,5.717401,5.850909,17.291013,0.0
2018-02-14,sz.002714,208.1878336,215.61126432,207.39987168,212.7497184,210.34436096,2375911.0,120753759.29,1.0,0.396218,1.0,1.143529,25.122992,5.782781,5.917817,17.488741,0.0
2018-02-22,sz.002714,215.652736,222.20526144,213.49620864,216.97982976,212.7497184,3269986.0,172042350.17,1.0,0.545318,1.0,1.988305,25.622514,5.89776,6.035481,17.836471,0.0
2018-02-23,sz.002714,216.73099968,222.20526144,214.24269888,219.3851872,216.97982976,4183672.0,220275251.42,1.0,0.697688,1.0,1.108566,25.906555,5.963141,6.102388,18.034199,0.0
2018-02-26,sz.002714,218.51428192,218.51428192,203.6259488,209.14168224,219.3851872,12009667.0,602413119.03,1.0,2.002788,1.0,-4.669189,24.69693,5.68471,5.817456,17.192149,0.0
2018-02-27,sz.002714,207.3584,207.3584,197.52961184,200.100856,209.14168224,9006216.0,435958814.17,1.0,1.501918,1.0,-4.322824,23.629325,5.43897,5.565978,16.448962,0.0
2018-02-28,sz.002714,200.100856,207.3584,196.5757632,202.05002496,200.100856,3749105.0,182564391.35,1.0,0.625218,1.0,0.974096,23.859497,5.491951,5.620195,16.60919,0.0
2018-03-01,sz.002714,200.22527104,203.08681696,197.44666848,202.13296832,202.05002496,3168267.0,153575827.32,1.0,0.528355,1.0,0.041052,23.869291,5.494206,5.622503,16.616009,0.0
2018-03-02,sz.002714,200.3082144,202.96240192,199.8934976,201.67677984,202.13296832,2668621.0,129890094.43,1.0,0.445032,1.0,-0.225689,23.815421,5.481806,5.609813,16.578508,0.0
2018-03-05,sz.002714,201.137648,201.137648,194.0874624,194.87542432,201.67677984,4843968.0,229976500.43,1.0,0.807803,1.0,-3.372402,23.012269,5.296937,5.420628,16.019414,0.0
2018-03-06,sz.002714,193.2580288,196.7831216,175.4252064,191.30885984,194.87542432,9809247.0,447917935.47,1.0,1.635835,1.0,-1.830178,22.591104,5.199994,5.321421,15.726231,0.0
2018-03-07,sz.002714,191.10150144,198.52493216,190.769728,198.15168704,191.30885984,8612818.0,406200946.57,1.0,1.436313,1.0,3.576843,23.399153,5.38599,5.51176,16.288734,0.0
2018-03-08,sz.002714,198.15168704,200.84734624,195.24866944,198.06874368,198.15168704,4532611.0,215724964.76,1.0,0.755879,1.0,-0.041859,23.389359,5.383735,5.509453,16.281916,0.0
2018-03-09,sz.002714,198.77376224,206.44602304,197.28078176,205.82394784,198.06874368,6700088.0,326800739.26,1.0,1.117338,1.0,3.915416,24.305148,5.594531,5.72517,16.91942,0.0
2018-03-12,sz.002714,207.1510416,208.93432384,203.6259488,206.7363248,205.82394784,5423136.0,269549806.59,1.0,0.904387,1.0,0.443275,24.412888,5.61933,5.750549,16.99442,0.0
2018-03-13,sz.002714,205.53364608,212.54236,203.66742048,208.85138048,206.7363248,5802099.0,293372052.67,1.0,0.967585,1.0,1.023073,24.662649,5.67682,5.809381,17.168285,0.0
2018-03-14,sz.002714,208.395192,208.395192,202.63062848,203.29417536,208.85138048,3708530.0,183709265.8,1.0,0.618452,1.0,-2.660842,24.006415,5.525768,5.654802,16.711464,0.0
2018-03-15,sz.002714,201.84266656,206.44602304,201.137648,203.0038736,203.29417536,3613408.0,177570197.3,1.0,0.602589,1.0,-0.142798,23.972134,5.517878,5.646728,16.6876,0.0
2018-03-16,sz.002714,201.51089312,210.13700256,201.51089312,206.19719296,203.0038736,4126705.0,206816775.01,1.0,0.688188,1.0,1.573035,24.349223,5.604676,5.735552,16.950102,0.0
2018-03-19,sz.002714,208.97579552,208.97579552,195.953688,196.3684048,206.19719296,5916129.0,284206921.61,1.0,0.986601,1.0,-4.766699,23.188571,5.337518,5.462156,16.142142,0.0
2018-03-20,sz.002714,192.2212368,203.12828864,192.2212368,197.98580032,196.3684048,3256553.0,154786238.26,1.0,0.543078,1.0,0.823661,23.379564,5.381481,5.507145,16.275098,0.0
2018-03-21,sz.002714,197.73697024,202.29885504,196.82459328,198.6493472,197.98580032,3044698.0,147393013.02,1.0,0.507748,1.0,0.335148,23.45792,5.399517,5.525603,16.329643,0.0
2018-03-22,sz.002714,199.064064,201.01323296,193.63127392,193.6727456,198.6493472,3194480.0,150976434.29,1.0,0.532726,1.0,-2.505221,22.870248,5.264247,5.387174,15.92055,0.0
2018-03-23,sz.002714,192.67742528,204.37243904,189.98176608,194.87542432,193.6727456,9423983.0,451957319.55,1.0,1.571587,1.0,0.620987,23.012269,5.296937,5.420628,16.019414,0.0
2018-03-26,sz.002714,195.3316128,196.49281984,175.96433824,194.79248096,194.87542432,7205226.0,331307595.95,1.0,1.201577,1.0,-0.042563,23.002474,5.294683,5.418321,16.012596,0.0
2018-03-27,sz.002714,195.70485792,197.1978384,191.1844448,194.58512256,194.79248096,4936283.0,230687103.67,1.0,0.823197,1.0,-0.106457,22.977988,5.289046,5.412553,15.99555,0.0
2018-03-28,sz.002714,194.2948208,194.46070752,185.1710512,188.0740688,194.58512256,5327797.0,242510843.61,1.0,0.888488,1.0,-3.346121,22.209117,5.112069,5.231442,15.46032,0.0
2018-03-29,sz.002714,187.94965376,196.32693312,182.97305216,188.61320064,188.0740688,3867471.0,175096844.09,1.0,0.644957,1.0,0.286662,22.272781,5.126723,5.246439,15.504638,0.0
2018-03-30,sz.002714,188.53025728,190.5623696,186.8299184,187.78376704,188.61320064,2806834.0,127541107.42,1.0,0.468081,1.0,-0.439755,22.174836,5.104178,5.223367,15.436456,0.0
2018-04-02,sz.002714,191.93093504,197.32225344,189.69146432,195.82927296,187.78376704,6489656.0,303282883.16,1.0,1.082245,1.0,4.284458,23.124906,5.322864,5.44716,16.097824,0.0
2018-04-03,sz.002714,197.90285696,211.04937952,197.73697024,204.248024,195.82927296,10041213.0,497250721.85,1.0,1.674519,1.0,4.299023,24.119052,5.551695,5.681335,16.789873,0.0
2018-04-04,sz.002714,207.5657584,208.10489024,201.17911968,206.15572128,204.248024,6151314.0,304495816.57,1.0,1.025822,1.0,0.934008,24.344326,5.603549,5.734399,16.946692,0.0
2018-04-09,sz.002714,206.15572128,207.3584,196.1610464,199.064064,206.15572128,5619729.0,269955426.43,1.0,0.937172,1.0,-3.43995,23.506893,5.410789,5.537138,16.363734,0.0
2018-04-10,sz.002714,198.98112064,198.98112064,190.769728,194.916896,199.064064,3146421.0,147254710.91,1.0,0.524712,1.0,-2.083333,23.017166,5.298064,5.421781,16.022823,0.0
2018-04-11,sz.002714,195.16572608,214.28417056,195.1242544,212.58383168,194.916896,9908603.0,491632703.15,1.0,1.652404,1.0,9.063827,25.103403,5.778272,5.913202,17.475105,0.0
2018-04-12,sz.002714,210.8834928,215.4453776,206.7363248,212.25205824,212.58383168,7711312.0,393680315.36,1.0,1.285974,1.0,-0.156063,25.064225,5.769254,5.903974,17.447832,0.0
2018-04-13,sz.002714,211.13232288,213.74503872,208.56107872,213.08149184,212.25205824,4167744.0,213136396.18,1.0,0.695032,1.0,0.390779,25.16217,5.791799,5.927045,17.516014,0.0
2018-04-16,sz.002714,211.505568,213.7865104,207.7731168,211.58851136,213.08149184,2789747.0,141377122.13,1.0,0.465231,1.0,-0.700663,24.985868,5.751218,5.885517,17.393286,0.0
2018-04-17,sz.002714,211.0908512,213.1644352,209.18315392,209.431984,211.58851136,2106921.0,106934308.02,1.0,0.35136,1.0,-1.019209,24.73121,5.692601,5.825531,17.216012,0.0
2018-04-18,sz.002714,212.1276432,212.1276432,201.63530816,208.72696544,209.431984,2351394.0,116989380.88,1.0,0.392129,1.0,-0.33663,24.647957,5.673438,5.80592,17.158057,0.0
2018-04-19,sz.002714,211.00790784,212.08617152,204.8700992,205.82394784,208.72696544,2565437.0,128493692.56,1.0,0.427824,1.0,-1.390822,24.305148,5.594531,5.72517,16.91942,0.0
2018-04-20,sz.002714,205.284816,207.7731168,202.83798688,203.211232,205.82394784,2158702.0,106469352.4,1.0,0.359995,1.0,-1.269396,31.163195,5.451353,5.241385,29.542941,0.0
2018-04-23,sz.002714,203.12828864,205.24334432,193.96304736,196.70017824,203.211232,2906902.0,138389122.47,1.0,0.484768,1.0,-3.204081,30.164701,5.276688,5.073446,28.596361,0.0
2018-04-24,sz.002714,196.03663136,199.93496928,195.82927296,199.81055424,196.70017824,2584206.0,123084989.84,1.0,0.430954,1.0,1.581278,30.641688,5.360127,5.153672,29.048549,0.0
2018-04-25,sz.002714,199.064064,200.55704448,196.99048,198.35904544,199.81055424,1604274.0,76986275.07,1.0,0.267536,1.0,-0.726439,30.419094,5.321188,5.116233,28.837528,0.0
2018-04-26,sz.002714,195.04131104,199.064064,194.62659424,194.95836768,198.35904544,1730011.0,81725366.67,1.0,0.288505,1.0,-1.714412,29.897587,5.229962,5.02852,28.343136,0.0
2018-04-27,sz.002714,195.29014112,201.84266656,193.21655712,198.06874368,194.95836768,3025560.0,144800641.0,1.0,0.504556,1.0,1.595405,30.374575,5.313401,5.108745,28.795324,0.0
2018-05-02,sz.002714,197.57108352,201.7597232,191.80652,197.28078176,198.06874368,1945031.0,92327298.55,1.0,0.324362,1.0,-0.39782,30.253738,5.292263,5.088422,28.680769,0.0
2018-05-03,sz.002714,195.7463296,198.89817728,195.29014112,198.2346304,197.28078176,1115845.0,53059576.28,1.0,0.186083,1.0,0.483497,30.400014,5.317851,5.113024,28.81944,0.0
2018-05-04,sz.002714,199.064064,206.44602304,198.19315872,204.62126912,198.2346304,2931590.0,143784015.89,1.0,0.488886,1.0,3.221759,31.379429,5.489179,5.277753,29.747933,0.0
2018-05-07,sz.002714,202.34032672,206.48749472,202.34032672,204.91157088,204.62126912,2262965.0,112004195.23,1.0,0.377383,1.0,0.141872,31.423948,5.496967,5.285241,29.790137,0.0
2018-05-08,sz.002714,204.8700992,209.18315392,203.46006208,205.9068912,204.91157088,2225426.0,111031683.17,1.0,0.371122,1.0,0.485735,31.576584,5.523667,5.310913,29.934837,0.0
2018-05-09,sz.002714,205.9068912,211.38115296,204.8700992,207.52428672,205.9068912,2695542.0,136058129.81,1.0,0.449521,1.0,0.785497,31.824618,5.567056,5.35263,30.169975,0.0
2018-05-10,sz.002714,205.6995328,211.00790784,202.7965152,205.65806112,207.52428672,2671441.0,133424705.31,1.0,0.445502,1.0,-0.899282,31.538425,5.516992,5.304495,29.898662,0.0
2018-05-11,sz.002714,207.5657584,210.84202112,207.5657584,209.431984,205.65806112,3310265.0,167252937.72,1.0,0.552035,1.0,1.835047,32.11717,5.618232,5.401835,30.447317,0.0
2018-05-14,sz.002714,210.6761344,217.68484832,207.89753184,214.78183072,209.431984,5513405.0,285140585.26,1.0,0.919441,1.0,2.554457,32.937589,5.761747,5.539823,31.22508,0.0
2018-05-15,sz.002714,216.39922624,217.47748992,211.9202848,215.36243424,214.78183072,4258122.0,220453812.37,1.0,0.710104,1.0,0.270321,33.026627,5.777322,5.554798,31.309488,0.0
2018-05-16,sz.002714,215.36243424,218.01662176,211.62998304,216.15039616,215.36243424,3973996.0,206515698.26,1.0,0.662722,1.0,0.365874,33.147463,5.79846,5.575122,31.424042,0.0
2018-05-17,sz.002714,216.39922624,221.4587712,215.0306608,217.22865984,216.15039616,3890620.0,205331994.35,1.0,0.648818,1.0,0.498853,33.312819,5.827386,5.602933,31.580801,0.0
2018-05-18,sz.002714,218.01662176,222.91028,216.31628288,222.20526144,217.22865984,4526711.0,240629940.68,1.0,0.754895,1.0,2.290952,34.075999,5.960888,5.731294,32.304301,0.0
2018-05-21,sz.002714,220.0072624,220.0072624,208.6025504,210.09553088,222.20526144,10607814.0,546309866.81,1.0,1.769008,1.0,-5.449798,32.218927,5.636032,5.41895,30.543783,0.0
2018-05-22,sz.002714,210.6761344,223.1176384,210.09553088,221.62465792,210.09553088,6103098.0,317852872.44,1.0,1.017781,1.0,5.487562,33.986962,5.945313,5.716318,32.219893,0.0
2018-05-23,sz.002714,222.91028,226.68420288,218.26545184,218.9704704,221.62465792,5732387.0,307374725.62,1.0,0.955959,1.0,-1.197604,33.579932,5.874111,5.647859,31.834026,0.0
2018-05-24,sz.002714,218.22398016,228.88220192,218.22398016,224.27884544,218.9704704,4441209.0,241146373.72,1.0,0.740637,1.0,2.424247,34.393991,6.016514,5.784777,32.60576,0.0
2018-05-25,sz.002714,226.020656,232.94642656,224.7765056,229.131032,224.27884544,3814354.0,211570461.56,1.0,0.636099,1.0,2.163458,35.138092,6.146679,5.909929,33.311173,0.0
2018-05-28,sz.002714,232.0340496,235.351784,221.16846944,225.89624096,229.131032,3871493.0,212090697.16,1.0,0.645628,1.0,-1.411762,34.642025,6.059902,5.826494,32.840898,0.0
2018-05-29,sz.002714,225.02533568,225.02533568,215.77715104,217.60190496,225.89624096,5694167.0,300541871.07,1.0,0.949586,1.0,-3.671746,33.370058,5.837398,5.61256,31.635063,0.0
2018-05-30,sz.002714,216.8968864,220.6293376,212.45941664,217.47748992,217.60190496,3243139.0,169437850.72,1.0,0.540841,1.0,-0.05718,33.350978,5.834061,5.609351,31.616976,0.0
2018-05-31,sz.002714,217.35307488,222.66144992,214.2012272,218.5557536,217.47748992,3874943.0,203723607.14,1.0,0.646203,1.0,0.495809,33.516334,5.862986,5.637163,31.773734,0.0
2018-06-01,sz.002714,218.72164032,221.83201632,212.16911488,214.86477408,218.5557536,2379448.0,123460947.37,1.0,0.396808,1.0,-1.688803,32.950309,5.763972,5.541962,31.237138,0.0
2018-06-04,sz.002714,214.86477408,216.02598112,205.36775936,211.0908512,214.86477408,3464733.0,174673710.61,1.0,0.577795,1.0,-1.756417,32.371564,5.662732,5.444622,30.688483,0.0
2018-06-05,sz.002714,209.6393424,215.15507584,209.6393424,214.78183072,211.0908512,2113630.0,108760998.67,1.0,0.352479,1.0,1.748525,32.937589,5.761747,5.539823,31.22508,0.0
2018-06-06,sz.002714,214.4085856,218.68016864,210.468776,216.73099968,214.78183072,2463449.0,128141324.99,1.0,0.410816,1.0,0.907506,33.236501,5.814035,5.590097,31.508451,0.0
2018-06-07,sz.002714,215.652736,215.652736,211.7129264,214.4085856,216.73099968,2178422.0,111944483.83,1.0,0.363284,1.0,-1.071561,32.88035,5.751734,5.530196,31.170817,0.0
2018-06-08,sz.002714,215.36243424,215.36243424,207.19251328,209.6393424,214.4085856,2631454.0,133331818.08,1.0,0.438833,1.0,-2.224374,32.148969,5.623794,5.407184,30.477462,0.0
2018-06-11,sz.002714,209.34904064,209.6393424,205.36775936,208.27077696,209.6393424,2008140.0,100421182.16,1.0,0.334887,1.0,-0.652815,31.939095,5.587081,5.371884,30.2785,0.0
2018-06-12,sz.002714,207.9804752,209.6393424,206.1142496,208.72696544,208.27077696,1374311.0,68832331.96,1.0,0.229186,1.0,0.219037,32.009053,5.599319,5.383651,30.344821,0.0
2018-06-13,sz.002714,207.60723008,213.91092544,207.5657584,209.26609728,208.72696544,1919362.0,97880205.09,1.0,0.320082,1.0,0.25829,32.091731,5.613781,5.397556,30.4232,0.0
2018-06-14,sz.002714,208.14636192,209.8467008,205.74100448,206.1142496,209.26609728,1554719.0,77644851.53,1.0,0.259272,1.0,-1.50614,31.608383,5.52923,5.316262,29.964983,0.0
2018-06-15,sz.002714,206.5289664,208.85138048,198.19315872,202.42327008,206.1142496,3285492.0,159538685.19,1.0,0.547904,1.0,-1.790743,31.042358,5.430215,5.221061,29.428387,0.0
2018-06-19,sz.002714,202.42327008,207.19251328,191.06002976,194.66806592,202.42327008,3469049.0,163798834.09,1.0,0.578515,1.0,-3.831188,29.853069,5.222174,5.021033,28.300932,0.0
2018-06-20,sz.002714,192.843312,195.66338624,191.30885984,194.5021792,194.66806592,1973329.0,92126608.83,1.0,0.329081,1.0,-0.085209,29.827629,5.217724,5.016754,28.276815,0.0
2018-06-21,sz.002714,195.3316128,195.7463296,186.74697504,186.91286176,194.5021792,3422388.0,156189395.34,1.0,0.570733,1.0,-3.901923,28.663779,5.014133,4.821004,27.173476,0.0
2018-06-22,sz.002714,186.87139008,187.70082368,177.74762048,187.12022016,186.91286176,2794596.0,124017940.05,1.0,0.46604,1.0,0.110937,28.695579,5.019695,4.826353,27.203622,0.0
2018-06-25,sz.002714,187.57640864,187.8667104,181.06535488,181.31418496,187.12022016,2658718.0,117796183.34,1.0,0.44338,1.0,-3.102832,27.805202,4.863942,4.676599,26.359538,0.0
2018-06-26,sz.002714,178.328224,180.401808,174.51282944,176.17169664,181.31418496,2977718.0,126729766.39,1.0,0.496578,1.0,-2.836234,27.016582,4.72599,4.54396,25.611921,0.0
2018-06-27,sz.002714,178.7429408,191.1844448,178.7429408,181.2312416,176.17169664,5210367.0,231511505.34,1.0,0.872975,1.0,2.871943,27.792482,4.861717,4.674459,26.34748,0.0
2018-06-28,sz.002714,181.56301504,187.82523872,177.0840736,179.94561952,181.2312416,3209901.0,141836028.89,1.0,0.537806,1.0,-0.709385,27.595327,4.827229,4.6413,26.160576,0.0
2018-06-29,sz.002714,179.94561952,184.548976,178.41116736,184.38308928,179.94561952,3606942.0,157967490.62,1.0,0.604328,1.0,2.466005,28.275829,4.946269,4.755754,26.805697,0.0
2018-07-02,sz.002714,184.548976,186.53961664,182.10214688,183.42924064,184.38308928,2964715.0,131691812.16,1.0,0.496726,1.0,-0.517318,28.129553,4.920681,4.731152,26.667026,0.0
2018-07-03,sz.002714,181.91264347,183.5050426,171.3724778,177.21127461,183.42921407,5481851.0,127826507.9,1.0,0.510256,1.0,-3.389829,26.753285,4.679931,4.499675,25.362313,0.0
2018-07-04,sz.002714,177.21127461,179.7136161,167.73270836,169.8559072,177.21127461,5386252.0,122187019.33,1.0,0.501358,1.0,-4.150626,25.642857,4.485685,4.312911,24.30962,0.0
2018-07-05,sz.002714,171.14499221,175.08807577,162.57636832,164.24459598,169.8559072,5190940.0,115161239.8,1.0,0.483178,1.0,-3.30357,24.795727,4.337497,4.170431,23.506534,0.0
2018-07-06,sz.002714,166.59528041,168.3393366,162.04556861,166.21613776,164.24459598,4596137.0,100318545.43,1.0,0.427813,1.0,1.20037,25.093368,4.389563,4.220491,23.788699,0.0
2018-07-09,sz.002714,174.02647635,181.76098641,170.69002103,179.94110169,166.21613776,8083974.0,188688050.4,1.0,0.752465,1.0,8.257297,27.165402,4.752023,4.56899,25.753004,0.0
2018-07-10,sz.002714,176.6804749,188.50972558,176.6804749,186.31069821,179.94110169,8074946.0,196666544.22,1.0,0.751624,1.0,3.539824,28.127009,4.920236,4.730724,26.664614,0.0
2018-07-11,sz.002714,181.988472,197.53332065,178.9553308,193.3627515,186.31069821,13280445.0,335251460.68,1.0,1.236157,1.0,3.785105,29.191646,5.106472,4.909787,27.673898,0.0
2018-07-12,sz.002714,193.3627515,196.3958927,189.72298206,192.22532355,193.3627515,9093575.0,230790165.46,1.0,0.846439,1.0,-0.588234,29.01993,5.076434,4.880906,27.51111,0.0
2018-07-13,sz.002714,189.79881059,197.154178,189.79881059,195.25846475,192.22532355,7242413.0,185823481.37,1.0,0.674131,1.0,1.577908,29.477838,5.156535,4.957922,27.94521,0.0
2018-07-16,sz.002714,194.95515063,202.31051804,193.89355121,202.00720392,195.25846475,7544722.0,197898252.39,1.0,0.70227,1.0,3.456308,30.496684,5.334761,5.129283,28.911084,0.0
2018-07-17,sz.002714,201.47640421,206.10194454,198.6707486,204.43371688,202.00720392,6199588.0,165972166.63,1.0,0.577064,1.0,1.2012,30.86301,5.398842,5.190896,29.258364,0.0
2018-07-18,sz.002714,203.9787457,205.87445895,201.7038898,201.85554686,204.43371688,3846526.0,103230116.47,1.0,0.358039,1.0,-1.261121,30.473789,5.330756,5.125432,28.889379,0.0
2018-07-19,sz.002714,201.7038898,204.737031,195.56177887,203.52377452,201.85554686,4692817.0,125108201.69,1.0,0.436812,1.0,0.826444,30.725638,5.374812,5.167791,29.128134,0.0
2018-07-20,sz.002714,203.52377452,205.4953163,198.29160595,199.80817655,203.52377452,4397961.0,116981573.48,1.0,0.409367,1.0,-1.825633,30.164701,5.276688,5.073446,28.596361,0.0
2018-07-23,sz.002714,202.08303245,213.68479754,202.08303245,212.54736959,199.80817655,8365797.0,230281440.11,1.0,0.778697,1.0,6.375713,32.087915,5.613114,5.396915,30.419582,0.0
2018-07-24,sz.002714,212.54736959,213.00234077,207.92182926,210.0450281,212.54736959,6290948.0,174580242.79,1.0,0.585568,1.0,-1.17731,31.710141,5.54703,5.333376,30.06145,0.0
2018-07-25,sz.002714,208.5284575,209.66588545,204.35788835,206.78440131,210.0450281,4327966.0,118101518.92,1.0,0.402851,1.0,-1.552348,31.217889,5.460921,5.250584,29.594792,0.0
2018-07-26,sz.002714,207.61851514,209.2867428,204.737031,207.23937249,206.78440131,3610843.0,98594004.36,1.0,0.336101,1.0,0.22002,31.286576,5.472936,5.262136,29.659907,0.0
2018-07-27,sz.002714,205.4953163,206.70857278,198.6707486,199.04989125,207.23937249,5426958.0,143459655.79,1.0,0.505147,1.0,-3.951701,30.050223,5.256662,5.054192,28.487836,0.0
2018-07-30,sz.002714,200.9456045,203.9787457,197.60914918,198.6707486,199.04989125,4365395.0,115789821.63,1.0,0.406335,1.0,-0.190473,29.992985,5.24665,5.044565,28.433573,0.0
2018-07-31,sz.002714,200.9456045,204.58537394,200.1873192,202.61383216,198.6707486,3546759.0,94922312.85,1.0,0.330136,1.0,1.984727,30.588266,5.350781,5.144686,28.997904,0.0
2018-08-01,sz.002714,202.68966069,204.737031,196.01675005,196.47172123,202.61383216,5533768.0,144746109.58,1.0,0.515089,1.0,-3.031435,29.661002,5.188576,4.988728,28.118851,0.0
2018-08-02,sz.002714,197.53332065,199.80817655,191.69452384,196.47172123,196.47172123,5177425.0,133689313.22,1.0,0.48192,1.0,0.0,29.661002,5.188576,4.988728,28.118851,0.0
2018-08-03,sz.002714,198.6707486,212.319884,198.6707486,206.17777307,196.47172123,15714043.0,430231824.35,1.0,1.462679,1.0,4.94018,31.126308,5.444901,5.235181,29.507972,0.0
2018-08-06,sz.002714,203.9787457,204.737031,186.38652674,188.13058293,206.17777307,12714177.0,321824104.12,1.0,1.183449,1.0,-8.753222,28.401754,4.968297,4.776934,26.925075,0.0
2018-08-07,sz.002714,185.70406997,191.61869531,178.1970455,188.28223999,188.13058293,8367488.0,203215378.64,1.0,0.778854,1.0,0.080615,28.424649,4.972302,4.780785,26.94678,0.0
2018-08-08,sz.002714,186.91732645,187.67561175,182.06430053,182.29178612,188.28223999,4284101.0,104043440.11,1.0,0.398768,1.0,-3.181631,27.520281,4.814101,4.628677,26.089431,0.0
2018-08-09,sz.002714,181.988472,187.75144028,179.25864492,184.86995614,182.29178612,3860494.0,94395651.91,1.0,0.359339,1.0,1.414302,27.909503,4.882188,4.694141,26.458417,0.0
2018-08-10,sz.002714,184.86995614,194.65183651,184.79412761,191.0878956,184.86995614,6392887.0,161011940.17,1.0,0.595056,1.0,3.363419,28.848215,5.046396,4.852025,27.348322,0.0
2018-08-13,sz.002714,188.66138264,195.18263622,186.46235527,191.92200943,191.0878956,4341033.0,109756553.85,1.0,0.404068,1.0,0.436503,28.974139,5.068424,4.873204,27.4677,0.0
2018-08-14,sz.002714,192.6044662,193.3627515,188.28223999,192.07366649,191.92200943,3075322.0,77582867.9,1.0,0.286254,1.0,0.079022,28.997035,5.072429,4.877055,27.489405,0.0
2018-08-15,sz.002714,191.0878956,193.43858003,189.04052529,190.17795324,192.07366649,3849376.0,97120986.06,1.0,0.358304,1.0,-0.986972,48.129409,5.564219,4.618012,-120.136688,0.0
2018-08-16,sz.002714,187.90309734,188.50972558,178.04538844,179.33447345,190.17795324,8840170.0,213279010.79,1.0,0.822852,1.0,-5.701756,45.385188,5.246961,4.354705,-113.286789,0.0
2018-08-17,sz.002714,173.6473337,183.42921407,167.73270836,169.93173573,179.33447345,11008690.0,250416441.38,1.0,1.0247,1.0,-5.243128,43.005584,4.971856,4.126382,-107.347016,0.0
2018-08-20,sz.002714,168.3393366,168.3393366,154.6902012,160.83231213,169.93173573,10664922.0,224044202.27,1.0,0.992702,1.0,-5.354756,40.702742,4.705626,3.905424,-101.59885,0.0
2018-08-21,sz.002714,162.2730542,168.49099366,162.2730542,167.88436542,160.83231213,5081653.0,111301479.51,1.0,0.473005,1.0,4.384726,42.487445,4.911954,4.076666,-106.053679,0.0
2018-08-22,sz.002714,168.79430778,172.73739134,165.76116658,168.56682219,167.88436542,3652570.0,81394368.99,1.0,0.339985,1.0,0.406505,42.660158,4.931922,4.093238,-106.484791,0.0
2018-08-23,sz.002714,171.22082074,173.6473337,167.12608012,170.23504985,168.56682219,5065942.0,114166156.67,1.0,0.471543,1.0,0.989659,43.082346,4.980731,4.133747,-107.538622,0.0
2018-08-24,sz.002714,169.47676455,172.43407722,161.5147689,171.22082074,170.23504985,3388363.0,75483818.57,1.0,0.315392,1.0,0.579061,43.331821,5.009572,4.157684,-108.16134,0.0
2018-08-27,sz.002714,172.1307631,178.12121697,167.35356571,174.405619,171.22082074,5516643.0,125309246.98,1.0,0.513495,1.0,1.860053,44.137815,5.102753,4.235019,-110.173198,0.0
2018-08-28,sz.002714,174.78476165,175.9221896,172.96487693,174.10230488,174.405619,3238381.0,74303057.7,1.0,0.301432,1.0,-0.173917,44.061054,5.093879,4.227654,-109.981593,0.0
2018-08-29,sz.002714,174.02647635,176.37716078,173.26819105,174.78476165,174.10230488,2368785.0,54639401.16,1.0,0.220489,1.0,0.391987,44.233767,5.113846,4.244226,-110.412705,0.0
2018-08-30,sz.002714,172.8890484,175.46721842,172.73739134,172.8890484,174.78476165,2363570.0,54146674.23,1.0,0.220004,1.0,-1.084599,43.754008,5.058381,4.198193,-109.215171,0.0
2018-08-31,sz.002714,171.3724778,174.32979047,170.76584956,174.10230488,172.8890484,2678989.0,61166583.48,1.0,0.249363,1.0,0.701754,44.061054,5.093879,4.227654,-109.981593,0.0
2018-09-03,sz.002714,174.10230488,174.32979047,169.24927896,173.49567664,174.10230488,2169083.0,49041691.3,1.0,0.2019,1.0,-0.348432,43.907531,5.07613,4.212924,-109.598382,0.0
2018-09-04,sz.002714,173.41984811,173.41984811,168.49099366,171.3724778,173.49567664,3313703.0,74527230.39,1.0,0.308443,1.0,-1.223771,43.370201,5.014009,4.161367,-108.257143,0.0
2018-09-05,sz.002714,171.3724778,171.3724778,166.14030923,166.74693747,171.3724778,2939521.0,65150925.26,1.0,0.273614,1.0,-2.699118,42.19959,4.878675,4.049047,-105.335158,0.0
2018-09-06,sz.002714,168.3393366,172.43407722,166.89859453,171.44830633,166.74693747,4025643.0,90607530.26,1.0,0.374711,1.0,2.819467,43.389392,5.016228,4.163208,-108.305044,0.0
2018-09-07,sz.002714,171.3724778,176.07384666,171.29664927,173.6473337,171.44830633,4271844.0,98152006.37,1.0,0.397628,1.0,1.282614,43.945912,5.080567,4.216606,-109.694185,0.0
2018-09-10,sz.002714,174.86059018,178.57618815,172.50990575,177.81790285,173.6473337,5532725.0,128723338.97,1.0,0.514992,1.0,2.401752,45.001381,5.202589,4.317878,-112.328761,0.0
2018-09-11,sz.002714,177.74207432,177.89373138,173.26819105,177.81790285,177.81790285,3983479.0,92223770.65,1.0,0.370786,1.0,0.0,45.001381,5.202589,4.317878,-112.328761,0.0
2018-09-12,sz.002714,176.52881784,177.28710314,173.57150517,174.405619,177.81790285,3453524.0,79912585.38,1.0,0.321458,1.0,-1.91898,44.137815,5.102753,4.235019,-110.173198,0.0
2018-09-13,sz.002714,174.93641871,175.9221896,172.1307631,173.41984811,174.405619,1720560.0,39411921.66,1.0,0.160151,1.0,-0.565214,43.888341,5.073911,4.211082,-109.55048,0.0
2018-09-14,sz.002714,173.19236252,174.93641871,172.20659163,173.95064782,173.41984811,3335457.0,76300783.68,1.0,0.310468,1.0,0.306076,44.022673,5.089441,4.223971,-109.88579,0.0
2018-09-17,sz.002714,166.74693747,169.62842161,160.60482654,162.12139714,173.95064782,6038597.0,130944679.46,1.0,0.562079,1.0,-6.800354,41.028978,4.743342,3.936727,-102.413173,0.0
2018-09-18,sz.002714,160.60482654,166.51945188,160.60482654,165.45785246,162.12139714,3904771.0,84575324.89,1.0,0.36346,1.0,2.058001,41.873354,4.840959,4.017744,-104.520834,0.0
2018-09-19,sz.002714,165.53368099,172.28242016,165.3061954,170.08339279,165.45785246,5360951.0,119699112.34,1.0,0.499003,1.0,2.795603,43.043965,4.976293,4.130065,-107.442819,0.0
2018-09-20,sz.002714,170.6141925,175.99801813,170.15922132,171.14499221,170.08339279,3958886.0,90197054.15,1.0,0.368497,1.0,0.624161,43.31263,5.007354,4.155843,-108.113439,0.0
2018-09-21,sz.002714,172.81321987,174.32979047,169.0976219,172.73739134,171.14499221,4329350.0,98511811.42,1.0,0.40298,1.0,0.930443,43.715628,5.053944,4.19451,-109.119368,0.0
2018-09-25,sz.002714,172.58573428,181.60932935,170.31087838,178.27287403,172.73739134,7661403.0,179903784.67,1.0,0.713131,1.0,3.204563,45.116523,5.215901,4.328926,-112.616169,0.0
2018-09-26,sz.002714,178.80367374,191.0878956,178.80367374,188.8130397,178.27287403,10383761.0,253781314.81,1.0,0.966531,1.0,5.912375,47.783983,5.524285,4.584869,-119.274463,0.0
2018-09-27,sz.002714,188.28223999,192.30115208,184.2633279,188.58555411,188.8130397,6617691.0,164264635.24,1.0,0.615981,1.0,-0.120477,47.726412,5.517629,4.579345,-119.130759,0.0
2018-09-28,sz.002714,188.0547544,190.78458148,185.70406997,188.8130397,188.58555411,5368829.0,133457694.83,1.0,0.499736,1.0,0.120622,47.783983,5.524285,4.584869,-119.274463,0.0
2018-10-08,sz.002714,188.8130397,193.43858003,185.85572703,189.87463912,188.8130397,6692708.0,167656040.41,1.0,0.622964,1.0,0.562254,48.052648,5.555345,4.610647,-119.945082,0.0
2018-10-09,sz.002714,186.76566939,191.16372413,186.68984086,190.17795324,189.87463912,5275537.0,131132131.75,1.0,0.491052,1.0,0.15974,48.129409,5.564219,4.618012,-120.136688,0.0
2018-10-10,sz.002714,190.40543883,194.8793221,189.72298206,192.90778032,190.17795324,5023103.0,127376053.91,1.0,0.467556,1.0,1.435409,48.820262,5.644088,4.6843,-121.861138,0.0
2018-10-11,sz.002714,188.8130397,192.83195179,185.7798985,186.08321262,192.90778032,5185414.0,128754386.12,1.0,0.482664,1.0,-3.537734,47.09313,5.444415,4.518581,-117.550013,0.0
2018-10-12,sz.002714,185.7798985,193.96937974,183.96001378,193.3627515,186.08321262,6702358.0,168512839.53,1.0,0.623862,1.0,3.911977,48.935404,5.6574,4.695348,-122.148546,0.0
2018-10-15,sz.002714,193.05943738,194.1210368,188.0547544,190.70875295,193.3627515,3426459.0,86306638.66,1.0,0.318938,1.0,-1.37255,48.263742,5.579749,4.630902,-120.471997,0.0
2018-10-16,sz.002714,190.70875295,192.14949502,184.71829908,186.5381838,190.70875295,3751059.0,92412757.9,1.0,0.349152,1.0,-2.186876,47.208272,5.457727,4.529629,-117.837421,0.0
2018-10-17,sz.002714,185.40075585,190.70875295,185.40075585,188.88886823,186.5381838,2499680.0,62176529.98,1.0,0.232673,1.0,1.26016,47.803173,5.526503,4.58671,-119.322364,0.0
2018-10-18,sz.002714,187.37229763,188.96469676,182.06430053,182.67092877,188.88886823,2923779.0,71410436.72,1.0,0.272148,1.0,-3.291849,46.229564,5.344579,4.435722,-115.39445,0.0
2018-10-19,sz.002714,181.2301867,185.55241291,173.6473337,181.988472,182.67092877,7380464.0,175207429.61,1.0,0.686981,1.0,-0.3736,46.056851,5.324612,4.419151,-114.963338,0.0
2018-10-22,sz.002714,183.5050426,189.571325,183.12589995,184.03584231,181.988472,7025656.0,172600551.59,1.0,0.653955,1.0,1.125002,46.57499,5.384514,4.468866,-116.256675,0.0
2018-10-23,sz.002714,183.5050426,186.99315498,175.1639043,175.69470401,184.03584231,10090463.0,239296689.81,1.0,0.939231,1.0,-4.532346,53.474747,4.916158,4.003982,1640.846079,0.0
2018-10-24,sz.002714,177.05961755,182.7467573,175.84636107,180.39607287,175.69470401,8295216.0,197499081.97,1.0,0.772127,1.0,2.675878,54.905664,5.047709,4.111123,1684.753052,0.0
2018-10-25,sz.002714,177.21127461,181.91264347,175.99801813,180.4719014,180.39607287,3925062.0,92717219.79,1.0,0.365349,1.0,0.042027,54.928743,5.04983,4.112852,1685.461229,0.0
2018-10-26,sz.002714,180.85104405,181.83681494,176.98378902,177.59041726,180.4719014,3550515.0,83629250.61,1.0,0.330486,1.0,-1.596635,54.051729,4.969203,4.047184,1658.550503,0.0
2018-10-29,sz.002714,175.84636107,178.50035962,171.06916368,171.3724778,177.59041726,4203725.0,95699184.39,1.0,0.391287,1.0,-3.50128,52.159227,4.795217,3.905481,1600.479991,0.0
2018-10-30,sz.002714,170.84167809,174.17813341,166.14030923,171.52413486,171.3724778,3848602.0,86154452.24,1.0,0.358232,1.0,0.088498,52.205385,4.799461,3.908937,1601.896345,0.0
2018-10-31,sz.002714,171.67579192,175.31556136,169.17345043,173.6473337,171.52413486,3694846.0,84166801.79,1.0,0.34392,1.0,1.237837,52.851606,4.85887,3.957324,1621.7253,0.0
2018-11-01,sz.002714,176.30133225,176.30133225,168.41516513,169.8559072,173.6473337,8453617.0,190664147.26,1.0,0.786871,1.0,-2.183406,51.69764,4.752781,3.870919,1586.316451,0.0
2018-11-02,sz.002714,173.11653399,175.69470401,171.3724778,175.23973283,169.8559072,6683500.0,152912838.59,1.0,0.622107,1.0,3.169647,53.336271,4.903428,3.993613,1636.597017,0.0
2018-11-05,sz.002714,175.1639043,178.9553308,173.04070546,178.80367374,175.23973283,6555778.0,152865986.67,1.0,0.610218,1.0,2.033749,54.420998,5.003151,4.074834,1669.881335,0.0
2018-11-06,sz.002714,181.2301867,186.76566939,178.72784521,186.38652674,178.80367374,9076664.0,220250264.34,1.0,0.844865,1.0,4.240882,56.728929,5.215329,4.247642,1740.699034,0.0
2018-11-07,sz.002714,184.64247055,192.14949502,182.67092877,190.70875295,186.38652674,8044440.0,200719771.15,1.0,0.748785,1.0,2.318957,58.044449,5.33627,4.346144,1781.065122,0.0
2018-11-08,sz.002714,191.01206707,197.07834947,188.88886823,196.3958927,190.70875295,7371245.0,189170588.99,1.0,0.686123,1.0,2.982107,59.775397,5.495404,4.47575,1834.178396,0.0
2018-11-09,sz.002714,194.1210368,197.00252094,191.01206707,193.13526591,196.3958927,5639549.0,144601052.77,1.0,0.524935,1.0,-1.660233,58.782987,5.404167,4.401442,1803.726786,0.0
2018-11-12,sz.002714,193.28692297,196.69920682,190.25378177,193.81772268,193.13526591,3531524.0,90665909.04,1.0,0.328718,1.0,0.353357,58.9907,5.423263,4.416995,1810.100379,0.0
2018-11-13,sz.002714,192.30115208,196.09257858,191.8461809,194.57600798,193.81772268,4663700.0,119274372.64,1.0,0.434102,1.0,0.391238,59.221493,5.444481,4.434276,1817.182149,0.0
2018-11-14,sz.002714,194.1210368,194.65183651,192.30115208,193.3627515,194.57600798,3429334.0,87430236.66,1.0,0.319206,1.0,-0.623538,58.852225,5.410533,4.406627,1805.851317,0.0
2018-11-15,sz.002714,194.1210368,196.54754976,193.13526591,194.8793221,193.3627515,4963604.0,127851757.12,1.0,0.462017,1.0,0.784317,59.313811,5.452968,4.441188,1820.014856,0.0
2018-11-16,sz.002714,196.16840711,197.9124633,192.6044662,197.23000653,194.8793221,5252344.0,135859316.87,1.0,0.488894,1.0,1.206224,60.029269,5.518743,4.494759,1841.968343,0.0
2018-11-19,sz.002714,197.154178,197.154178,188.28223999,191.16372413,197.23000653,8381079.0,211213478.87,1.0,0.780119,1.0,-3.075744,58.182925,5.349001,4.356512,1785.314184,0.0
2018-11-20,sz.002714,190.02629618,190.02629618,182.44344318,185.62824144,191.16372413,7060177.0,173118166.51,1.0,0.657168,1.0,-2.895675,56.498136,5.194111,4.230362,1733.617264,0.0
2018-11-21,sz.002714,182.36761465,190.78458148,181.988472,189.571325,185.62824144,5304768.0,131653631.04,1.0,0.493773,1.0,2.124185,57.698259,5.304444,4.320222,1770.442467,0.0
2018-11-22,sz.002714,189.26801088,191.0878956,184.18749937,185.7798985,189.571325,5852250.0,143973140.41,1.0,0.544733,1.0,-2.0,56.544294,5.198355,4.233818,1735.033618,0.0
2018-11-23,sz.002714,185.17327026,189.19218235,182.29178612,184.33915643,185.7798985,6093118.0,148023411.2,1.0,0.567154,1.0,-0.775512,56.105787,5.158041,4.200984,1721.578255,0.0
2018-11-26,sz.002714,183.27755701,188.43389705,183.27755701,184.94578467,184.33915643,5517593.0,135824453.92,1.0,0.513583,1.0,0.329082,56.290422,5.175015,4.214809,1727.243671,0.0
2018-11-27,sz.002714,186.76566939,187.67561175,181.38184376,184.18749937,184.94578467,4089870.0,99001495.67,1.0,0.380689,1.0,-0.409998,56.059629,5.153797,4.197528,1720.161901,0.0
2018-11-28,sz.002714,182.89841436,189.11635382,180.24441581,187.52395469,184.18749937,5152896.0,126266887.01,1.0,0.479637,1.0,1.811439,57.075118,5.247156,4.273564,1751.321689,0.0
2018-11-29,sz.002714,187.52395469,197.76080624,187.52395469,194.72766504,187.52395469,10811470.0,277676247.55,1.0,1.006343,1.0,3.841491,59.267652,5.448724,4.437732,1818.598503,0.0
2018-11-30,sz.002714,194.95515063,205.64697336,194.95515063,204.81285953,194.72766504,14342371.0,381106571.5,1.0,1.335002,1.0,5.179127,62.337199,5.730921,4.667568,1912.786042,0.0
2018-12-03,sz.002714,204.20623129,216.1113105,199.58069096,209.59005692,204.81285953,12717322.0,352515014.52,1.0,1.183741,1.0,2.332466,63.791196,5.864593,4.776438,1957.401192,0.0
2018-12-04,sz.002714,207.39102955,217.55205257,207.39102955,216.8695958,209.59005692,10954715.0,310293408.47,1.0,1.019676,1.0,3.473231,66.006809,6.068284,4.942334,2025.386183,0.0
2018-12-05,sz.002714,214.51891137,232.0353018,212.92651224,228.31970383,216.8695958,15647191.0,464740720.41,1.0,1.456456,1.0,5.279721,69.491784,6.388672,5.203276,2132.320908,0.0
2018-12-06,sz.002714,229.22964619,231.12535944,222.9358782,228.39553236,228.31970383,12266386.0,367339734.88,1.0,1.141768,1.0,0.033212,69.514863,6.390794,5.205004,2133.029085,0.0
2018-12-07,sz.002714,226.7273047,227.25810441,217.77953816,224.60410586,228.39553236,9733673.0,286277238.44,1.0,0.90602,1.0,-1.660026,68.360898,6.284705,5.118599,2097.620235,0.0
2018-12-10,sz.002714,225.89319087,227.25810441,219.902737,223.61833497,224.60410586,7797836.0,229739206.86,1.0,0.725831,1.0,-0.438896,68.060867,6.257122,5.096134,2088.413935,0.0
2018-12-11,sz.002714,224.4524488,224.83159145,214.67056843,217.93119522,223.61833497,13962150.0,401446604.27,1.0,1.299611,1.0,-2.543235,66.329919,6.097988,4.966527,2035.300661,0.0
2018-12-12,sz.002714,219.22028023,219.82690847,214.82222549,217.24873845,217.93119522,8787699.0,251750109.95,1.0,0.817968,1.0,-0.313153,66.122205,6.078892,4.950975,2028.927068,0.0
2018-12-13,sz.002714,218.3861664,222.1775929,212.54736959,219.902737,217.24873845,15026862.0,434174803.33,1.0,1.398716,1.0,1.221642,66.929981,6.153155,5.011458,2053.713262,0.0
2018-12-14,sz.002714,219.44776582,221.04016495,211.48577017,212.24405547,219.902737,10076046.0,285017416.36,1.0,0.937889,1.0,-3.482759,64.598971,5.938855,4.836921,1982.187387,0.0
2018-12-17,sz.002714,213.0781693,214.51891137,207.39102955,209.2867428,212.24405547,9462359.0,261826894.13,1.0,0.880766,1.0,-1.393353,63.698878,5.856106,4.769525,1954.568484,0.0
2018-12-18,sz.002714,210.95497046,213.8364546,208.22514338,210.95497046,209.2867428,10314919.0,286792731.91,1.0,0.960123,1.0,0.797099,64.206623,5.902785,4.807543,1970.148378,0.0
2018-12-19,sz.002714,210.8033134,211.48577017,201.7038898,202.4621751,210.95497046,11145911.0,302023120.36,1.0,1.037473,1.0,-4.025877,61.621741,5.665146,4.613997,1890.832555,0.0
2018-12-20,sz.002714,203.44794599,210.42417075,203.2204604,209.74171398,202.4621751,10641250.0,291072648.77,1.0,0.990498,1.0,3.595502,63.837354,5.868836,4.779894,1958.817546,0.0
2018-12-21,sz.002714,208.5284575,210.34834222,204.88868806,206.02611601,209.74171398,7029557.0,191922032.23,1.0,0.654318,1.0,-1.77151,62.706468,5.764869,4.695217,1924.116874,0.0
2018-12-24,sz.002714,206.93605837,222.32924996,205.04034512,220.96433642,206.02611601,13238354.0,375398916.85,1.0,1.232239,1.0,7.250641,67.253091,6.182859,5.035651,2063.62774,0.0
2018-12-25,sz.002714,217.17290992,222.9358782,216.94542433,218.61365199,220.96433642,10820890.0,312813550.55,1.0,1.007219,1.0,-1.063828,66.537633,6.117084,4.98208,2041.674253,0.0
2018-12-26,sz.002714,218.61365199,225.2107341,217.24873845,218.00702375,218.61365199,9372934.0,274153251.82,1.0,0.872442,1.0,-0.277489,66.352998,6.10011,4.968256,2036.008838,0.0
2018-12-27,sz.002714,221.34347907,221.34347907,213.22982636,215.12553961,218.00702375,7000377.0,200271489.44,1.0,0.652289,1.0,-1.321736,65.475985,6.019483,4.902588,2009.098112,0.0
2018-12-28,sz.002714,213.22982636,219.67525141,213.15399783,218.00702375,215.12553961,6410398.0,183359074.19,1.0,0.597315,1.0,1.33944,66.352998,6.10011,4.968256,2036.008838,0.0
2019-01-02,sz.002714,217.70370963,223.6941635,213.22982636,219.97856553,218.00702375,8293156.0,240137014.17,1.0,0.696,1.0,0.904349,66.95306,6.155276,5.013186,2054.421439,0.0
2019-01-03,sz.002714,222.40507849,224.98324851,215.73216785,216.8695958,219.97856553,7269212.0,211482833.9,1.0,0.610066,1.0,-1.413305,66.006809,6.068284,4.942334,2025.386183,0.0
2019-01-04,sz.002714,215.73216785,229.60878884,215.65633932,225.9690194,216.8695958,11839732.0,348402438.58,1.0,0.993645,1.0,4.1958,68.776325,6.322897,5.149705,2110.367421,0.0
2019-01-07,sz.002714,225.89319087,240.60392569,222.9358782,239.01152656,225.9690194,12190940.0,376859387.24,1.0,1.02312,1.0,5.771816,72.745965,6.687843,5.446936,2232.173863,0.0
2019-01-08,sz.002714,235.14427153,239.99729745,231.42867356,235.59924271,239.01152656,10503287.0,324769886.89,1.0,0.881484,1.0,-1.427667,71.707397,6.592363,5.369172,2200.305898,0.0
2019-01-09,sz.002714,235.67507124,239.99729745,231.50450209,232.0353018,235.59924271,11224916.0,346512878.42,1.0,0.942047,1.0,-1.512711,70.62267,6.492639,5.287952,2167.02158,0.0
2019-01-10,sz.002714,232.7935871,232.7935871,227.10644735,227.71307559,232.0353018,8991792.0,271429281.09,1.0,0.754633,1.0,-1.862744,69.307149,6.371698,5.189451,2126.655492,0.0
2019-01-11,sz.002714,229.0021606,235.8267283,227.86473265,229.15381766,227.71307559,10450382.0,319349063.36,1.0,0.877044,1.0,0.632696,69.745656,6.412011,5.222285,2140.110855,0.0
2019-01-14,sz.002714,229.7604459,238.02575567,229.45713178,229.7604459,229.15381766,12982756.0,398608190.65,1.0,1.089573,1.0,0.264725,69.93029,6.428986,5.236109,2145.77627,0.0
2019-01-15,sz.002714,230.82204532,230.89787385,223.23919232,227.78890412,229.7604459,10265340.0,307064567.35,1.0,0.861515,1.0,-0.85808,69.330229,6.373819,5.191179,2127.363669,0.0
2019-01-16,sz.002714,227.40976147,232.0353018,224.75576292,226.34816205,227.78890412,9969880.0,298695720.34,1.0,0.836718,1.0,-0.632492,68.891722,6.333506,5.158345,2113.908306,0.0
2019-01-17,sz.002714,227.10644735,228.62301795,223.6941635,226.04484793,226.34816205,7450673.0,222507107.47,1.0,0.625295,1.0,-0.134006,68.799405,6.325019,5.151433,2111.075598,0.0
2019-01-18,sz.002714,225.74153381,248.64174987,225.74153381,248.64174987,226.04484793,20430355.0,644653178.01,1.0,1.714609,1.0,9.996651,75.677037,6.957308,5.666403,2322.11234,0.0
2019-01-21,sz.002714,250.234149,250.234149,237.79827008,238.32906979,248.64174987,18881511.0,603327569.31,1.0,1.584623,1.0,-4.147608,72.538252,6.668747,5.431383,2225.80027,0.0
2019-01-22,sz.002714,236.66084213,245.00198043,234.61347182,239.76981186,238.32906979,9595933.0,303169262.68,1.0,0.805335,1.0,0.60452,72.976759,6.70906,5.464217,2239.255633,0.0
2019-01-23,sz.002714,239.99729745,247.80763604,237.72244155,245.00198043,239.76981186,11028608.0,355265173.4,1.0,0.925572,1.0,2.182165,74.56923,6.855463,5.583455,2288.119845,0.0
2019-01-24,sz.002714,244.1678666,248.7175784,242.651296,247.04935074,245.00198043,6809103.0,220970245.49,1.0,0.571451,1.0,0.835656,75.192372,6.912751,5.630114,2307.240624,0.0
2019-01-25,sz.002714,247.04935074,247.80763604,239.6181548,244.09203807,247.04935074,6457412.0,207562571.05,1.0,0.541936,1.0,-1.197063,74.292279,6.830002,5.562718,2279.621721,0.0
2019-01-28,sz.002714,245.53278014,247.58015045,239.23901215,244.62283778,244.09203807,6443189.0,207504620.15,1.0,0.540742,1.0,0.217458,74.453834,6.844854,5.574815,2284.57896,0.0
2019-01-29,sz.002714,244.09203807,256.67957405,243.10626718,255.5421461,244.62283778,9575734.0,318904466.13,1.0,0.80364,1.0,4.46374,77.777254,7.15039,5.823659,2386.556446,0.0
2019-01-30,sz.002714,254.0255755,263.8832844,250.61329165,252.43317637,255.5421461,9601112.0,323763532.85,1.0,0.805769,1.0,-1.216617,76.831002,7.063397,5.752808,2357.52119,0.0
2019-01-31,sz.002714,253.49477579,263.65579881,251.7507196,261.98757115,252.43317637,10846620.0,372372380.08,1.0,0.910298,1.0,3.784915,79.738995,7.330741,5.970547,2446.75149,0.0
2019-02-01,sz.002714,262.13922821,266.9164256,260.0918579,261.98757115,261.98757115,7073156.0,244937306.87,1.0,0.593612,1.0,0.0,79.738995,7.330741,5.970547,2446.75149,0.0
2019-02-11,sz.002714,263.65579881,288.22424253,263.50414175,288.22424253,261.98757115,12062556.0,447707508.28,1.0,1.012345,1.0,10.01447,87.724434,8.064876,6.568466,2691.780727,0.0
2019-02-12,sz.002714,291.9398405,294.82132464,286.6318434,292.6981258,288.22424253,9188355.0,350815217.42,1.0,0.771129,1.0,1.552224,89.086113,8.190061,6.670423,2733.56317,0.0
2019-02-13,sz.002714,291.63652638,300.73594998,287.61761429,294.66966758,292.6981258,11160446.0,428976402.84,1.0,0.936636,1.0,0.673581,89.686174,8.245227,6.715353,2751.975771,0.0
2019-02-14,sz.002714,291.9398405,295.50378141,288.22424253,291.71235491,294.66966758,9190759.0,352535056.32,1.0,0.771331,1.0,-1.003601,88.786082,8.162478,6.647958,2724.356869,0.0
2019-02-15,sz.002714,291.33321226,320.90633896,289.05835636,320.90633896,291.71235491,19924306.0,815624872.4,1.0,1.672139,1.0,10.00779,97.671614,8.979362,7.313272,2997.005009,0.0
2019-02-18,sz.002714,321.13382455,348.65958094,320.90633896,330.6123908,320.90633896,18546448.0,804389996.38,1.0,1.556503,1.0,3.024572,100.625764,9.25095,7.534467,3087.651663,0.0
2019-02-19,sz.002714,330.6123908,359.50306073,321.96793838,343.65489796,330.6123908,16230122.0,723278545.61,1.0,1.362106,1.0,3.944957,104.595405,9.615895,7.831699,3209.458105,0.0
2019-02-20,sz.002714,345.7780968,359.88220338,332.50810405,346.91552475,343.65489796,16404467.0,749875077.63,1.0,1.376738,1.0,0.948809,105.587815,9.707132,7.906007,3239.909715,0.0
2019-02-21,sz.002714,346.23306798,380.81087766,339.86347146,358.51728984,346.91552475,20464247.0,972807645.08,1.0,1.717454,1.0,3.34426,109.118948,10.031764,8.170404,3348.260794,0.0
2019-02-22,sz.002714,356.394091,366.70677108,347.67381005,360.79214574,358.51728984,13704831.0,644581585.36,1.0,1.150172,1.0,0.634524,109.811327,10.095417,8.222247,3369.506104,0.0
2019-02-25,sz.002714,357.1523763,359.80637485,333.94884612,348.12878123,360.79214574,28410869.0,1301212188.99,1.0,2.384371,1.0,-3.509882,105.957084,9.74108,7.933656,3251.240547,0.0
2019-02-26,sz.002714,343.73072649,376.1095088,336.29953055,364.12860106,348.12878123,26804400.0,1257728689.59,1.0,2.249549,1.0,4.59595,110.826817,10.188775,8.298283,3400.665891,0.0
2019-02-27,sz.002714,359.04808955,368.5266558,343.35158384,349.34203771,364.12860106,18893017.0,879330898.58,1.0,1.585589,1.0,-4.06081,106.326352,9.775029,7.961305,3262.571379,0.0
2019-02-28,sz.002714,345.0198115,359.95803191,332.8872467,339.63598587,349.34203771,19920899.0,900893636.48,1.0,1.671853,1.0,-2.778378,179.538746,9.503441,6.976138,3171.924725,0.0
2019-03-01,sz.002714,345.09564003,355.25666305,340.69758529,348.811238,339.63598587,16501725.0,755791076.55,1.0,1.384901,1.0,2.701494,184.388977,9.760176,7.164598,3257.61414,0.0
2019-03-04,sz.002714,370.57402611,383.6923618,359.27557514,383.6923618,348.811238,23884601.0,1182773386.94,1.0,2.004506,1.0,9.999996,202.827875,10.736194,7.881058,3583.375554,0.0
2019-03-05,sz.002714,398.78223927,422.06159798,385.9672177,404.1660649,383.6923618,26148977.0,1397573910.32,1.0,2.194542,1.0,5.33597,213.650706,11.309074,8.301589,3774.583341,0.0
2019-03-06,sz.002714,401.05709517,415.84365852,392.0335001,404.1660649,404.1660649,19142999.0,1020584687.26,1.0,1.606569,1.0,0.0,213.650706,11.309074,8.301589,3774.583341,0.0
2019-03-07,sz.002714,409.32240494,411.29394672,382.9340765,390.82024362,404.1660649,20476957.0,1066007630.09,1.0,1.71852,1.0,-3.302061,206.595824,10.935641,8.027465,3649.944191,0.0
2019-03-08,sz.002714,382.55493385,426.83879537,371.63562553,414.0237738,390.82024362,24037922.0,1291964944.84,1.0,2.017373,1.0,5.937131,218.861699,11.584905,8.504067,3866.646349,0.0
2019-03-11,sz.002714,431.4643357,439.57798841,399.6163531,414.70623057,414.0237738,23398118.0,1285763748.38,1.0,1.963678,1.0,0.164835,219.22246,11.604001,8.518085,3873.019942,0.0
2019-03-12,sz.002714,404.9243502,445.41678522,398.0997825,427.29376655,414.70623057,33163007.0,1858083984.31,1.0,2.783192,1.0,3.03529,225.876497,11.956216,8.776633,3990.577322,0.0
2019-03-13,sz.002714,424.639768,434.72496249,385.58807505,387.63544536,427.29376655,27139379.0,1461329832.58,1.0,2.277661,1.0,-9.281277,204.912272,10.846526,7.962049,3620.200757,0.0
2019-03-14,sz.002714,383.6923618,383.76819033,360.1855175,377.39859381,387.63544536,24495187.0,1205401811.92,1.0,2.055749,1.0,-2.640842,199.500857,10.560086,7.751784,3524.596864,0.0
2019-03-15,sz.002714,394.308356,405.53097844,384.07150445,401.73955194,377.39859381,16420054.0,858554525.68,1.0,1.378046,1.0,6.449667,212.368,11.241177,8.251748,3751.921677,0.0
2019-03-18,sz.002714,423.1231974,441.92867284,414.17543086,441.92867284,401.73955194,25339517.0,1443780007.88,1.0,2.126609,1.0,10.00377,233.612817,12.365719,9.077235,4127.25548,0.0
2019-03-19,sz.002714,447.388327,451.86221027,434.34581984,441.24621607,441.92867284,14302009.0,832965726.74,1.0,1.20029,1.0,-0.154427,233.252056,12.346623,9.063217,4120.881887,0.0
2019-03-20,sz.002714,439.72964547,442.0803299,400.67795252,423.50234005,441.24621607,22118522.0,1221279239.96,1.0,1.856288,1.0,-4.02131,223.872269,11.850127,8.698757,3955.168472,0.0
2019-03-21,sz.002714,416.82942941,429.64445098,408.10914846,422.74405475,423.50234005,15878867.0,878690151.0,1.0,1.332628,1.0,-0.179048,223.471424,11.828909,8.683182,3948.086702,0.0
2019-03-22,sz.002714,423.8814827,429.64445098,391.2752148,414.40291645,422.74405475,20173942.0,1083606218.24,1.0,1.69309,1.0,-1.973091,219.062122,11.595514,8.511854,3870.187234,0.0
2019-03-25,sz.002714,398.0997825,415.5403444,395.8249266,404.9243502,414.40291645,11106555.0,595821890.61,1.0,0.932113,1.0,-2.287283,214.051552,11.330292,8.317164,3781.66511,0.0
2019-03-26,sz.002714,414.0237738,433.05673483,410.68731848,417.8152003,404.9243502,18112176.0,1008065582.26,1.0,1.520057,1.0,3.183515,220.865927,11.690994,8.581943,3902.055198,0.0
2019-03-27,sz.002714,413.87211674,431.00936452,400.3746384,422.81988328,417.8152003,18095034.0,1000692549.04,1.0,1.555701,1.0,1.197822,223.511508,11.828859,8.684739,-65.468419,0.0
2019-03-28,sz.002714,418.87679972,464.8288889,417.43605765,453.68209499,422.81988328,21466557.0,1265717138.37,1.0,1.845564,1.0,7.299145,239.825924,12.692264,9.318651,-70.24705,0.0
2019-03-29,sz.002714,454.51620882,495.9185862,451.9380388,480.07042343,453.68209499,19731539.0,1243259638.27,1.0,1.696398,1.0,5.816479,253.775351,13.430507,9.860668,-74.332956,0.0
2019-04-01,sz.002714,492.80961647,528.06988292,492.43047382,528.06988292,480.07042343,17819346.0,1205375017.51,1.0,1.531999,1.0,9.998417,279.148878,14.773346,10.846579,-81.765077,0.0
2019-04-02,sz.002714,535.65273592,546.04124453,498.9517274,513.20749104,528.06988292,18109709.0,1237424835.94,1.0,1.556963,1.0,-2.814473,271.292304,14.357554,10.541305,-79.46382,0.0
2019-04-03,sz.002714,504.2597245,513.05583398,497.81429945,507.82366541,513.20749104,11856082.0,789297619.92,1.0,1.019314,1.0,-1.049053,268.4463,14.206935,10.430721,-78.630202,0.0
2019-04-04,sz.002714,500.468298,549.30187132,500.468298,529.51062499,507.82366541,17453848.0,1200349807.67,1.0,1.500576,1.0,4.27057,279.910485,14.813652,10.876172,-81.988158,0.0
2019-04-08,sz.002714,534.5911365,534.5911365,504.2597245,511.00846367,529.51062499,22189367.0,1508174299.7,1.0,1.907707,1.0,-3.494204,270.129852,14.296033,10.496137,-79.123328,0.0
2019-04-09,sz.002714,504.41138156,512.6008628,498.72424181,505.62463804,511.00846367,11470308.0,764362046.28,1.0,0.986147,1.0,-1.053567,267.283848,14.145415,10.385553,-78.289709,0.0
2019-04-10,sz.002714,505.09383833,515.40651841,496.6768715,501.9848686,505.62463804,10146679.0,673574318.12,1.0,0.87235,1.0,-0.719861,265.359789,14.043588,10.310792,-77.726136,0.0
2019-04-11,sz.002714,499.7100127,514.8757187,489.16984703,506.30709481,501.9848686,11132097.0,740721334.07,1.0,0.95707,1.0,0.861027,267.644609,14.164507,10.39957,-78.395379,0.0
2019-04-12,sz.002714,507.06538011,538.382563,496.82852856,516.3922893,506.30709481,14207132.0,972258850.54,1.0,1.221443,1.0,1.991915,272.975856,14.446652,10.606721,-79.956947,0.0
2019-04-15,sz.002714,517.75720284,548.2402719,504.2597245,518.13634549,516.3922893,13514264.0,944013371.9,1.0,1.161874,1.0,0.337744,-908.895281,15.339607,10.414938,-153.556265,0.0
2019-04-16,sz.002714,510.93263514,528.14571145,489.0940185,509.64355013,518.13634549,15103736.0,1005343381.95,1.0,1.298527,1.0,-1.639108,-893.997539,15.088175,10.244226,-151.039317,0.0
2019-04-17,sz.002714,510.3260069,536.8659924,504.86635274,525.11257025,509.64355013,18299049.0,1260226899.95,1.0,1.573241,1.0,3.035264,-921.132712,15.546141,10.555165,-155.623757,0.0
2019-04-18,sz.002714,515.634004,535.12193621,508.051151,509.5677216,525.11257025,13279432.0,907749542.86,1.0,1.141685,1.0,-2.960293,-893.864523,15.08593,10.242702,-151.016845,0.0
2019-04-19,sz.002714,507.97532247,511.8425775,499.10338446,502.7431539,509.5677216,9920154.0,658208608.12,1.0,0.852875,1.0,-1.339277,-881.893123,14.883887,10.105523,-148.994298,0.0
2019-04-22,sz.002714,505.7762951,525.18839878,505.0180098,513.3591481,502.7431539,21546463.0,1465062844.18,1.0,1.852434,1.0,2.111605,-900.515301,15.198177,10.318912,-152.140482,0.0
2019-04-23,sz.002714,514.8757187,525.4917129,501.9848686,507.14120864,513.3591481,18476927.0,1254691773.67,1.0,1.588534,1.0,-1.211226,-889.608025,15.014092,10.193927,-150.297717,0.0
2019-04-24,sz.002714,513.3591481,524.50594201,500.468298,519.4254305,507.14120864,19082398.0,1298327184.07,1.0,1.640589,1.0,2.422253,-911.156545,15.377771,10.440849,-153.938301,0.0
2019-04-25,sz.002714,521.7002864,564.54340585,517.1505746,541.03656155,519.4254305,35179829.0,2531175762.82,1.0,3.024548,1.0,4.160582,-949.065978,16.017576,10.875249,-160.343034,0.0
2019-04-26,sz.002714,530.0414247,536.41102122,498.11761357,499.10338446,541.03656155,27112750.0,1831612737.86,1.0,2.330989,1.0,-7.750524,-875.508377,14.77613,10.03236,-147.915606,0.0
2019-04-29,sz.002714,492.885445,498.9517274,466.80043068,467.1037448,499.10338446,15745415.0,1000199474.69,1.0,1.353695,1.0,-6.411427,-819.375813,13.828769,9.389143,-138.432108,0.0
2019-04-30,sz.002714,466.49711656,496.98018562,462.62986153,486.0608773,467.1037448,18291717.0,1174075710.39,1.0,1.572611,1.0,4.058442,-852.629701,14.390002,9.770196,-144.050294,0.0
2019-05-06,sz.002714,462.47820447,491.06556028,447.31249847,455.57780824,486.0608773,16340767.0,1003950064.68,1.0,1.40488,1.0,-6.271446,-799.157449,13.48754,9.157463,-135.01625,0.0
2019-05-07,sz.002714,468.99945805,479.9945949,435.48324779,462.554033,455.57780824,18202467.0,1113197579.68,1.0,1.564937,1.0,1.531289,-811.394879,13.694074,9.29769,-137.083743,0.0
2019-05-08,sz.002714,454.97118,457.17020737,420.99999856,439.42633135,462.554033,21656573.0,1248674841.07,1.0,1.861901,1.0,-4.999999,-770.825136,13.00937,8.832806,-130.229556,0.0
2019-05-09,sz.002714,436.0140475,456.56357913,436.0140475,450.49729673,439.42633135,14117138.0,833207906.24,1.0,1.213706,1.0,2.519412,-790.245406,13.33713,9.055341,-133.510576,0.0
2019-05-10,sz.002714,459.67254886,474.38328368,452.92380969,466.72460215,450.49729673,16667790.0,1027535734.11,1.0,1.432995,1.0,3.602086,-818.710735,13.817545,9.381522,-138.319744,0.0
2019-05-13,sz.002714,467.71037304,467.71037304,452.54466704,454.44038029,466.72460215,9877761.0,595853072.68,1.0,0.84923,1.0,-2.632005,-797.162215,13.453866,9.1346,-134.679159,0.0
2019-05-14,sz.002714,454.97118,465.20803155,444.73432845,452.54466704,454.44038029,14865336.0,895964053.81,1.0,1.278031,1.0,-0.417153,-793.836826,13.397743,9.096495,-134.117341,0.0
2019-05-15,sz.002714,457.17020737,463.46397536,452.31718145,459.90003445,452.54466704,12391948.0,748099534.12,1.0,1.065384,1.0,1.625337,-806.739335,13.615501,9.244343,-136.297197,0.0
2019-05-16,sz.002714,462.554033,475.29322604,461.0374624,467.17957333,459.90003445,15701535.0,972392596.28,1.0,1.349923,1.0,1.582851,-819.508828,13.831014,9.390667,-138.45458,0.0
2019-05-17,sz.002714,469.68191482,478.70550989,451.86221027,454.2128947,467.17957333,13696994.0,839447977.95,1.0,1.177584,1.0,-2.775522,-796.763169,13.447131,9.130027,-134.611741,0.0
2019-05-20,sz.002714,450.87643938,450.87643938,417.28440059,422.06159798,454.2128947,17704415.0,993819929.03,1.0,1.522118,1.0,-7.078466,-740.364574,12.495281,8.483762,-125.083297,0.0
2019-05-21,sz.002714,427.74873773,446.6300417,426.00468154,444.3551858,422.06159798,12814547.0,739568286.52,1.0,1.101717,1.0,5.282067,-779.471147,13.15529,8.93188,-131.690284,0.0
2019-05-22,sz.002714,441.3220446,457.62517855,436.99981839,441.47370166,444.3551858,11485111.0,676615346.96,1.0,0.98742,1.0,-0.648459,-774.416555,13.069983,8.87396,-130.83632,0.0
2019-05-23,sz.002714,442.0803299,449.6631829,420.69668444,422.3649121,441.47370166,13350447.0,754486748.98,1.0,1.14779,1.0,-4.32841,-740.896636,12.504261,8.489858,-125.173188,0.0
2019-05-24,sz.002714,422.3649121,432.222621,399.6163531,410.30817583,422.3649121,20018231.0,1086681984.34,1.0,1.721046,1.0,-2.854578,-719.747163,12.147317,8.247509,-121.600022,0.0
2019-05-27,sz.002714,417.056915,450.26981114,413.64463115,445.8717564,410.30817583,23265162.0,1337491585.39,1.0,2.000197,1.0,8.667526,-782.131458,13.200189,8.962364,-132.139739,0.0
2019-05-28,sz.002714,454.81952294,469.90940041,447.61581259,465.81465979,445.8717564,26563194.0,1615621116.28,1.0,2.283742,1.0,4.472791,-817.114548,13.790606,9.363232,-138.050071,0.0
2019-05-29,sz.002714,456.56357913,463.69146095,445.79592787,448.98072613,465.81465979,25550929.0,1527087516.22,1.0,2.196714,1.0,-3.613871,-787.585095,13.292231,9.024857,-133.061122,0.0
2019-05-30,sz.002714,455.12283706,469.68191482,441.92867284,460.65831975,448.98072613,21370136.0,1288286215.69,1.0,1.837274,1.0,2.600914,-808.069491,13.63795,9.259585,-136.521924,0.0
2019-05-31,sz.002714,461.64409064,482.64859345,445.8717564,480.37373755,460.65831975,26887299.0,1662380991.15,1.0,2.311607,1.0,4.279833,-842.653535,14.221632,9.65588,-142.364838,0.0
2019-06-03,sz.002714,492.885445,517.83303137,478.02305312,493.94704442,480.37373755,27161348.0,1786115196.38,1.0,2.335168,1.0,2.825574,-866.463319,14.623475,9.928714,-146.387459,0.0
2019-06-04,sz.002714,486.8191626,504.2597245,471.80511366,488.03241908,493.94704442,19635444.0,1259401734.31,1.0,1.688136,1.0,-1.197419,-856.088106,14.44837,9.809826,-144.634585,0.0
2019-06-05,sz.002714,479.2363096,487.5774479,467.78620157,470.136886,488.03241908,15843611.0,992365871.04,1.0,1.362137,1.0,-3.666875,-824.696435,13.918567,9.450112,-139.331017,0.0
2019-06-06,sz.002714,455.19866559,457.09437884,433.7391916,439.88130253,470.136886,28109390.0,1644894747.81,1.0,2.416675,1.0,-6.435487,-771.623229,13.022839,8.841951,-130.364392,0.0
2019-06-10,sz.002714,440.94290195,443.5969005,422.21325504,439.805474,439.88130253,12989994.0,746425710.81,1.0,1.116801,1.0,-0.017236,-771.490213,13.020595,8.840427,-130.341919,0.0
2019-06-11,sz.002714,442.15615843,466.95208774,438.44056046,466.95208774,439.805474,16295602.0,980141379.28,1.0,1.400997,1.0,6.172417,-819.109782,13.82428,9.386095,-138.387162,0.0
2019-06-12,sz.002714,458.7626065,471.88094219,457.32186443,463.16066124,466.95208774,10771414.0,658938906.83,1.0,0.926061,1.0,-0.811952,-812.459004,13.712033,9.309884,-137.263525,0.0
2019-06-13,sz.002714,470.136886,476.05151134,457.70100708,470.136886,463.16066124,11665619.0,714589191.68,1.0,1.002939,1.0,1.506218,-824.696435,13.918567,9.450112,-139.331017,0.0
2019-06-14,sz.002714,464.14643213,475.4448831,462.62986153,468.39282981,470.136886,11815405.0,731727443.98,1.0,1.015817,1.0,-0.370967,-821.637077,13.866933,9.415055,-138.814144,0.0
2019-06-17,sz.002714,471.04682836,488.03241908,452.6963241,457.85266414,468.39282981,14635416.0,903192061.44,1.0,1.258264,1.0,-2.250282,-803.147915,13.554888,9.203189,-135.690433,0.0
2019-06-18,sz.002714,462.70569006,475.4448831,451.9380388,473.47334132,457.85266414,16222618.0,998357532.63,1.0,1.394722,1.0,3.411722,-830.549119,14.017344,9.517177,-140.319818,0.0
2019-06-19,sz.002714,496.6768715,497.4351568,467.1037448,469.75774335,473.47334132,19848837.0,1262499516.63,1.0,1.706482,1.0,-0.78475,-824.031357,13.907342,9.442491,-139.218654,0.0
2019-06-20,sz.002714,469.45442923,470.06105747,454.59203735,465.20803155,469.75774335,17630909.0,1069435062.84,1.0,1.515798,1.0,-0.968527,-816.050424,13.772646,9.351038,-137.870289,0.0
2019-06-21,sz.002714,460.65831975,463.76728948,439.72964547,445.49261375,465.20803155,24066921.0,1422046954.03,1.0,2.069128,1.0,-4.237976,-781.46638,13.188964,8.954743,-132.027375,0.0
2019-06-24,sz.002714,439.805474,458.23180679,432.75342071,453.37878087,445.49261375,14621641.0,860285142.19,1.0,1.25708,1.0,1.770214,-795.299997,13.422437,9.113261,-134.364541,0.0
2019-06-25,sz.002714,447.08501288,451.9380388,436.08987603,441.62535872,453.37878087,9991309.0,582544559.89,1.0,0.858992,1.0,-2.592406,-774.682587,13.074473,8.877008,-130.881265,0.0
2019-06-26,sz.002714,436.08987603,444.81015698,432.60176365,439.805474,441.62535872,8010476.0,463827930.26,1.0,0.688692,1.0,-0.412091,-771.490213,13.020595,8.840427,-130.341919,0.0
2019-06-27,sz.002714,439.42633135,446.25089905,436.7723328,443.5969005,439.805474,8935789.0,521187919.81,1.0,0.768245,1.0,0.862069,-778.140991,13.132841,8.916638,-131.465557,0.0
2019-06-28,sz.002714,443.82438609,446.78169876,441.62535872,445.79592787,443.5969005,5521601.0,323775459.46,1.0,0.474714,1.0,0.495728,-781.998442,13.197944,8.96084,-132.117266,0.0
2019-07-01,sz.002714,448.9048976,468.39282981,439.57798841,464.90471743,445.79592787,14130675.0,849446056.15,1.0,1.21487,1.0,4.286444,-815.518362,13.763666,9.344941,-137.780398,0.0
2019-07-02,sz.002714,465.43551714,483.7860214,462.554033,480.67705167,464.90471743,16322400.0,1029538282.76,1.0,1.403301,1.0,3.392592,-843.185597,14.230612,9.661977,-142.454729,0.0
2019-07-03,sz.002714,477.719739,483.33105022,459.14174915,461.71991917,480.67705167,15179443.0,934923040.17,1.0,1.305036,1.0,-3.94384,-809.931708,13.669379,9.280924,-136.836543,0.0
2019-07-04,sz.002714,465.8180373,465.969819,445.0239444,447.52834245,461.7199314,13352754.0,797290836.37,1.0,1.147989,1.0,-3.073634,-784.392722,13.238353,8.988276,-132.521776,0.0
2019-07-05,sz.002714,451.3987758,467.56352685,447.98368755,463.31363925,447.52834245,14044421.0,846059251.24,1.0,1.207454,1.0,3.527214,-812.059957,13.705298,9.305312,-137.196107,0.0
2019-07-08,sz.002714,470.52327,482.8175877,464.98323795,477.58111905,463.31363925,21445261.0,1347519259.69,1.0,1.843733,1.0,3.079445,-837.066881,14.127345,9.591863,-141.420983,0.0
2019-07-09,sz.002714,470.75094255,497.0850675,465.2109105,491.772708,477.58111905,22649418.0,1445404985.71,1.0,1.947259,1.0,2.97156,-861.94079,14.547147,9.876891,-145.623386,0.0
2019-07-10,sz.002714,490.93790865,506.4955329,484.183623,490.63434525,491.772708,14565859.0,949593113.24,1.0,1.252284,1.0,-0.231484,-859.945557,14.513473,9.854028,-145.286295,0.0
2019-07-11,sz.002714,493.1387433,500.50015575,484.3354047,494.5047786,490.63434525,11598080.0,753191033.34,1.0,0.997132,1.0,0.788866,-866.72935,14.627964,9.931762,-146.432405,0.0
2019-07-12,sz.002714,496.0225956,499.9689198,484.56307725,495.03601455,494.5047786,10699986.0,694064198.83,1.0,0.91992,1.0,0.107427,-867.660459,14.643679,9.942432,-146.589714,0.0
2019-07-15,sz.002714,496.326159,530.3252598,491.772708,523.0397382,495.03601455,17696084.0,1191721164.08,1.0,1.521402,1.0,5.656898,-916.743198,15.472058,10.504866,-154.882157,0.0
2019-07-16,sz.002714,522.129048,529.49046045,516.05778,518.56217805,523.0397382,12424506.0,853448041.45,1.0,1.068184,1.0,-0.85606,-908.895281,15.339607,10.414938,-153.556265,0.0
2019-07-17,sz.002714,522.81206565,561.51639915,516.8166885,532.67787615,518.56217805,29028294.0,2065587822.53,1.0,2.495676,1.0,2.722085,-933.636174,15.757164,10.698441,-157.736195,0.0
2019-07-18,sz.002714,532.37431275,544.97219385,523.646865,534.95460165,532.67787615,15775620.0,1113617914.73,1.0,1.356292,1.0,0.427405,-937.62664,15.824512,10.744167,-158.410378,0.0
2019-07-19,sz.002714,533.58856635,545.27575725,529.18689705,544.51684875,534.95460165,14079909.0,998078218.25,1.0,1.210505,1.0,1.787491,-954.3866,16.107373,10.936218,-161.241943,0.0
2019-07-22,sz.002714,541.93655985,557.038839,527.1378441,536.16885525,544.51684875,16229871.0,1155309930.68,1.0,1.395346,1.0,-1.533099,-939.754889,15.860431,10.768555,-158.769942,0.0
2019-07-23,sz.002714,531.23595,541.2535422,522.96384735,533.3608938,536.16885525,11767203.0,822605597.18,1.0,1.011673,1.0,-0.523712,-934.833314,15.777369,10.712159,-157.93845,0.0
2019-07-24,sz.002714,533.5126755,540.342852,528.200316,536.62420035,533.3608938,10785617.0,759034619.42,1.0,0.927282,1.0,0.611839,-940.552982,15.873901,10.7777,-158.904778,0.0
2019-07-25,sz.002714,533.89212975,545.6552115,531.8430768,544.21328535,536.62420035,10619257.0,754441950.16,1.0,0.912979,1.0,1.414227,-953.854538,16.098394,10.930121,-161.152052,0.0
2019-07-26,sz.002714,541.2535422,550.13277165,534.271584,542.9231409,544.21328535,12952863.0,922579283.79,1.0,1.1136,1.0,-0.2371,-951.593273,16.06023,10.904209,-160.770016,0.0
2019-07-29,sz.002714,542.69546835,578.288277,533.9680206,576.77046,542.9231409,20850917.0,1539103397.01,1.0,1.792635,1.0,6.234273,-1010.918211,17.061469,11.584008,-170.79286,0.0
2019-07-30,sz.002714,576.6186783,591.56917575,569.9402835,585.5737986,576.77046,15159375.0,1164751791.72,1.0,1.3033,1.0,1.5263,-1026.348015,17.321881,11.760816,-173.399698,0.0
2019-07-31,sz.002714,582.0828195,593.466447,578.66773125,581.323911,585.5737986,10867985.0,838288549.41,1.0,0.9344,1.0,-0.7258,-1018.899144,17.196165,11.67546,-172.141225,0.0
2019-08-01,sz.002714,577.8329319,597.79222545,577.5293685,587.31928815,581.323911,13812066.0,1074334171.98,1.0,1.1875,1.0,1.0313,-1029.407373,17.373514,11.795873,-173.916571,0.0
2019-08-02,sz.002714,579.3507489,595.7431725,579.3507489,593.466447,587.31928815,12812336.0,994937725.95,1.0,1.1015,1.0,1.0466,-1040.181632,17.555353,11.919334,-175.736864,0.0
2019-08-05,sz.002714,600.37251435,611.30079675,586.56037965,588.912996,593.466447,17517937.0,1382960091.93,1.0,1.5061,1.0,-0.7673,-1032.200699,17.420658,11.827882,-174.388499,0.0
2019-08-06,sz.002714,559.84680045,581.7792561,543.378486,571.1545371,588.912996,20755037.0,1551018636.83,1.0,1.7844,1.0,-3.0155,-1001.07506,16.895344,11.471216,-169.129877,0.0
2019-08-07,sz.002714,577.5293685,594.984264,567.663558,571.53399135,571.1545371,14000299.0,1068112337.23,1.0,1.2037,1.0,0.0664,-1001.740137,16.906569,11.478837,-169.242241,0.0
2019-08-08,sz.002714,576.69456915,583.98009075,566.67697695,574.26606195,571.53399135,9667565.0,731342269.17,1.0,0.8312,1.0,0.478,-1006.528697,16.987386,11.533709,-170.051259,0.0
2019-08-09,sz.002714,578.81951295,578.97129465,550.967571,552.0300429,574.26606195,14352450.0,1065066514.66,1.0,1.2339,1.0,-3.8721,-967.55514,16.329621,11.087115,-163.466745,0.0
2019-08-12,sz.002714,550.6640076,572.217009,536.01707355,557.41829325,552.0300429,22520680.0,1649100166.87,1.0,1.9362,1.0,0.9761,-976.999244,16.489012,11.195334,-165.06231,0.0
2019-08-13,sz.002714,557.7977475,565.3868325,550.2086625,551.80237035,557.41829325,10628248.0,778962185.09,1.0,0.9138,1.0,-1.0075,-967.156093,16.322887,11.082542,-163.399327,0.0
2019-08-14,sz.002714,557.72185665,557.72185665,545.27575725,548.5390638,551.80237035,13317065.0,965203973.85,1.0,1.1449,1.0,-0.5914,-961.436424,16.226355,11.017001,-162.432999,0.0
2019-08-15,sz.002714,540.0392886,552.485388,534.65103825,549.07029975,548.5390638,13645169.0,979874069.77,1.0,1.1731,1.0,0.0968,-962.367533,16.242069,11.027671,-162.590308,0.0
2019-08-16,sz.002714,550.967571,580.18554825,546.5659017,569.9402835,549.07029975,17107834.0,1276569832.24,1.0,1.4708,1.0,3.801,-998.946811,16.859425,11.446829,-168.770313,0.0
2019-08-19,sz.002714,573.35537175,575.93566065,512.94625515,541.48121475,569.9402835,42099905.0,2964263822.04,1.0,3.6195,1.0,-4.9933,-949.065978,16.017576,10.875249,-160.343034,0.0
2019-08-20,sz.002714,531.23595,543.30259515,526.30304475,534.65103825,541.48121475,14528106.0,1021911123.35,1.0,1.249,1.0,-1.2614,-937.094578,15.815533,10.73807,-158.320487,0.0
2019-08-21,sz.002714,534.271584,538.74914415,531.23595,532.52609445,534.65103825,9139844.0,643812881.63,1.0,0.7858,1.0,-0.3974,-933.370143,15.752674,10.695392,-157.69125,0.0
2019-08-22,sz.002714,530.09758725,545.6552115,523.646865,539.96339775,532.52609445,11861203.0,838918034.09,1.0,1.0198,1.0,1.3966,-946.405667,15.972678,10.844765,-159.893579,0.0
2019-08-23,sz.002714,542.54368665,542.54368665,527.4414075,529.8699147,539.96339775,9006294.0,631238384.79,1.0,0.7743,1.0,-1.8693,-928.714598,15.674102,10.642045,-156.904704,0.0
2019-08-26,sz.002714,525.0129003,541.860669,524.4057735,541.02586965,529.8699147,12016403.0,843541433.81,1.0,1.0331,1.0,2.1054,-948.267885,16.004107,10.866104,-160.208197,0.0
2019-08-27,sz.002714,561.59229,595.1360457,555.6728037,594.3771372,541.02586965,34044639.0,2602757811.05,1.0,2.9173,1.0,9.8611,368.522778,17.066058,10.862309,590.28201,0.0
2019-08-28,sz.002714,598.7788065,623.9745687,586.6362705,612.5909412,594.3771372,23391244.0,1872125381.26,1.0,2.0044,1.0,3.0644,379.815611,17.589022,11.195168,608.370325,0.0
2019-08-29,sz.002714,613.57752225,624.20224125,602.4215673,609.47941635,612.5909412,15457848.0,1241264704.93,1.0,1.3246,1.0,-0.5079,377.886419,17.499682,11.138304,605.280237,0.0
2019-08-30,sz.002714,609.63119805,625.9477308,599.537715,610.162434,609.47941635,18840951.0,1519253085.02,1.0,1.6145,1.0,0.1121,378.3099,17.519293,11.150787,605.958549,0.0
2019-09-02,sz.002714,611.30079675,622.30497,595.7431725,609.17585295,610.162434,17366396.0,1387699551.37,1.0,1.4881,1.0,-0.1617,391.584273,18.134021,11.542052,627.220799,0.0
2019-09-03,sz.002714,614.63999415,625.340604,607.7339268,614.715885,609.17585295,13552954.0,1095352344.33,1.0,1.1614,1.0,0.9094,395.14546,18.298937,11.647019,632.924938,0.0
2019-09-04,sz.002714,607.1268,619.8764628,603.6358209,608.3410536,614.715885,16041435.0,1286384054.48,1.0,1.3746,1.0,-1.037,391.047656,18.109171,11.526235,626.361272,0.0
2019-09-05,sz.002714,614.715885,629.7422733,603.3322575,625.26471315,608.3410536,17724376.0,1433024293.22,1.0,1.5188,1.0,2.7819,401.926352,18.612956,11.846888,643.786242,0.0
2019-09-06,sz.002714,621.5460615,621.92551575,567.663558,576.9222417,625.26471315,35069733.0,2724083133.74,1.0,3.0051,1.0,-7.7315,370.851332,17.173892,10.930943,594.011775,0.0
2019-09-09,sz.002714,578.1364953,578.288277,542.6195775,553.8514233,576.9222417,37353336.0,2731944252.28,1.0,3.2008,1.0,-3.9989,356.021181,16.487117,10.493821,570.257555,0.0
2019-09-10,sz.002714,553.3960782,565.2350508,548.6908455,554.003205,553.8514233,16496212.0,1208646811.76,1.0,1.4136,1.0,0.0274,356.118748,16.491635,10.496696,570.413833,0.0
2019-09-11,sz.002714,544.66863045,552.485388,529.718133,529.718133,554.003205,28381958.0,2013622316.15,1.0,2.4321,1.0,-4.3836,340.508063,15.768714,10.036567,545.409391,0.0
2019-09-12,sz.002714,531.16005915,535.0304925,519.32108655,533.5126755,529.718133,13322377.0,930011020.9,1.0,1.1416,1.0,0.7163,342.947233,15.88167,10.108462,549.316335,0.0
2019-09-16,sz.002714,538.0661265,555.14156775,532.753767,546.41412,533.5126755,19355638.0,1395161317.31,1.0,1.6586,1.0,2.4182,351.240409,16.265722,10.352906,562.599945,0.0
2019-09-17,sz.002714,544.7445213,555.2174586,543.5302677,548.6908455,546.41412,9816713.0,710769478.86,1.0,0.8412,1.0,0.4167,352.703911,16.333496,10.396043,564.944111,0.0
2019-09-18,sz.002714,548.6908455,550.43633505,542.69546835,547.0212468,548.6908455,6947884.0,500314803.89,1.0,0.5954,1.0,-0.3043,351.630676,16.283795,10.364409,563.225056,0.0
2019-09-19,sz.002714,547.931937,569.7885018,540.41874285,569.0295933,547.0212468,15742683.0,1161462503.51,1.0,1.349,1.0,4.0233,365.777859,16.938942,10.781401,585.885331,0.0
2019-09-20,sz.002714,564.627924,574.56962535,560.8333815,568.95370245,569.0295933,10330178.0,772007813.48,1.0,0.8852,1.0,-0.0133,365.729076,16.936683,10.779963,585.807192,0.0
2019-09-23,sz.002714,565.3868325,567.43588545,548.6908455,549.9050991,568.95370245,8556237.0,627201914.85,1.0,0.7332,1.0,-3.348,353.484445,16.369642,10.41905,566.194333,0.0
2019-09-24,sz.002714,548.31139125,548.31139125,523.72275585,527.36551665,549.9050991,20231929.0,1414411484.9,1.0,1.7337,1.0,-4.0988,338.995778,15.698681,9.991992,542.987085,0.0
2019-09-25,sz.002714,527.4414075,534.7269291,522.5843931,528.200316,527.36551665,11647716.0,811873912.03,1.0,0.9981,1.0,0.1583,339.532396,15.723531,10.007809,543.846613,0.0
2019-09-26,sz.002714,528.200316,533.2091121,475.3802844,475.3802844,528.200316,34116431.0,2186238249.07,1.0,2.9235,1.0,-10.0,305.579156,14.151178,9.007028,489.461952,0.0
2019-09-27,sz.002714,482.0586792,520.4594493,482.0586792,516.05778,475.3802844,26815423.0,1787691546.09,1.0,2.2978,1.0,8.5568,331.727053,15.362071,9.777745,531.344392,0.0
2019-09-30,sz.002714,517.19614275,541.93655985,516.05778,535.0304925,516.05778,16042829.0,1129615534.55,1.0,1.3747,1.0,3.6765,343.922901,15.926853,10.137221,550.879112,0.0
2019-10-08,sz.002714,558.556656,572.8241358,542.6195775,570.31973775,535.0304925,25508289.0,1887734111.2,1.0,2.1858,1.0,6.5957,366.607177,16.977347,10.805846,587.213692,0.0
2019-10-09,sz.002714,575.252643,579.806094,563.8690155,576.77046,570.31973775,17102660.0,1293287791.02,1.0,1.4655,1.0,1.1311,370.753765,17.169373,10.928068,593.855497,0.0
2019-10-10,sz.002714,581.323911,628.90747395,577.5293685,622.38086085,576.77046,30585691.0,2465322086.66,1.0,2.6209,1.0,7.9079,400.072583,18.527109,11.792248,640.816965,0.0
2019-10-11,sz.002714,616.15781115,634.9028511,612.4391595,624.5816955,622.38086085,19878933.0,1639032260.89,1.0,1.7034,1.0,0.3536,401.487301,18.592624,11.833947,643.082992,0.0
2019-10-14,sz.002714,624.5816955,633.6885975,607.8857085,631.03241775,624.5816955,21956530.0,1809128706.82,1.0,1.8815,1.0,1.0328,115.45909,11.172506,11.277391,104.53475,0.0
2019-10-15,sz.002714,622.30497,648.107859,620.6353713,635.88943215,631.03241775,14930080.0,1243741581.14,1.0,1.2794,1.0,0.7697,116.347771,11.2585,11.364193,105.339347,0.0
2019-10-16,sz.002714,633.6885975,635.88943215,622.30497,624.96114975,635.88943215,10554617.0,874879698.26,1.0,0.9044,1.0,-1.7186,114.348239,11.065014,11.16889,103.529004,0.0
2019-10-17,sz.002714,628.30034715,640.29110145,620.0282445,630.27350925,624.96114975,10541926.0,875483070.58,1.0,0.9033,1.0,0.85,115.320234,11.15907,11.263829,104.409032,0.0
2019-10-18,sz.002714,632.1707805,672.8482761,626.0995125,662.5271205,630.27350925,24420557.0,2112679476.66,1.0,2.0926,1.0,5.1174,121.22163,11.730124,11.840244,109.752059,0.0
2019-10-21,sz.002714,671.6340225,688.3300095,664.72795515,669.88853295,662.5271205,25413197.0,2263009756.78,1.0,2.1777,1.0,1.1111,122.568537,11.860458,11.971802,110.971526,0.0
2019-10-22,sz.002714,671.6340225,685.2943755,655.16570805,681.499833,669.88853295,17660871.0,1564928674.38,1.0,1.5134,1.0,1.7333,124.69304,12.066038,12.179312,112.895016,0.0
2019-10-23,sz.002714,680.4373611,686.053284,672.46882185,678.38830815,681.499833,11359630.0,1017258820.1,1.0,0.9734,1.0,-0.4566,124.123729,12.010948,12.123704,112.379571,0.0
2019-10-24,sz.002714,682.5623049,695.08429515,672.392931,688.0264461,678.38830815,15681110.0,1415313198.22,1.0,1.3437,1.0,1.4207,125.887205,12.181592,12.295951,113.976193,0.0
2019-10-25,sz.002714,698.11992915,756.85944705,683.7765585,756.85944705,688.0264461,30603997.0,2918488466.84,1.0,2.6225,1.0,10.0044,138.48148,13.400289,13.526088,125.378841,0.0
2019-10-28,sz.002714,742.212513,786.229206,732.3467025,757.2389013,756.85944705,28108251.0,2795834789.93,1.0,2.4086,1.0,0.0501,138.550908,13.407007,13.53287,125.4417,0.0
2019-10-29,sz.002714,758.1495915,786.229206,748.283781,766.72525755,757.2389013,21493294.0,2177582469.86,1.0,1.8418,1.0,1.2528,140.286613,13.574964,13.702404,127.013179,0.0
2019-10-30,sz.002714,761.0334438,778.56423015,736.21713585,760.2745353,766.72525755,16036987.0,1596868962.56,1.0,1.3742,1.0,-0.8413,139.106334,13.460754,13.587121,125.944573,0.0
2019-10-31,sz.002714,766.497585,770.8992543,736.67248095,747.5248725,760.2745353,15175971.0,1494988772.04,1.0,1.3004,1.0,-1.677,136.773546,13.235019,13.359267,123.832506,0.0
2019-11-01,sz.002714,733.4091744,736.141245,700.4725455,718.30689525,747.5248725,27314485.0,2582292739.22,1.0,2.3406,1.0,-3.9086,131.427575,12.717711,12.837103,118.992352,0.0
2019-11-04,sz.002714,712.08384555,730.75299465,708.28930305,725.9718711,718.30689525,19756489.0,1876456701.25,1.0,1.6929,1.0,1.0671,132.830025,12.853421,12.974086,120.262107,0.0
2019-11-05,sz.002714,726.04776195,752.0783235,724.83350835,752.0783235,725.9718711,20584216.0,2011427404.13,1.0,1.7639,1.0,3.5961,137.606685,13.315639,13.440643,124.586816,0.0
2019-11-06,sz.002714,752.15421435,752.3818869,696.60211215,719.36936715,752.0783235,28094417.0,2659682100.86,1.0,2.4074,1.0,-4.3491,131.621974,12.736523,12.856091,119.168358,0.0
2019-11-07,sz.002714,713.37399,744.26156595,705.784905,726.1236528,719.36936715,17035780.0,1636324831.86,1.0,1.4598,1.0,0.9389,132.857796,12.856108,12.976799,120.287251,0.0
2019-11-08,sz.002714,726.1236528,731.8913574,702.97694355,705.9366867,726.1236528,13829519.0,1298035357.78,1.0,1.1851,1.0,-2.7801,129.164216,12.498695,12.616031,116.943144,0.0
2019-11-11,sz.002714,699.713637,730.3735404,698.19582,712.4632998,705.9366867,14610536.0,1377334795.2,1.0,1.252,1.0,0.9245,130.358381,12.61425,12.73267,118.024322,0.0
2019-11-12,sz.002714,710.41424685,739.7840058,710.41424685,728.55216,712.4632998,16458881.0,1577734050.87,1.0,1.4104,1.0,2.2582,133.302137,12.899105,13.020199,120.689549,0.0
2019-11-13,sz.002714,728.47626915,739.10098815,708.0616305,714.36057105,728.55216,16367375.0,1559171822.11,1.0,1.4025,1.0,-1.9479,130.705522,12.647841,12.766577,118.338617,0.0
2019-11-14,sz.002714,722.480892,724.37816325,704.267088,720.58362075,714.36057105,10826222.0,1023051534.95,1.0,0.9277,1.0,0.8711,131.844144,12.758021,12.877791,119.369507,0.0
2019-11-15,sz.002714,713.37399,713.37399,683.70066765,688.9371363,720.58362075,18553151.0,1696741149.46,1.0,1.5898,1.0,-4.3918,126.053833,12.197716,12.312226,114.127055,0.0
2019-11-18,sz.002714,685.37026635,709.95890175,663.05835645,702.52159845,688.9371363,20197243.0,1843007462.3,1.0,1.7307,1.0,1.9718,128.539362,12.438231,12.554999,116.377412,0.0
2019-11-19,sz.002714,708.820539,727.41379725,705.9366867,726.1236528,702.52159845,14854981.0,1408449550.27,1.0,1.2729,1.0,3.3596,132.857796,12.856108,12.976799,120.287251,0.0
2019-11-20,sz.002714,728.55216,730.3735404,699.713637,701.9903625,726.1236528,15450299.0,1455901730.56,1.0,1.3239,1.0,-3.3236,128.442163,12.428825,12.545505,116.289409,0.0
2019-11-21,sz.002714,702.749271,717.54798675,697.7404749,709.80712005,701.9903625,10884479.0,1018291830.99,1.0,0.9327,1.0,1.1135,129.872384,12.567222,12.685201,117.584308,0.0
2019-11-22,sz.002714,714.891807,723.61925475,687.95055525,698.19582,709.80712005,12222664.0,1140833772.54,1.0,1.0474,1.0,-1.6358,127.747881,12.361642,12.477691,115.660818,0.0
2019-11-25,sz.002714,698.9547285,704.267088,671.4822408,677.0981637,698.19582,14634471.0,1314349742.66,1.0,1.254,1.0,-3.0217,123.887673,11.988106,12.100648,112.16585,0.0
2019-11-26,sz.002714,686.43273825,692.65578795,675.04911075,690.606735,677.0981637,11091343.0,1001521890.67,1.0,0.9504,1.0,1.9951,126.359317,12.227277,12.342064,114.403635,0.0
2019-11-27,sz.002714,689.46837225,697.36102065,678.7677624,682.5623049,690.606735,8241088.0,744093665.6,1.0,0.7062,1.0,-1.1648,124.887439,12.084849,12.198299,113.071021,0.0
2019-11-28,sz.002714,683.3212134,697.96814745,670.4197689,686.8121925,682.5623049,9149534.0,828915893.99,1.0,0.784,1.0,0.6226,125.665035,12.160094,12.27425,113.775044,0.0
2019-11-29,sz.002714,688.1782278,690.606735,651.9024015,658.732578,686.8121925,20022807.0,1745287172.55,1.0,1.7158,1.0,-4.0884,120.527348,11.662941,11.77243,109.123467,0.0
2019-12-02,sz.002714,680.66503365,700.9278906,676.11158265,684.30779445,658.732578,19230906.0,1744722849.77,1.0,1.6479,1.0,3.8825,125.206809,12.115753,12.229494,113.360173,0.0
2019-12-03,sz.002714,688.1782278,708.44108475,676.87049115,682.63819575,684.30779445,15646469.0,1422343081.41,1.0,1.3408,1.0,-0.244,124.901325,12.086193,12.199656,113.083593,0.0
2019-12-04,sz.002714,682.2587415,689.088918,669.9644238,687.571101,682.63819575,8716775.0,780502496.18,1.0,0.7469,1.0,0.7226,125.803891,12.17353,12.287813,113.900762,0.0
2019-12-05,sz.002714,693.642369,694.17360495,681.12037875,686.053284,687.571101,9044859.0,817303843.33,1.0,0.7751,1.0,-0.2207,125.526179,12.146657,12.260688,113.649325,0.0
2019-12-06,sz.002714,690.68262585,711.0972645,688.4817912,691.74509775,686.053284,17808270.0,1640849165.73,1.0,1.526,1.0,0.8296,126.567602,12.247432,12.362408,114.592213,0.0
2019-12-09,sz.002714,689.77193565,691.74509775,665.5627545,673.1518395,691.74509775,19565289.0,1734330346.22,1.0,1.6766,1.0,-2.6879,123.16562,11.918236,12.030122,111.512115,0.0
2019-12-10,sz.002714,659.4914865,659.4914865,630.6529635,637.48314,673.1518395,31532321.0,2669797409.07,1.0,2.702,1.0,-5.2988,116.639369,11.286717,11.392674,105.603355,0.0
2019-12-11,sz.002714,633.6885975,640.6705557,623.2156602,624.96114975,637.48314,16841058.0,1394575722.41,1.0,1.4431,1.0,-1.9643,114.348239,11.065014,11.16889,103.529004,0.0
2019-12-12,sz.002714,634.82696025,640.29110145,625.7959491,626.93431185,624.96114975,13715108.0,1141285523.16,1.0,1.1753,1.0,0.3157,114.709266,11.099949,11.204153,103.855871,0.0
2019-12-13,sz.002714,625.26471315,636.64834065,606.29200065,631.79132625,626.93431185,14271431.0,1177273298.73,1.0,1.2229,1.0,0.7747,115.597947,11.185943,11.290954,104.660468,0.0
2019-12-16,sz.002714,633.6885975,635.58586875,617.82740985,628.9833648,631.79132625,14027129.0,1153300498.9,1.0,1.202,1.0,-0.4444,115.084178,11.136227,11.240772,104.195311,0.0
2019-12-17,sz.002714,628.90747395,644.3133165,622.30497,635.6617596,628.9833648,18433239.0,1546306868.12,1.0,1.5796,1.0,1.0618,116.306114,11.254469,11.360124,105.301632,0.0
2019-12-18,sz.002714,630.8047452,639.000957,621.5460615,621.62195235,635.6617596,15039961.0,1243213917.21,1.0,1.2888,1.0,-2.2087,113.737271,11.005893,11.109214,102.975843,0.0
2019-12-19,sz.002714,621.5460615,626.4030759,613.0462863,619.64879025,621.62195235,13115937.0,1070605262.03,1.0,1.1239,1.0,-0.3174,113.376244,10.970958,11.073951,102.648976,0.0
2019-12-20,sz.002714,618.5104275,633.61270665,615.39890265,630.9565269,619.64879025,19272286.0,1591570176.44,1.0,1.6515,1.0,1.8249,115.445204,11.171162,11.276035,104.522178,0.0
2019-12-23,sz.002714,632.1707805,636.5724498,607.20269085,608.4928353,630.9565269,17709156.0,1439961768.71,1.0,1.5175,1.0,-3.5603,111.335055,10.77344,10.874579,100.800917,0.0
2019-12-24,sz.002714,608.41694445,613.8051948,591.1897215,597.79222545,608.4928353,14620276.0,1151120719.56,1.0,1.2528,1.0,-1.7585,109.37718,10.583984,10.683345,99.028289,0.0
2019-12-25,sz.002714,598.39935225,602.8769124,591.94863,593.3146653,597.79222545,9118197.0,716467107.23,1.0,0.7813,1.0,-0.749,108.557927,10.504709,10.603325,98.286552,0.0
2019-12-26,sz.002714,597.2609895,598.4752431,586.25681625,590.2790313,593.3146653,8651728.0,674423411.84,1.0,0.7414,1.0,-0.5116,108.002502,10.450962,10.549074,97.783678,0.0
2019-12-27,sz.002714,597.94400715,631.18419945,593.6182287,629.66638245,590.2790313,28861900.0,2341710944.81,1.0,2.4732,1.0,6.6727,115.209149,11.14832,11.252979,104.308457,0.0
2019-12-30,sz.002714,632.1707805,646.81771455,616.233702,645.8311335,629.66638245,24881267.0,2080585057.71,1.0,2.1321,1.0,2.5672,118.16679,11.434519,11.541864,106.986257,0.0
2019-12-31,sz.002714,646.590042,686.8121925,646.4382603,673.83485715,645.8311335,28172743.0,2486689591.16,1.0,2.4141,1.0,4.3361,123.290591,11.930329,12.042328,111.625261,0.0
2020-01-02,sz.002714,683.39710425,704.7224331,683.09354085,696.8297847,673.83485715,21280097.0,1952824561.17,1.0,1.8235,1.0,3.4125,127.497939,12.337457,12.453278,115.434525,0.0
2020-01-03,sz.002714,701.0796723,710.86959195,676.3392552,689.088918,696.8297847,16455070.0,1488092261.76,1.0,1.41,1.0,-1.1109,126.081604,12.200404,12.314939,114.152199,0.0
2020-01-06,sz.002714,679.982016,692.95935135,679.2231075,685.67382975,689.088918,11866869.0,1073677069.76,1.0,1.0169,1.0,-0.4956,125.45675,12.139939,12.253906,113.586466,0.0
2020-01-07,sz.002714,686.8121925,720.88718415,685.67382975,711.856173,685.67382975,19911955.0,1861821186.78,1.0,1.7063,1.0,3.8185,130.247296,12.603501,12.72182,117.923747,0.0
2020-01-08,sz.002714,714.96769785,731.20833975,703.3563978,720.0523848,711.856173,20107373.0,1910094072.41,1.0,1.723,1.0,1.1514,131.746945,12.748616,12.868297,119.281504,0.0
2020-01-09,sz.002714,719.445258,725.3647443,705.784905,709.65533835,720.0523848,10942138.0,1027554619.34,1.0,0.9376,1.0,-1.4439,129.844612,12.564535,12.682488,117.559164,0.0
2020-01-10,sz.002714,708.820539,709.04821155,684.15601275,688.9371363,709.65533835,14823767.0,1350723262.34,1.0,1.2703,1.0,-2.9195,126.053833,12.197716,12.312226,114.127055,0.0
2020-01-13,sz.002714,688.0264461,702.82516185,681.499833,693.4905873,688.9371363,12767401.0,1165009482.76,1.0,1.094,1.0,0.6609,126.886971,12.278336,12.393602,114.881365,0.0
2020-01-14,sz.002714,694.78073175,701.15556315,684.00423105,689.16480885,693.4905873,9745072.0,887727806.54,1.0,0.8351,1.0,-0.6238,128.586635,12.442805,12.559616,116.420212,0.0
2020-01-15,sz.002714,720.8112933,720.963075,673.83485715,680.5891428,689.16480885,19991889.0,1830498207.35,1.0,1.7131,1.0,-1.2444,126.986559,12.287972,12.403329,114.97153,0.0
2020-01-16,sz.002714,680.5891428,700.85199975,668.4466068,686.8121925,680.5891428,13139651.0,1192272535.02,1.0,1.1259,1.0,0.9144,128.147676,12.400329,12.516741,116.022786,0.0
2020-01-17,sz.002714,687.34342845,691.9727703,668.5983885,674.0625297,686.8121925,12146893.0,1082403566.87,1.0,1.0409,1.0,-1.8564,125.768802,12.170135,12.284386,113.868993,0.0
2020-01-20,sz.002714,674.3660931,694.32538665,657.9736695,689.31659055,674.0625297,13921383.0,1250576372.0,1.0,1.1929,1.0,2.263,128.614955,12.445546,12.562382,116.445852,0.0
2020-01-21,sz.002714,687.2675376,690.4549533,670.875114,671.6340225,689.31659055,8533507.0,761564925.37,1.0,0.7312,1.0,-2.5652,125.315683,12.126289,12.240128,113.458746,0.0
2020-01-22,sz.002714,666.9287898,666.9287898,632.6261256,653.04076425,671.6340225,18006559.0,1536863715.83,1.0,1.543,1.0,-2.7684,121.846492,11.790589,11.901277,110.317798,0.0
2020-01-23,sz.002714,636.7242315,648.33553155,612.1355961,619.8764628,653.04076425,16275277.0,1346424656.48,1.0,1.3946,1.0,-5.0784,115.658588,11.191811,11.296877,104.715372,0.0
2020-02-03,sz.002714,557.87363835,581.0203476,557.87363835,558.556656,619.8764628,26378711.0,1966443009.26,1.0,2.2604,1.0,-9.8923,104.217337,10.084687,10.17936,94.356652,0.0
2020-02-04,sz.002714,569.40904755,614.4123216,569.181375,614.4123216,558.556656,22866294.0,1808239548.66,1.0,1.9594,1.0,10.0,114.63907,11.093156,11.197297,103.792318,0.0
2020-02-05,sz.002714,629.96994585,644.1615348,618.88988175,621.77373405,614.4123216,19645703.0,1628721561.53,1.0,1.6835,1.0,1.1981,116.012587,11.226066,11.331454,105.035877,0.0
2020-02-06,sz.002714,644.9204433,683.9283402,623.0638785,683.9283402,621.77373405,26703096.0,2330780767.45,1.0,2.2882,1.0,9.9963,127.609597,12.348261,12.464184,115.535618,0.0
2020-02-07,sz.002714,674.6696565,715.8024972,655.31748975,701.61090825,683.9283402,25849745.0,2375036959.86,1.0,2.2151,1.0,2.5854,130.908869,12.667518,12.786439,118.522724,0.0
2020-02-10,sz.002714,701.8385808,771.051036,701.8385808,752.91312285,701.61090825,28798860.0,2851051147.19,1.0,2.4678,1.0,7.3121,140.481005,13.593775,13.721391,127.189178,0.0
2020-02-11,sz.002714,752.91312285,781.675755,752.91312285,758.98439085,752.91312285,20429030.0,2055947669.8,1.0,1.7506,1.0,0.8064,141.613802,13.703391,13.832036,128.214794,0.0
2020-02-12,sz.002714,758.83260915,764.2208595,739.176879,745.62760125,758.98439085,22088599.0,2177789563.22,1.0,1.8928,1.0,-1.7598,139.121648,13.462236,13.588616,125.958439,0.0
2020-02-13,sz.002714,748.8909078,756.10053855,729.99408615,745.02047445,745.62760125,15899763.0,1556677450.61,1.0,1.3625,1.0,-0.0814,139.008369,13.451274,13.577552,125.855877,0.0
2020-02-14,sz.002714,757.390683,808.3893342,757.390683,804.51890085,745.02047445,31203965.0,3241116781.53,1.0,2.6739,1.0,7.9862,150.109781,14.525512,14.661875,135.906912,0.0
2020-02-17,sz.002714,804.51890085,818.48281725,787.06400535,800.26901325,804.51890085,20827720.0,2193622577.39,1.0,1.7847,1.0,-0.5283,149.316823,14.448781,14.584423,135.188981,0.0
2020-02-18,sz.002714,789.26484,810.13482375,782.51055435,806.34028125,800.26901325,14917807.0,1570833473.9,1.0,1.2783,1.0,0.7587,150.44962,14.558397,14.695069,136.214597,0.0
2020-02-19,sz.002714,812.032095,849.44628405,812.032095,818.103363,806.34028125,23364285.0,2556315290.35,1.0,2.0021,1.0,1.4588,150.44962,14.558397,14.695069,136.214597,0.0
2020-02-20,sz.002714,832.90207875,838.5938925,812.1838767,821.21488785,818.103363,18169064.0,1968242615.42,1.0,1.5569,1.0,0.3803,153.224973,14.826957,14.966149,138.727355,0.0
2020-02-21,sz.002714,819.62118,855.97289715,807.478644,838.2903291,821.21488785,19639298.0,2160428568.75,1.0,1.6829,1.0,2.0793,156.410965,15.135252,15.277339,141.6119,0.0
2020-02-24,sz.002714,827.210265,861.3611475,815.8266375,846.71421345,838.2903291,21458131.0,2376996002.28,1.0,1.8388,1.0,1.0049,157.982721,15.287345,15.430859,143.034942,0.0
2020-02-25,sz.002714,835.5582585,918.279285,832.5226245,910.46252745,846.71421345,28204863.0,3293811325.31,1.0,2.4169,1.0,7.5289,169.877091,16.438315,16.592634,153.803907,0.0
2020-02-26,sz.002714,910.00718235,925.86837,872.82066585,880.33386,910.46252745,26878817.0,3180195834.16,1.0,2.3033,1.0,-3.3092,164.255585,15.894344,16.043557,148.714289,0.0
2020-02-27,sz.002714,880.33386,936.493089,865.15569,900.065481,880.33386,33040550.0,3938945856.09,1.0,2.8313,1.0,2.2414,42.762675,12.663017,12.930233,34.623473,0.0
2020-02-28,sz.002714,866.0663802,919.87299285,865.99048935,884.1284025,900.065481,26238756.0,3088221334.35,1.0,2.2484,1.0,-1.7707,42.005495,12.438798,12.701283,34.01041,0.0
2020-03-02,sz.002714,876.5393175,937.1002158,876.15986325,910.6902,884.1284025,34004152.0,4083285654.22,1.0,2.9138,1.0,3.0043,43.267462,12.812496,13.082867,35.032182,0.0
2020-03-03,sz.002714,924.57822555,931.939638,904.99838625,907.57867515,910.6902,22914017.0,2767071249.22,1.0,1.9635,1.0,-0.3417,43.119632,12.76872,13.038167,34.912489,0.0
2020-03-04,sz.002714,899.38246335,941.04654,899.38246335,923.5916445,907.57867515,23643445.0,2886069330.83,1.0,2.026,1.0,1.7644,43.880418,12.994006,13.268207,35.528471,0.0
2020-03-05,sz.002714,933.457455,986.4292683,924.9576798,960.778161,923.5916445,32599652.0,4118241251.8,1.0,2.7935,1.0,4.0263,45.647173,13.517183,13.802424,36.958952,0.0
2020-03-06,sz.002714,944.8410825,1011.54913965,944.8410825,971.40288,960.778161,35920569.0,4640307977.04,1.0,3.0781,1.0,1.1058,46.15196,13.666662,13.955058,37.367661,0.0
2020-03-09,sz.002714,971.32698915,1061.8647732,961.5370695,1013.06695665,971.40288,37196401.0,4965642532.55,1.0,3.1874,1.0,4.2891,48.131446,14.252834,14.553599,38.970383,0.0
2020-03-10,sz.002714,1017.8480802,1039.704645,956.45238255,988.93366635,1013.06695665,31614711.0,4108884743.66,1.0,2.7091,1.0,-2.3822,46.984858,13.913303,14.206903,38.04203,0.0
2020-03-11,sz.002714,986.58105,1016.6338266,949.8498786,967.3047741,988.93366635,28546823.0,3694816674.93,1.0,2.4462,1.0,-2.1871,45.957256,13.609006,13.896185,37.210016,0.0
2020-03-12,sz.002714,950.153442,963.58612245,910.6902,924.350553,967.3047741,26582677.0,3248070078.63,1.0,2.2779,1.0,-4.4406,43.916474,13.004683,13.27911,35.557665,0.0
2020-03-13,sz.002714,877.1464443,952.4301675,876.61520835,930.421821,924.350553,23777482.0,2865917535.55,1.0,2.0375,1.0,0.6568,44.204924,13.0901,13.366329,35.791213,0.0
2020-03-16,sz.002714,942.564357,943.1714838,841.09829055,865.15569,930.421821,27622539.0,3226282430.25,1.0,2.367,1.0,-7.0147,41.104089,12.171871,12.428723,33.280573,0.0
2020-03-17,sz.002714,884.81142015,897.9405372,823.8710676,865.3074717,865.15569,20826957.0,2360291106.84,1.0,1.7847,1.0,0.0175,41.1113,12.174007,12.430904,33.286412,0.0
2020-03-18,sz.002714,880.33386,950.153442,877.52589855,891.79337835,865.3074717,31775903.0,3828302589.38,1.0,2.7229,1.0,3.0609,42.369662,12.546637,12.811397,34.305264,0.0
2020-03-19,sz.002714,892.55228685,918.279285,868.9502325,911.67678105,891.79337835,21488875.0,2536958891.84,1.0,1.8414,1.0,2.2296,43.314335,12.826376,13.09704,35.070134,0.0
2020-03-20,sz.002714,926.7790602,934.5199269,873.57957435,885.6462195,911.67678105,21521057.0,2534179624.56,1.0,1.8442,1.0,-2.8552,42.077607,12.460152,12.723088,34.068797,0.0
2020-03-23,sz.002714,846.941886,867.8877606,831.0048075,846.1829775,885.6462195,21161069.0,2360029730.53,1.0,1.8133,1.0,-4.4559,40.202684,11.904944,12.156164,32.550736,0.0
2020-03-24,sz.002714,872.744775,880.33386,848.6114847,870.99928545,846.1829775,19188231.0,2187932587.88,1.0,1.6442,1.0,2.9327,41.381722,12.254085,12.512672,33.505363,0.0
2020-03-25,sz.002714,898.547664,910.6902,881.0927685,898.3958823,870.99928545,17856634.0,2101766030.18,1.0,1.5301,1.0,3.1454,42.683351,12.639527,12.906248,34.559248,0.0
2020-03-26,sz.002714,886.405128,912.208017,880.7892051,895.51203,898.3958823,13812741.0,1638964851.16,1.0,1.1836,1.0,-0.321,42.546338,12.598954,12.864819,34.448312,0.0
2020-03-27,sz.002714,902.26631565,903.17700585,866.5217253,867.7359789,895.51203,16089182.0,1860599028.65,1.0,1.3787,1.0,-3.1017,41.22668,12.208173,12.465792,33.379831,0.0
2020-03-30,sz.002714,852.2542455,879.04371555,849.97752,868.9502325,867.7359789,10094475.0,1148081758.13,1.0,0.865,1.0,0.1399,41.28437,12.225257,12.483235,33.42654,0.0
2020-03-31,sz.002714,876.5393175,930.2700393,870.4680495,927.46207785,868.9502325,28418475.0,3426884559.36,1.0,2.4352,1.0,6.7336,44.064305,13.048459,13.32381,35.677358,0.0
2020-04-01,sz.002714,933.3056733,940.97064915,907.0474392,920.5560105,927.46207785,18975477.0,2308522544.52,1.0,1.626,1.0,-0.7446,43.736193,12.951298,13.224598,35.411697,0.0
2020-04-02,sz.002714,925.94426085,933.22978245,900.065481,914.71241505,920.5560105,14973699.0,1794504629.64,1.0,1.2831,1.0,-0.6348,43.45856,12.869084,13.140649,35.186908,0.0
2020-04-03,sz.002714,907.27511175,950.7605688,903.17700585,932.3949831,914.71241505,17112960.0,2108063587.56,1.0,1.4664,1.0,1.9331,44.29867,13.11786,13.394675,35.867116,0.0
2020-04-07,sz.002714,947.8767165,976.7152395,925.86837,973.6796055,932.3949831,22008389.0,2786437535.26,1.0,1.8859,1.0,4.4278,46.260128,13.698694,13.987765,37.455241,0.0
2020-04-08,sz.002714,971.40288,977.474148,927.386187,935.65828965,973.6796055,22863624.0,2852942568.51,1.0,1.9592,1.0,-3.9049,44.453712,13.163772,13.441555,35.992648,0.0
2020-04-09,sz.002714,933.457455,950.9123505,906.97154835,943.3232655,935.65828965,15894680.0,1940316860.08,1.0,1.362,1.0,0.8192,44.81788,13.27161,13.551669,36.287502,0.0
2020-04-10,sz.002714,938.010906,961.8406329,931.6360746,940.2876315,943.3232655,10437423.0,1298217754.52,1.0,0.8944,1.0,-0.3218,44.673655,13.228902,13.50806,36.170728,0.0
2020-04-13,sz.002714,931.939638,958.1978721,924.9576798,937.2519975,940.2876315,8850357.0,1098931837.28,1.0,0.7584,1.0,-0.3228,44.52943,13.186194,13.46445,36.053954,0.0
2020-04-14,sz.002714,947.5731531,963.9655767,936.56897985,945.37231845,937.2519975,11089538.0,1387366452.52,1.0,0.9503,1.0,0.8664,44.915231,13.300439,13.581106,36.366324,0.0
2020-04-15,sz.002714,941.04654,950.83645965,921.39080985,923.36397195,945.37231845,12938497.0,1585999274.03,1.0,1.1087,1.0,-2.328,43.869601,12.990803,13.264937,35.519713,0.0
2020-04-16,sz.002714,919.0381935,925.79247915,897.7887555,905.15016795,923.36397195,12982813.0,1552069653.77,1.0,1.1125,1.0,-1.9725,43.004252,12.734553,13.003279,34.81907,0.0
2020-04-17,sz.002714,910.6902,947.49726225,903.101115,940.81886745,905.15016795,17658037.0,2170486402.87,1.0,1.5131,1.0,3.9406,44.698894,13.236376,13.515692,36.191164,0.0
2020-04-20,sz.002714,937.4037792,950.53289625,929.6629125,941.8054485,940.81886745,10028368.0,1243718772.58,1.0,0.8593,1.0,0.1049,44.745767,13.250256,13.529865,36.229115,0.0
2020-04-21,sz.002714,939.60461385,944.46162825,923.4398628,937.32788835,941.8054485,9931731.0,1221199631.43,1.0,0.8515,1.0,-0.4754,44.533035,13.187261,13.465541,36.056873,0.0
2020-04-22,sz.002714,933.457455,973.60371465,930.421821,959.7156891,937.32788835,20798084.0,2625968738.98,1.0,1.7831,1.0,2.3885,45.596694,13.502235,13.787161,36.918081,0.0
2020-04-23,sz.002714,960.9299427,999.3307128,960.9299427,971.47877085,959.7156891,15213478.0,1965413849.87,1.0,1.3043,1.0,1.2257,46.155565,13.66773,13.956148,37.37058,0.0
2020-04-24,sz.002714,980.6615637,985.8221415,960.778161,974.438514,971.47877085,9697726.0,1246819813.38,1.0,0.6972,1.0,0.3047,46.296185,13.709371,13.998667,37.484435,0.0
2020-04-27,sz.002714,993.8665716,1036.3654476,974.7420774,1010.866122,974.438514,20319493.0,2703078736.61,1.0,1.4609,1.0,3.7383,27.223713,11.704058,11.633003,16.251813,0.0
2020-04-28,sz.002714,1016.93739,1024.3746933,986.58105,1014.6606645,1010.866122,15749338.0,2091607423.67,1.0,1.1323,1.0,0.3754,27.325904,11.747992,11.676671,16.312818,0.0
2020-04-29,sz.002714,1011.6250305,1014.5088828,972.99658785,978.2330565,1014.6606645,13381092.0,1738106207.09,1.0,0.962,1.0,-3.5901,26.344869,11.326224,11.257463,15.727167,0.0
2020-04-30,sz.002714,982.027599,983.6971977,953.26496685,966.849429,978.2330565,11539376.0,1465303219.9,1.0,0.8296,1.0,-1.1637,26.038296,11.194422,11.126461,15.544151,0.0
2020-05-06,sz.002714,947.5731531,955.84525575,932.01552885,939.528723,966.849429,17908997.0,2214156620.62,1.0,1.2876,1.0,-2.8257,25.30252,10.878096,10.812055,15.104913,0.0
2020-05-07,sz.002714,938.39036025,959.1085623,933.457455,938.39036025,939.528723,12090229.0,1506378222.13,1.0,0.8692,1.0,-0.1212,25.271862,10.864916,10.798955,15.086611,0.0
2020-05-08,sz.002714,940.36352235,943.3232655,919.87299285,935.7341805,938.39036025,11530745.0,1419055572.66,1.0,0.829,1.0,-0.2831,25.200329,10.834162,10.768388,15.043908,0.0
2020-05-11,sz.002714,925.86837,928.1450955,878.9678247,884.887311,935.7341805,32367261.0,3821323522.5,1.0,2.327,1.0,-5.4339,23.830968,10.245444,10.183244,14.226437,0.0
2020-05-12,sz.002714,876.5393175,894.07010385,875.0215005,880.56153255,884.887311,14173205.0,1646807006.59,1.0,1.019,1.0,-0.4889,23.71447,10.195359,10.133464,14.156891,0.0
2020-05-13,sz.002714,881.2445502,884.887311,863.86554555,875.0215005,880.56153255,18686151.0,2145858643.16,1.0,1.3434,1.0,-0.6291,23.565271,10.131215,10.069709,14.067823,0.0
2020-05-14,sz.002714,873.5036835,873.5036835,851.11588275,856.27646055,875.0215005,21074663.0,2382747396.32,1.0,1.5152,1.0,-2.1422,23.060447,9.914181,9.853992,13.766457,0.0
2020-05-15,sz.002714,863.637873,872.5929933,853.013154,865.15569,856.27646055,12967148.0,1475353500.4,1.0,0.9323,1.0,1.037,23.299574,10.016987,9.956174,13.909209,0.0
2020-05-18,sz.002714,871.9858665,910.31074575,871.9858665,905.3778405,865.15569,26989719.0,3201247999.45,1.0,1.9404,1.0,4.6491,24.3828,10.482689,10.419049,14.555865,0.0
2020-05-19,sz.002714,910.6902,917.3685948,877.298226,887.23992735,905.3778405,16436702.0,1930996127.34,1.0,1.1817,1.0,-2.0034,23.894326,10.272683,10.210318,14.26426,0.0
2020-05-20,sz.002714,880.33386,880.33386,852.8613723,859.8433305,887.23992735,20466849.0,2319597280.87,1.0,1.4715,1.0,-3.0878,23.156506,9.955479,9.895039,13.823802,0.0
2020-05-21,sz.002714,866.0663802,880.1820783,848.459703,869.709141,859.8433305,17335637.0,1965702569.49,1.0,1.2463,1.0,1.1474,23.422203,10.069708,10.008575,13.982415,0.0
2020-05-22,sz.002714,872.82066585,904.4671503,862.120056,884.65963845,869.709141,16800989.0,1964239334.96,1.0,1.2079,1.0,1.719,23.824836,10.242808,10.180624,14.222776,0.0
2020-05-25,sz.002714,894.52544895,920.17655625,894.52544895,907.3510026,884.65963845,22153464.0,2662616612.63,1.0,1.5927,1.0,2.565,24.435939,10.505534,10.441756,14.587588,0.0
2020-05-26,sz.002714,910.6902,914.40885165,881.32044105,890.0478888,907.3510026,12515256.0,1467454932.0,1.0,0.8998,1.0,-1.907,23.969948,10.305195,10.242632,14.309404,0.0
2020-05-27,sz.002714,885.7980012,887.922945,865.15569,872.2894299,890.0478888,10497448.0,1210694072.73,1.0,0.7547,1.0,-1.9952,23.491693,10.099583,10.038269,14.023899,0.0
2020-05-28,sz.002714,880.33386,886.405128,865.53514425,875.0215005,872.2894299,9526961.0,1099369137.05,1.0,0.6849,1.0,0.3132,23.565271,10.131215,10.069709,14.067823,0.0
2020-05-29,sz.002714,867.5841972,913.64994315,867.5841972,912.13212615,875.0215005,16269893.0,1924867458.43,1.0,1.1697,1.0,4.2411,24.5647,10.560891,10.496777,14.664455,0.0
2020-06-01,sz.002714,914.56063335,929.8146942,897.7887555,910.61430915,912.13212615,13032823.0,1558921554.05,1.0,0.937,1.0,-0.1664,24.523823,10.543318,10.47931,14.640053,0.0
2020-06-02,sz.002714,910.6902,948.55973415,910.61430915,923.21219025,910.61430915,14232123.0,1743446644.06,1.0,1.0232,1.0,1.3835,24.863098,10.689179,10.624285,14.84259,0.0
2020-06-03,sz.002714,935.2788354,944.8410825,906.97154835,912.89103465,923.21219025,12347197.0,1494654788.27,1.0,0.8877,1.0,-1.118,24.585138,10.569678,10.50551,14.676656,0.0
2020-06-04,sz.002714,914.9646334,928.70206274,895.65447329,928.70206274,912.89105916,17887337.0,1267589204.76,1.0,0.7565,1.0,1.732,24.898252,10.704292,10.639307,14.863576,0.0
2020-06-05,sz.002714,928.70206274,928.96125952,895.78407168,896.56166202,928.70206274,23541054.0,1643705818.69,1.0,0.9956,1.0,-3.4608,24.036576,10.33384,10.271103,14.349179,0.0
2020-06-08,sz.002714,911.0766817,912.3726656,887.7489715,900.96800728,896.56166202,15499704.0,1079365223.95,1.0,0.6555,1.0,0.4915,24.154709,10.384628,10.321583,14.419701,0.0
2020-06-09,sz.002714,903.68957347,913.40945272,892.9329071,899.4128266,900.96800728,11965997.0,830470199.99,1.0,0.5061,1.0,-0.1726,24.113015,10.366702,10.303767,14.394811,0.0
2020-06-10,sz.002714,899.4128266,924.29571748,895.91367007,902.26399118,899.4128266,20756337.0,1459847396.56,1.0,0.8778,1.0,0.317,24.189454,10.399565,10.33643,14.440443,0.0
2020-06-11,sz.002714,899.4128266,899.4128266,853.27579976,856.6453579,902.26399118,46135110.0,3099406554.88,1.0,1.9511,1.0,-5.056,22.966431,9.873761,9.813818,13.710332,0.0
2020-06-12,sz.002714,848.35106094,866.75403232,844.72230602,864.4212613,856.6453579,23001906.0,1526725002.39,1.0,0.9728,1.0,0.9077,23.174901,9.963387,9.9029,13.834783,0.0
2020-06-15,sz.002714,881.269052,916.77901086,881.13945361,897.20965397,864.4212613,32638928.0,2271597848.59,1.0,1.3803,1.0,3.7931,24.053949,10.341308,10.278527,14.35955,0.0
2020-06-16,sz.002714,907.18873,907.57752517,875.82591962,893.71049744,897.20965397,19968932.0,1361480358.5,1.0,0.8445,1.0,-0.39,23.960137,10.300977,10.23844,14.303547,0.0
2020-06-17,sz.002714,891.6369232,915.48302696,881.269052,907.18873,893.71049744,23389344.0,1626630997.98,1.0,0.9892,1.0,1.5081,24.321485,10.456328,10.392848,14.519262,0.0
2020-06-18,sz.002714,912.76146077,948.40101802,910.81748492,934.53399029,907.18873,31554289.0,2277549894.0,1.0,1.3345,1.0,3.0143,25.054604,10.771512,10.706118,14.956914,0.0
2020-06-19,sz.002714,942.1802953,976.91266382,930.90523537,971.08073627,934.53399029,33428706.0,2469929262.09,1.0,1.4137,1.0,3.9107,26.034412,11.192752,11.124802,15.541833,0.0
2020-06-22,sz.002714,973.2839089,1003.0915386,956.56571659,984.17017366,971.08073627,31974943.0,2423282055.61,1.0,1.3523,1.0,1.3479,26.385337,11.343622,11.274756,15.751325,0.0
2020-06-23,sz.002714,985.46615756,993.50125774,972.11752339,984.81816561,984.17017366,22560103.0,1710135299.17,1.0,0.9541,1.0,0.0658,26.402709,11.351091,11.282179,15.761696,0.0
2020-06-24,sz.002714,986.37334629,1007.88667903,971.59912983,974.5798928,984.81816561,19214297.0,1457195049.26,1.0,0.8126,1.0,-1.0396,26.128224,11.233084,11.164888,15.597836,0.0
2020-06-29,sz.002714,991.55728189,1023.827281,983.39258332,1010.867442,974.5798928,30654653.0,2382206456.46,1.0,1.2964,1.0,3.7234,27.101083,11.651337,11.580602,16.178606,0.0
2020-06-30,sz.002714,1012.29302429,1064.26197868,1010.867442,1062.706798,1010.867442,30876818.0,2484088056.52,1.0,1.3058,1.0,5.1282,28.490882,12.248841,12.174479,17.008278,0.0
2020-07-01,sz.002714,1071.13069335,1114.41655561,1066.07635614,1079.29539192,1062.706798,41061351.0,3459277245.98,1.0,1.7365,1.0,1.561,28.935618,12.440043,12.36452,17.273774,0.0
2020-07-02,sz.002714,1080.59137582,1093.8104116,1043.65583467,1056.2268785,1079.29539192,42317849.0,3466827732.18,1.0,1.7897,1.0,-2.1374,28.317158,12.174153,12.100245,16.904569,0.0
2020-07-03,sz.002714,1049.35816383,1074.3706531,1017.99535345,1072.94507081,1056.2268785,29504642.0,2390776702.36,1.0,1.2478,1.0,1.5828,28.765368,12.366849,12.29177,17.172139,0.0
2020-07-06,sz.002714,1082.1465565,1145.26097243,1082.1465565,1140.20663522,1072.94507081,42249734.0,3649533274.33,1.0,1.7868,1.0,6.2689,30.568632,13.142111,13.062325,18.248638,0.0
2020-07-07,sz.002714,1201.3770753,1201.3770753,1126.46920588,1127.505993,1140.20663522,57938510.0,5165059229.92,1.0,2.4503,1.0,-1.1139,30.228131,12.995722,12.916826,18.045369,0.0
2020-07-08,sz.002714,1128.54278012,1156.79522914,1122.3220574,1138.52185615,1127.505993,31073957.0,2724988595.48,1.0,1.3142,1.0,0.977,30.523464,13.122692,13.043024,18.221674,0.0
2020-07-09,sz.002714,1133.9859125,1188.4172363,1128.54278012,1176.10538925,1138.52185615,41785034.0,3748579925.45,1.0,1.7671,1.0,3.3011,31.531068,13.555882,13.473585,18.823186,0.0
2020-07-10,sz.002714,1157.3136227,1175.32779891,1146.9457515,1158.73920499,1176.10538925,26177844.0,2339290566.4,1.0,1.1071,1.0,-1.4766,31.065485,13.355718,13.274636,18.545246,0.0
2020-07-13,sz.002714,1158.86880338,1226.0007694,1158.73920499,1213.42972557,1158.73920499,43289972.0,4021332851.5,1.0,1.8308,1.0,4.7198,32.531723,13.986086,13.901177,19.42055,0.0
2020-07-14,sz.002714,1214.07771752,1252.95723452,1185.8252685,1248.0324957,1213.42972557,39087101.0,3673040837.2,1.0,1.653,1.0,2.8517,33.459414,14.38492,14.29759,19.974356,0.0
2020-07-15,sz.002714,1248.0324957,1283.15365939,1218.224866,1249.71727477,1248.0324957,38230276.0,3724187273.06,1.0,1.6168,1.0,0.135,33.504583,14.404339,14.316891,20.001321,0.0
2020-07-16,sz.002714,1250.6244635,1263.5843025,1166.38551,1166.64470678,1249.71727477,44169837.0,4104275178.69,1.0,1.868,1.0,-6.6473,31.27743,13.446838,13.365203,18.671771,0.0
2020-07-17,sz.002714,1166.38551,1224.44558872,1166.38551,1224.44558872,1166.64470678,35943678.0,3340411160.52,1.0,1.5201,1.0,4.9545,32.827056,14.113055,14.027376,19.596856,0.0
2020-07-20,sz.002714,1244.144544,1283.024061,1231.184705,1256.84518622,1224.44558872,39552084.0,3836873362.46,1.0,1.6727,1.0,2.6461,21.31247,11.777173,10.660571,16.539928,0.0
2020-07-21,sz.002714,1262.2883186,1262.80671216,1207.59779802,1238.57181323,1256.84518622,30572028.0,2909346350.72,1.0,1.2929,1.0,-1.4539,21.002606,11.605944,10.505576,16.299453,0.0
2020-07-22,sz.002714,1229.8887211,1243.36695366,1207.98659319,1212.00414328,1238.57181323,44130605.0,4161348347.61,1.0,1.8663,1.0,-2.145,20.552095,11.356993,10.280229,15.949825,0.0
2020-07-23,sz.002714,1204.61703505,1217.57687405,1168.32948585,1192.43478639,1212.00414328,35762857.0,3278140646.67,1.0,1.5125,1.0,-1.6146,20.220255,11.17362,10.114242,15.692295,0.0
2020-07-24,sz.002714,1189.7132202,1226.0007694,1133.9859125,1156.66563075,1192.43478639,51648933.0,4721790523.08,1.0,2.1843,1.0,-2.9997,19.613713,10.838448,9.810847,15.221577,0.0
2020-07-27,sz.002714,1179.345349,1192.04599122,1117.00852341,1129.57956724,1156.66563075,32953495.0,2914717594.07,1.0,1.3936,1.0,-2.3417,19.154412,10.58464,9.581103,14.865128,0.0
2020-07-28,sz.002714,1143.18739819,1176.62378281,1137.8738642,1169.49587136,1129.57956724,32752354.0,2936424167.53,1.0,1.3851,1.0,3.5337,19.831277,10.958673,9.919674,15.390422,0.0
2020-07-29,sz.002714,1169.49587136,1181.80771841,1146.9457515,1180.6413329,1169.49587136,28614139.0,2583462977.28,1.0,1.2101,1.0,0.953,20.020272,11.06311,10.01421,15.537095,0.0
2020-07-30,sz.002714,1177.91976671,1203.70984632,1171.43984721,1179.86374256,1180.6413329,28025552.0,2569780885.56,1.0,1.1852,1.0,-0.0659,20.007086,11.055824,10.007614,15.526862,0.0
2020-07-31,sz.002714,1179.86374256,1196.71153326,1159.9055905,1185.56607172,1179.86374256,22571368.0,2055860629.9,1.0,0.9546,1.0,0.4833,20.103782,11.109257,10.055981,15.601904,0.0
2020-08-03,sz.002714,1192.305188,1238.31261645,1192.04599122,1210.70815938,1185.56607172,34159672.0,3198467203.96,1.0,1.4447,1.0,2.1207,20.530119,11.344849,10.269237,15.93277,0.0
2020-08-04,sz.002714,1201.3770753,1224.7047855,1195.02675419,1206.43141251,1210.70815938,21940357.0,2046320362.85,1.0,0.9279,1.0,-0.3532,20.457598,11.304774,10.232961,15.876489,0.0
2020-08-05,sz.002714,1216.9288821,1231.184705,1195.80434453,1227.2967533,1206.43141251,32457362.0,3059912100.44,1.0,1.3727,1.0,1.7295,20.811414,11.500292,10.409941,16.151074,0.0
2020-08-06,sz.002714,1245.4405279,1256.45639105,1195.15635258,1205.265027,1227.2967533,41197326.0,3900370080.58,1.0,1.7423,1.0,-1.7951,20.437819,11.293845,10.223068,15.861139,0.0
2020-08-07,sz.002714,1190.75000732,1207.59779802,1160.94237762,1177.01257798,1205.265027,32275429.0,2929792091.21,1.0,1.365,1.0,-2.3441,19.958739,11.029108,9.98343,15.489341,0.0
2020-08-10,sz.002714,1174.29101179,1189.06522825,1161.33117279,1189.06522825,1177.01257798,22594447.0,2053132667.64,1.0,0.9555,1.0,1.024,20.163117,11.142046,10.085661,15.647952,0.0
2020-08-11,sz.002714,1185.8252685,1255.29000554,1185.8252685,1217.31767727,1189.06522825,44673496.0,4244501727.65,1.0,1.8893,1.0,2.376,20.642197,11.406783,10.325299,16.019751,0.0
2020-08-12,sz.002714,1219.90964507,1228.33354042,1170.2734617,1201.3770753,1217.31767727,28045475.0,2572281286.68,1.0,1.1861,1.0,-1.3095,20.371891,11.257413,10.19009,15.809974,0.0
2020-08-13,sz.002714,1202.6730592,1226.77835974,1188.67643308,1192.305188,1201.3770753,22344656.0,2079365873.07,1.0,0.945,1.0,-0.7551,20.218058,11.172406,10.113143,15.690589,0.0
2020-08-14,sz.002714,1192.56438478,1203.45064954,1176.7533812,1195.93394292,1192.305188,15588173.0,1430110534.35,1.0,0.6592,1.0,0.3043,20.279591,11.206409,10.143922,15.738343,0.0
2020-08-17,sz.002714,1195.80434453,1210.18976582,1182.58530875,1188.54683469,1195.93394292,25594380.0,2351628972.58,1.0,1.0824,1.0,-0.6177,20.154327,11.137188,10.081264,15.64113,0.0
2020-08-18,sz.002714,1192.17558961,1197.35952521,1179.345349,1181.54852163,1188.54683469,25737037.0,2353193819.3,1.0,1.0884,1.0,-0.5888,20.035655,11.071611,10.021904,15.549033,0.0
2020-08-19,sz.002714,1183.2333007,1187.1212524,1160.94237762,1161.2015744,1181.54852163,23453781.0,2118384100.19,1.0,0.9919,1.0,-1.7221,19.69063,10.880952,9.849321,15.28127,0.0
2020-08-20,sz.002714,1160.55358245,1172.73583111,1140.85462717,1163.92314059,1161.2015744,16295026.0,1456059756.1,1.0,0.6891,1.0,0.2344,19.73678,10.906454,9.872406,15.317085,0.0
2020-08-21,sz.002714,1168.07028907,1172.60623272,1154.07366295,1163.01595186,1163.92314059,17774561.0,1596048791.42,1.0,0.7517,1.0,-0.0779,19.721397,10.897953,9.864711,15.305147,0.0
2020-08-24,sz.002714,1173.12462628,1189.06522825,1170.14386331,1175.32779891,1163.01595186,24093160.0,2195528970.13,1.0,1.0189,1.0,1.0586,19.93017,11.01332,9.96914,15.467169,0.0
2020-08-25,sz.002714,1179.47494739,1183.62209587,1167.55189551,1168.9774778,1175.32779891,13241530.0,1198877072.98,1.0,0.56,1.0,-0.5403,19.822487,10.953815,9.915277,15.3836,0.0
2020-08-26,sz.002714,1179.08615222,1183.2333007,1146.9457515,1156.0176388,1168.9774778,19760248.0,1766293169.52,1.0,0.8357,1.0,-1.1086,19.602725,10.832376,9.805351,15.21305,0.0
2020-08-27,sz.002714,1155.36964685,1155.36964685,1135.92988835,1148.2417354,1156.0176388,14764282.0,1304413146.85,1.0,0.6244,1.0,-0.6726,19.470868,10.759512,9.739396,15.11072,0.0
2020-08-28,sz.002714,1148.2417354,1165.99671483,1145.26097243,1162.88635347,1148.2417354,20744293.0,1852130164.85,1.0,0.8773,1.0,1.2754,19.719199,10.896739,9.863612,15.303441,0.0
2020-08-31,sz.002714,1135.02269962,1150.44490803,1107.67743933,1137.8738642,1162.88635347,35655671.0,3111943874.98,1.0,1.5079,1.0,-2.1509,19.295059,10.662361,9.651456,14.97428,0.0
2020-09-01,sz.002714,1136.5778803,1152.90727744,1130.0979608,1152.38888388,1137.8738642,18138507.0,1598337699.01,1.0,0.7671,1.0,1.2756,19.541192,10.798373,9.774572,15.165296,0.0
2020-09-02,sz.002714,1157.44322109,1205.265027,1153.425671,1157.18402431,1152.38888388,38936972.0,3539877028.04,1.0,1.6466,1.0,0.4161,19.622504,10.843306,9.815245,15.228399,0.0
2020-09-03,sz.002714,1156.0176388,1156.0176388,1133.07872377,1140.85462717,1157.18402431,25418772.0,2236557988.94,1.0,1.0188,1.0,-1.4111,19.345604,10.690292,9.676738,15.013506,0.0
2020-09-04,sz.002714,1121.15567189,1138.65145454,1114.546154,1133.33792055,1140.85462717,18156222.0,1580941517.43,1.0,0.7277,1.0,-0.6589,19.218143,10.619857,9.612982,14.914587,0.0
2020-09-07,sz.002714,1127.505993,1140.33623361,1062.706798,1073.33386598,1133.33792055,40360191.0,3409856662.2,1.0,1.6177,1.0,-5.2945,18.200647,10.057594,9.104027,14.124942,0.0
2020-09-08,sz.002714,1073.33386598,1084.09053235,1050.91334451,1072.81547242,1073.33386598,27806171.0,2283468466.27,1.0,1.1145,1.0,-0.0483,18.191857,10.052736,9.09963,14.11812,0.0
2020-09-09,sz.002714,1061.4108141,1061.4108141,1024.99366651,1029.0112166,1072.81547242,26177983.0,2096835131.86,1.0,1.0492,1.0,-4.0831,17.449063,9.642272,8.728082,13.541661,0.0
2020-09-10,sz.002714,1049.746959,1058.30045274,1021.36491159,1026.4192488,1029.0112166,18406054.0,1475235894.84,1.0,0.7377,1.0,-0.2519,17.40511,9.617984,8.706097,13.507551,0.0
2020-09-11,sz.002714,1036.78712,1042.61904755,1004.25792411,1014.88499209,1026.4192488,21102463.0,1655431032.57,1.0,0.8458,1.0,-1.1237,17.209523,9.509903,8.608263,13.355762,0.0
2020-09-14,sz.002714,1030.17760211,1047.02539281,1002.31394826,1012.55222107,1014.88499209,22075933.0,1738437004.82,1.0,0.8848,1.0,-0.2299,17.169966,9.488044,8.588476,13.325063,0.0
2020-09-15,sz.002714,1013.4594098,1022.40169871,998.81479173,1020.06892769,1012.55222107,14757215.0,1153294877.13,1.0,0.5915,1.0,0.7424,17.297427,9.558479,8.652233,13.423982,0.0
2020-09-16,sz.002714,1013.32981141,1017.99535345,943.34668081,977.81985255,1020.06892769,44631381.0,3364636231.36,1.0,1.7889,1.0,-4.1418,16.581005,9.162587,8.293876,12.867989,0.0
2020-09-17,sz.002714,971.987925,973.67270407,941.01390979,960.19447151,977.81985255,29568516.0,2178983090.28,1.0,1.1851,1.0,-1.8025,16.282129,8.99743,8.144377,12.636041,0.0
2020-09-18,sz.002714,959.028086,986.89173985,956.56571659,975.8758767,960.19447151,22895280.0,1720045059.93,1.0,0.9177,1.0,1.6331,16.548041,9.144371,8.277387,12.842406,0.0
2020-09-21,sz.002714,975.8758767,976.00547509,946.71623895,956.82491337,975.8758767,18643937.0,1377837219.45,1.0,0.7473,1.0,-1.9522,16.224991,8.965856,8.115797,12.591698,0.0
2020-09-22,sz.002714,959.028086,966.67439101,941.92109852,944.7722631,956.82491337,18143139.0,1335641030.53,1.0,0.7272,1.0,-1.2597,16.020613,8.852917,8.013566,12.433087,0.0
2020-09-23,sz.002714,944.7722631,970.43274432,941.66190174,965.76720228,944.7722631,18579733.0,1376558181.17,1.0,0.7447,1.0,2.2222,16.376627,9.049649,8.191645,12.709377,0.0
2020-09-24,sz.002714,964.2120216,969.78475237,950.21539548,955.26973269,965.76720228,18579391.0,1371633592.43,1.0,0.7447,1.0,-1.087,16.19862,8.951283,8.102606,12.571232,0.0
2020-09-25,sz.002714,961.6200538,972.63591695,953.45535523,958.38009405,955.26973269,20014975.0,1487818875.43,1.0,0.8022,1.0,0.3256,16.251363,8.980428,8.128988,12.612164,0.0
2020-09-28,sz.002714,961.6200538,964.08242321,913.79824789,915.87182213,958.38009405,24519138.0,1765242185.37,1.0,0.9827,1.0,-4.4354,15.530545,8.582108,7.768432,12.05276,0.0
2020-09-29,sz.002714,938.68113877,962.78643931,922.09254485,959.028086,915.87182213,24499956.0,1798383307.61,1.0,0.982,1.0,4.712,16.262351,8.9865,8.134484,12.620692,0.0
2020-09-30,sz.002714,962.65684092,974.32069602,948.14182124,959.028086,959.028086,18769960.0,1391978613.26,1.0,0.7523,1.0,0.0,16.262351,8.9865,8.134484,12.620692,0.0
2020-10-09,sz.002714,971.85832661,971.85832661,933.23800639,940.62511462,959.028086,24727431.0,1797825607.19,1.0,0.9911,1.0,-1.9189,15.950289,8.814057,7.97839,12.378511,0.0
2020-10-12,sz.002714,945.67945183,988.31732214,940.10672106,982.74459137,940.62511462,40522372.0,3034647044.53,1.0,1.6242,1.0,4.4778,16.664514,9.208734,8.335648,12.932798,0.0
2020-10-13,sz.002714,984.81816561,1061.28121571,972.24712178,1054.28290265,982.74459137,39259229.0,3077153004.62,1.0,1.5735,1.0,7.2794,17.877598,9.879078,8.942436,13.874233,0.0
2020-10-14,sz.002714,1043.2670395,1050.78374612,1008.53467098,1010.867442,1054.28290265,35553019.0,2804885878.75,1.0,1.425,1.0,-4.118,17.141397,9.472257,8.574186,13.302891,0.0
2020-10-15,sz.002714,1004.3875225,1005.29471123,977.04226221,988.8357157,1010.867442,22013251.0,1677991921.16,1.0,0.8823,1.0,-2.1795,16.767802,9.26581,8.387313,13.012956,0.0
2020-10-16,sz.002714,991.29808511,993.11246257,969.78475237,975.22788475,988.8357157,14289975.0,1079374857.76,1.0,0.5728,1.0,-1.3761,16.537052,9.138299,8.271891,12.833879,0.0
2020-10-19,sz.002714,979.7638284,995.3156352,956.69531498,961.6200538,975.22788475,17528390.0,1320570307.27,1.0,0.7026,1.0,-1.3953,16.306303,9.010788,8.156469,12.654802,0.0
2020-10-20,sz.002714,965.5080055,973.54310568,950.47459226,970.6919411,961.6200538,14611152.0,1084726985.39,1.0,0.5856,1.0,0.9434,10.916186,6.78478,5.890818,14.899145,0.0
2020-10-21,sz.002714,970.6919411,970.82153949,944.38346793,946.58664056,970.6919411,17401408.0,1277143606.15,1.0,0.6975,1.0,-2.4833,10.645103,6.616293,5.744531,14.529153,0.0
2020-10-22,sz.002714,947.3642309,950.60419065,920.40776578,923.25893036,946.58664056,19946026.0,1432381013.01,1.0,0.7995,1.0,-2.4644,10.382765,6.453241,5.602962,14.171096,0.0
2020-10-23,sz.002714,920.148569,925.85089816,892.9329071,894.48808778,923.25893036,21884957.0,1531392217.47,1.0,0.8772,1.0,-3.1162,10.059215,6.252143,5.428361,13.729492,0.0
2020-10-26,sz.002714,894.35848939,921.18535612,876.99230513,913.02065755,894.48808778,14116652.0,984452162.57,1.0,0.5658,1.0,2.0719,10.267628,6.381679,5.540829,14.013949,0.0
2020-10-27,sz.002714,912.89105916,927.66527562,908.4847139,925.20290621,913.02065755,13073251.0,929749061.49,1.0,0.524,1.0,1.3343,10.404627,6.466829,5.61476,14.200934,0.0
2020-10-28,sz.002714,927.66527562,934.4043919,911.72467365,911.72467365,925.20290621,14196542.0,1010530734.11,1.0,0.569,1.0,-1.4568,10.253053,6.372621,5.532965,13.994057,0.0
2020-10-29,sz.002714,902.13439279,943.4762792,895.5248749,933.108408,911.72467365,18075166.0,1285493589.89,1.0,0.7245,1.0,2.3454,10.49353,6.522085,5.662736,14.322275,0.0
2020-10-30,sz.002714,931.8124241,943.4762792,917.5566012,918.59338832,933.108408,14544999.0,1039435101.98,1.0,0.583,1.0,-1.5556,10.330297,6.42063,5.574649,14.099484,0.0
2020-11-02,sz.002714,921.70374968,949.17860836,921.4445529,931.8124241,918.59338832,17461230.0,1260395215.1,1.0,0.6999,1.0,1.4391,10.478956,6.513027,5.654871,14.302383,0.0
2020-11-03,sz.002714,934.01559673,943.34668081,922.99973358,928.31326757,931.8124241,13246336.0,952047261.06,1.0,0.5309,1.0,-0.3755,10.439605,6.488569,5.633635,14.248675,0.0
2020-11-04,sz.002714,925.3325046,938.2923436,913.6686495,922.09254485,928.31326757,12626154.0,900426762.09,1.0,0.5061,1.0,-0.6701,10.369648,6.445088,5.595884,14.153193,0.0
2020-11-05,sz.002714,923.64772553,940.75471301,922.22214324,931.68282571,922.09254485,13228664.0,950215844.18,1.0,0.5302,1.0,1.0401,10.477498,6.512121,5.654084,14.300394,0.0
2020-11-06,sz.002714,937.64435165,937.64435165,903.43037669,915.74222374,931.68282571,17787267.0,1251624681.28,1.0,0.7129,1.0,-1.7109,10.298234,6.400702,5.557346,14.055722,0.0
2020-11-09,sz.002714,913.6686495,936.47796614,906.54073805,928.57246435,915.74222374,21999974.0,1576070018.19,1.0,0.8818,1.0,1.4011,10.44252,6.490381,5.635208,14.252653,0.0
2020-11-10,sz.002714,928.96125952,931.55322732,911.98387043,917.94539637,928.57246435,14944557.0,1058579877.65,1.0,0.599,1.0,-1.1445,10.32301,6.416101,5.570716,14.089538,0.0
2020-11-11,sz.002714,912.50226399,925.07330782,910.55828814,913.27985433,917.94539637,12315162.0,870277207.06,1.0,0.4936,1.0,-0.5083,10.270543,6.383491,5.542402,14.017927,0.0
2020-11-12,sz.002714,910.68788653,912.76146077,877.51069869,882.69463429,913.27985433,24504099.0,1676342338.23,1.0,0.9821,1.0,-3.3489,9.926588,6.169711,5.356791,13.548475,0.0
2020-11-13,sz.002714,882.82423268,911.0766817,877.64029708,908.22551712,882.69463429,18994865.0,1307808636.99,1.0,0.7613,1.0,2.8924,10.213703,6.348163,5.511729,13.940348,0.0
2020-11-16,sz.002714,915.22383018,945.42025505,904.72636059,943.86507437,908.22551712,30755116.0,2211479388.74,1.0,1.2327,1.0,3.9241,10.614497,6.59727,5.728014,14.487379,0.0
2020-11-17,sz.002714,940.49551623,953.58495362,930.5164402,937.64435165,943.86507437,17819052.0,1292413877.97,1.0,0.7142,1.0,-0.6591,10.54454,6.55379,5.690263,14.391898,0.0
2020-11-18,sz.002714,939.5883275,945.42025505,924.0365207,940.8843114,937.64435165,14800027.0,1067248647.11,1.0,0.5932,1.0,0.3455,10.580976,6.576436,5.709925,14.441628,0.0
2020-11-19,sz.002714,944.64266471,988.44692053,935.7003758,974.45029441,940.8843114,31124380.0,2332128758.29,1.0,1.2475,1.0,3.5675,10.958452,6.81105,5.913626,14.956832,0.0
2020-11-20,sz.002714,969.3959572,971.987925,933.108408,945.67945183,974.45029441,23960894.0,1753206151.13,1.0,0.9604,1.0,-2.9525,10.634901,6.609952,5.739025,14.515228,0.0
2020-11-23,sz.002714,942.1802953,942.43949208,921.18535612,933.108408,945.67945183,17364958.0,1246510662.32,1.0,0.696,1.0,-1.3293,10.49353,6.522085,5.662736,14.322275,0.0
2020-11-24,sz.002714,926.6284885,952.5481665,922.87013519,938.55154038,933.108408,11880109.0,860268029.75,1.0,0.4762,1.0,0.5833,10.554742,6.560131,5.695768,14.405822,0.0
2020-11-25,sz.002714,938.94033555,948.6602148,932.97880961,940.62511462,938.55154038,9717430.0,705069507.09,1.0,0.3895,1.0,0.2209,10.578061,6.574624,5.708352,14.437649,0.0
2020-11-26,sz.002714,947.3642309,975.8758767,943.34668081,971.987925,940.62511462,27518703.0,2048190089.96,1.0,1.103,1.0,3.3343,10.930761,6.793839,5.898683,14.919037,0.0
2020-11-27,sz.002714,989.87250282,1023.69768261,989.87250282,1000.24037402,971.987925,33572336.0,2603226472.31,1.0,1.3456,1.0,2.9067,11.248481,6.991313,6.070138,15.352683,0.0
2020-11-30,sz.002714,1017.3473615,1022.01290354,997.907603,997.907603,1000.24037402,26342864.0,2051504745.7,1.0,1.0558,1.0,-0.2332,11.222247,6.975008,6.055981,15.316878,0.0
2020-12-01,sz.002714,997.907603,1019.68013252,996.6116191,1014.10740175,997.907603,17416718.0,1359158156.69,1.0,0.6981,1.0,1.6234,11.404427,7.088238,6.154292,15.565528,0.0
2020-12-02,sz.002714,1022.5312971,1036.26872644,1011.38583556,1026.67844558,1014.10740175,16642933.0,1313687203.33,1.0,0.6671,1.0,1.2396,11.545798,7.176105,6.230582,15.758481,0.0
2020-12-03,sz.002714,1033.02876669,1033.93595542,1012.29302429,1024.73446973,1026.67844558,16656550.0,1315903317.52,1.0,0.6676,1.0,-0.1893,11.523936,7.162518,6.218785,15.728643,0.0
2020-12-04,sz.002714,1022.5312971,1029.91840533,1002.83234182,1012.68181946,1024.73446973,15471856.0,1208885491.73,1.0,0.6201,1.0,-1.1762,11.388395,7.078274,6.145641,15.543647,0.0
2020-12-07,sz.002714,1009.18266293,1021.2353132,996.48202071,1020.84651803,1012.68181946,22916815.0,1783837181.33,1.0,0.9185,1.0,0.8062,11.480213,7.135342,6.19519,15.668967,0.0
2020-12-08,sz.002714,1023.04969066,1030.3072005,1013.4594098,1013.71860658,1020.84651803,19710641.0,1553922120.08,1.0,0.79,1.0,-0.6982,11.400055,7.085521,6.151933,15.559561,0.0
2020-12-09,sz.002714,1017.3473615,1023.69768261,990.00210121,992.46447062,1013.71860658,18184645.0,1411091598.06,1.0,0.7289,1.0,-2.0967,11.161035,6.936962,6.022948,15.233331,0.0
2020-12-10,sz.002714,989.48370765,997.00041427,971.987925,971.987925,992.46447062,16442484.0,1247096927.73,1.0,0.659,1.0,-2.0632,10.930761,6.793839,5.898683,14.919037,0.0
2020-12-11,sz.002714,973.15431051,976.91266382,942.1802953,955.1401343,971.987925,24273389.0,1790273054.66,1.0,0.9729,1.0,-1.7333,10.741294,6.676079,5.796439,14.66044,0.0
2020-12-14,sz.002714,971.987925,978.33824611,949.56740353,970.04394915,955.1401343,18954333.0,1412908943.19,1.0,0.7597,1.0,1.5604,10.908899,6.780251,5.886886,14.889199,0.0
2020-12-15,sz.002714,971.85832661,977.69025416,957.08411015,972.76551534,970.04394915,15140104.0,1133409376.88,1.0,0.6068,1.0,0.2806,10.939505,6.799274,5.903402,14.930972,0.0
2020-12-16,sz.002714,973.2839089,979.11583645,954.49214235,965.89680067,972.76551534,13812238.0,1029189108.91,1.0,0.5536,1.0,-0.7061,10.862261,6.751264,5.861718,14.825544,0.0
2020-12-17,sz.002714,965.63760389,974.5798928,961.6200538,968.48876847,965.89680067,13745299.0,1027994430.57,1.0,0.5509,1.0,0.2683,10.89141,6.769381,5.877448,14.865328,0.0
2020-12-18,sz.002714,972.11752339,974.5798928,947.10503412,948.78981319,968.48876847,15262626.0,1126939651.17,1.0,0.6117,1.0,-2.034,10.66988,6.631692,5.757901,14.562969,0.0
2020-12-21,sz.002714,940.23631945,959.028086,926.6284885,959.028086,948.78981319,16823803.0,1229977784.82,1.0,0.6743,1.0,1.0791,10.785017,6.703254,5.820034,14.720116,0.0
2020-12-22,sz.002714,950.73378904,955.78812625,923.25893036,924.68451265,959.028086,19315090.0,1394348840.37,1.0,0.7742,1.0,-3.5811,10.398797,6.463205,5.611614,14.192977,0.0
2020-12-23,sz.002714,924.16611909,937.12595809,912.24306721,932.84921122,924.68451265,16161592.0,1150489457.84,1.0,0.6478,1.0,0.883,10.490615,6.520273,5.661163,14.318297,0.0
2020-12-24,sz.002714,932.84921122,980.54141874,924.0365207,980.41182035,932.84921122,29432085.0,2194674052.78,1.0,1.1797,1.0,5.0986,11.025494,6.852719,5.949805,15.048335,0.0
2020-12-25,sz.002714,971.987925,979.24543484,961.10166024,963.30483287,980.41182035,13453813.0,1004132474.24,1.0,0.5392,1.0,-1.7449,10.833112,6.733147,5.845988,14.78576,0.0
2020-12-28,sz.002714,965.37840711,1005.6835064,961.6200538,1004.3875225,963.30483287,27859282.0,2120837315.04,1.0,1.1166,1.0,4.2648,11.295119,7.0203,6.095306,15.416338,0.0
2020-12-29,sz.002714,1004.51712089,1008.01627742,981.70780425,990.77969155,1004.3875225,18175775.0,1389055596.38,1.0,0.7285,1.0,-1.3548,11.142089,6.925186,6.012724,15.207472,0.0
2020-12-30,sz.002714,988.96531409,1003.60993216,981.70780425,988.44692053,990.77969155,16686839.0,1276570112.59,1.0,0.6688,1.0,-0.2354,11.115855,6.908881,5.998567,15.171666,0.0
2020-12-31,sz.002714,981.70780425,1014.62579531,981.70780425,999.2035869,988.44692053,17675202.0,1361546836.27,1.0,0.7084,1.0,1.0882,11.236822,6.984066,6.063846,15.33677,0.0
2021-01-04,sz.002714,1043.2670395,1099.12394559,1036.65752161,1099.12394559,999.2035869,39149448.0,3265083789.24,1.0,1.5691,1.0,10.0,12.360504,7.682473,6.670231,16.870447,0.0
2021-01-05,sz.002714,1145.52016921,1209.02338031,1140.465832,1209.02338031,1099.12394559,83553797.0,7671463108.92,1.0,3.3489,1.0,9.9988,13.596409,8.450629,7.337175,18.557293,0.0
2021-01-06,sz.002714,1263.5843025,1287.94879982,1209.02338031,1244.144544,1209.02338031,64926692.0,6196567510.22,1.0,2.6023,1.0,2.9049,13.991374,8.696113,7.550314,19.096367,0.0
2021-01-07,sz.002714,1237.14623094,1268.37944293,1197.4891236,1268.37944293,1244.144544,58527238.0,5572916081.7,1.0,2.3458,1.0,1.9479,14.263914,8.865507,7.697388,19.468348,0.0
2021-01-08,sz.002714,1283.024061,1283.024061,1223.79759677,1252.95723452,1268.37944293,44345914.0,4276198408.51,1.0,1.7774,1.0,-1.2159,14.090479,8.757711,7.603795,19.231633,0.0
2021-01-11,sz.002714,1231.184705,1231.184705,1139.68824166,1153.55526939,1252.95723452,63029739.0,5749836622.08,1.0,2.5263,1.0,-7.9334,12.971433,8.062186,6.999913,17.704284,0.0
2021-01-12,sz.002714,1153.55526939,1172.73583111,1141.89141429,1169.49587136,1153.55526939,33442021.0,2992054085.94,1.0,1.3404,1.0,1.3819,13.150681,8.173595,7.096642,17.948934,0.0
2021-01-13,sz.002714,1169.62546975,1175.4573973,1122.58125418,1146.81615311,1169.49587136,30822768.0,2725044384.69,1.0,1.2354,1.0,-1.9393,12.9364,8.040412,6.981007,17.656468,0.0
2021-01-14,sz.002714,1146.9457515,1157.18402431,1084.09053235,1087.07129532,1146.81615311,37524594.0,3215711821.03,1.0,1.504,1.0,-5.2096,12.262462,7.621536,6.617323,16.736632,0.0
2021-01-15,sz.002714,1101.32711822,1111.9541862,1049.746959,1065.2987658,1087.07129532,30469669.0,2538690413.69,1.0,1.2212,1.0,-2.0029,12.016862,7.468887,6.484787,16.40142,0.0
2021-01-18,sz.002714,1088.75607439,1096.14318262,1063.35478995,1081.36896616,1065.2987658,29241835.0,2441976289.85,1.0,1.172,1.0,1.5085,12.198138,7.581557,6.582611,16.648838,0.0
2021-01-19,sz.002714,1081.36896616,1082.1465565,1052.46852519,1063.87318351,1081.36896616,25210427.0,2073120370.21,1.0,1.0105,1.0,-1.6179,12.000781,7.458892,6.476109,16.379472,0.0
2021-01-20,sz.002714,1056.35647689,1086.42330337,1052.07973002,1069.83470945,1063.87318351,25697261.0,2120246060.66,1.0,1.03,1.0,0.5604,12.068028,7.500689,6.512399,16.471256,0.0
2021-01-21,sz.002714,1075.53703861,1093.8104116,1058.8188463,1083.18334362,1069.83470945,29299374.0,2433309191.8,1.0,1.1743,1.0,1.2477,12.218604,7.594277,6.593656,16.676773,0.0
2021-01-22,sz.002714,1083.4425404,1084.22013074,1043.2670395,1062.57719961,1083.18334362,30516233.0,2490266980.59,1.0,1.2231,1.0,-1.9024,11.986161,7.449806,6.46822,16.359519,0.0
2021-01-25,sz.002714,1062.83639639,1074.3706531,1049.746959,1055.70848494,1062.57719961,30126627.0,2462760794.48,1.0,1.2075,1.0,-0.6464,11.908681,7.401649,6.426408,16.253768,0.0
2021-01-26,sz.002714,1089.53366473,1161.33117279,1065.42836419,1132.6899286,1055.70848494,75733161.0,6555884117.83,1.0,3.0354,1.0,7.2919,12.777052,7.941372,6.895017,17.43898,0.0
2021-01-27,sz.002714,1141.7618159,1226.38956457,1141.7618159,1202.80265759,1132.6899286,62176461.0,5723335497.53,1.0,2.4921,1.0,6.1899,13.567943,8.432937,7.321814,18.518441,0.0
2021-01-28,sz.002714,1179.47494739,1236.75743577,1146.68655472,1203.06185437,1202.80265759,49201881.0,4537761173.74,1.0,1.972,1.0,0.0215,13.570867,8.434754,7.323392,18.522431,0.0
2021-01-29,sz.002714,1203.32105115,1216.9288821,1149.27852252,1152.1296871,1203.06185437,38190960.0,3456375795.04,1.0,1.5307,1.0,-4.2335,12.996338,8.077665,7.013353,17.738276,0.0
2021-02-01,sz.002714,1179.345349,1257.104383,1159.12800016,1256.84518622,1152.1296871,53587614.0,5085598821.32,1.0,2.1478,1.0,9.0889,14.177558,8.811833,7.650787,19.350484,0.0
2021-02-02,sz.002714,1276.5441415,1286.9120127,1239.60860035,1263.06590894,1256.84518622,43730497.0,4257433424.98,1.0,1.7527,1.0,0.4949,14.247729,8.855447,7.688654,19.446258,0.0
2021-02-03,sz.002714,1244.144544,1389.42433919,1231.70309856,1386.96196978,1263.06590894,77832994.0,8076469253.54,1.0,3.1196,1.0,9.8092,15.64531,9.724091,8.442846,21.353771,0.0
2021-02-04,sz.002714,1373.742934,1403.29136692,1335.12261378,1380.61164867,1386.96196978,54360017.0,5773836477.79,1.0,2.1788,1.0,-0.4579,15.573677,9.679569,8.404189,21.256001,0.0
2021-02-05,sz.002714,1399.662612,1503.341324,1373.09494205,1380.61164867,1380.61164867,70432496.0,7793055567.87,1.0,2.823,1.0,0.0,15.573677,9.679569,8.404189,21.256001,0.0
2021-02-08,sz.002714,1441.1340968,1513.7091952,1435.9501612,1508.5252596,1380.61164867,62293528.0,7119969759.23,1.0,2.4876,1.0,9.265,17.016578,10.576381,9.182837,23.225369,0.0
2021-02-09,sz.002714,1503.341324,1542.73923456,1486.23433652,1522.7810825,1508.5252596,47851677.0,5585156578.77,1.0,1.8838,1.0,0.945,17.177387,10.676329,9.269617,23.444853,0.0
2021-02-10,sz.002714,1506.19248858,1639.16043672,1492.32546085,1614.14794745,1522.7810825,66047125.0,8098144895.7,1.0,2.6001,1.0,6.0,18.20803,11.316909,9.825794,24.851544,0.0
2021-02-18,sz.002714,1663.39533565,1664.0433276,1513.44999842,1539.6288732,1614.14794745,61594805.0,7410242383.13,1.0,2.4248,1.0,-4.6166,17.367435,10.79445,9.372174,23.704243,0.0
2021-02-19,sz.002714,1528.87220683,1692.29577662,1528.48341166,1644.6035691,1539.6288732,56927252.0,7101409603.63,1.0,2.2411,1.0,6.8182,18.551578,11.530435,10.011186,25.320441,0.0
2021-02-22,sz.002714,1675.57758431,1697.738909,1595.3561809,1619.33188305,1644.6035691,46008216.0,5844131287.9,1.0,1.8112,1.0,-1.5366,18.266507,11.353254,9.85735,24.931356,0.0
2021-02-23,sz.002714,1589.39465496,1647.97312724,1553.10710576,1579.54517732,1619.33188305,38417334.0,4726518213.45,1.0,1.5124,1.0,-2.457,17.817702,11.074306,9.615156,24.318797,0.0
2021-02-24,sz.002714,1560.49421399,1678.2991505,1560.49421399,1580.19316927,1579.54517732,42222314.0,5247586686.28,1.0,1.6622,1.0,0.041,17.825011,11.078849,9.619101,24.328774,0.0
2021-02-25,sz.002714,1607.020036,1636.43887053,1563.47497696,1615.96232491,1580.19316927,23808727.0,2954840835.09,1.0,0.9373,1.0,2.2636,18.228497,11.32963,9.836838,24.879478,0.0
2021-02-26,sz.002714,1557.90224619,1574.6204385,1476.1256621,1476.1256621,1615.96232491,48518803.0,5674338996.32,1.0,1.9101,1.0,-8.6535,16.651101,10.349225,8.985611,22.726542,0.0
2021-03-01,sz.002714,1516.43076139,1562.30859145,1508.65485799,1540.66566032,1476.1256621,31675883.0,3766747469.23,1.0,1.247,1.0,4.3723,17.37913,10.801719,9.378485,23.720205,0.0
2021-03-02,sz.002714,1568.140519,1572.67646265,1506.06289019,1545.07200558,1540.66566032,21039345.0,2499910803.29,1.0,0.8283,1.0,0.286,17.428835,10.832612,9.405308,23.788046,0.0
2021-03-03,sz.002714,1553.75509771,1572.0284707,1535.7409215,1568.01092061,1545.07200558,16763816.0,2011728484.67,1.0,0.66,1.0,1.4847,17.687592,10.993439,9.544944,24.141215,0.0
2021-03-04,sz.002714,1554.92148322,1555.05108161,1496.8614045,1534.4449376,1568.01092061,20899008.0,2458719205.41,1.0,0.8227,1.0,-2.1407,17.308959,10.758105,9.340618,23.62443,0.0
2021-03-05,sz.002714,1509.8212435,1513.57959681,1434.6541773,1463.29542149,1534.4449376,30313859.0,3423859102.04,1.0,1.1934,1.0,-4.6368,16.506373,10.259271,8.90751,22.529007,0.0
2021-03-08,sz.002714,1529.64979717,1554.92148322,1425.58229,1428.1742578,1463.29542149,32634230.0,3754161608.54,1.0,1.2847,1.0,-2.4001,16.110196,10.013034,8.693717,21.988279,0.0
2021-03-09,sz.002714,1419.1023705,1435.9501612,1365.44863704,1371.66935976,1428.1742578,28581072.0,3078431581.98,1.0,1.1252,1.0,-3.9564,15.472806,9.616874,8.349755,21.118325,0.0
2021-03-10,sz.002714,1402.90257175,1410.54887676,1360.783095,1369.20699035,1371.66935976,16722333.0,1780734983.42,1.0,0.6583,1.0,-0.1795,15.445029,9.59961,8.334766,21.080414,0.0
2021-03-11,sz.002714,1393.05309411,1401.73618624,1347.823256,1388.77634724,1369.20699035,18385687.0,1953731040.39,1.0,0.7238,1.0,1.4292,15.665777,9.736812,8.45389,21.381706,0.0
2021-03-12,sz.002714,1399.662612,1405.62413794,1361.17189017,1395.38586513,1388.77634724,14873087.0,1589251645.35,1.0,0.5855,1.0,0.4759,15.740334,9.783152,8.494124,21.483466,0.0
2021-03-15,sz.002714,1360.783095,1391.23871665,1322.29237317,1345.49048498,1395.38586513,39496725.0,4119334546.21,1.0,1.5549,1.0,-3.5757,15.177501,9.433332,8.190397,20.715273,0.0
2021-03-16,sz.002714,1347.823256,1376.3349018,1302.59341789,1315.03486333,1345.49048498,24684734.0,2519319351.79,1.0,0.9718,1.0,-2.2635,14.833953,9.219805,8.005004,20.246376,0.0
2021-03-17,sz.002714,1360.91269339,1440.87490002,1354.95116745,1419.23196889,1315.03486333,30353044.0,3274064707.45,1.0,1.1949,1.0,7.9235,16.009325,9.950339,8.639283,21.850603,0.0
2021-03-18,sz.002714,1424.2863061,1430.11823365,1383.46281325,1424.80469966,1419.23196889,18313568.0,1991024296.8,1.0,0.721,1.0,0.3927,16.072187,9.98941,8.673206,21.936401,0.0
2021-03-19,sz.002714,1397.0706442,1407.4385154,1333.43783471,1360.13510305,1424.80469966,25418168.0,2669362030.03,1.0,1.0007,1.0,-4.5388,15.342696,9.536006,8.279543,20.940743,0.0
2021-03-22,sz.002714,1334.73381861,1360.00550466,1313.22048587,1360.00550466,1360.13510305,18601345.0,1923827264.56,1.0,0.7323,1.0,-0.0095,15.341234,9.535098,8.278754,20.938748,0.0
2021-03-23,sz.002714,1373.742934,1376.98289375,1311.5357068,1325.14353775,1360.00550466,16369678.0,1683634919.94,1.0,0.6444,1.0,-2.5634,14.947982,9.290678,8.066539,20.40201,0.0
2021-03-24,sz.002714,1332.2714492,1337.19618802,1304.01900018,1308.42534544,1325.14353775,18156419.0,1844269379.83,1.0,0.7148,1.0,-1.2616,14.759396,9.173465,7.96477,20.144616,0.0
2021-03-25,sz.002714,1321.77397961,1324.62514419,1279.1361093,1279.1361093,1308.42534544,19314969.0,1927499860.68,1.0,0.7604,1.0,-2.2385,14.429005,8.968116,7.786478,19.693676,0.0
2021-03-26,sz.002714,1289.11518533,1289.5039805,1246.7365118,1264.8802864,1279.1361093,23873204.0,2330688928.43,1.0,0.9398,1.0,-1.1145,14.268196,8.868168,7.699699,19.474193,0.0
2021-03-29,sz.002714,1270.19382039,1319.05241342,1264.8802864,1272.52659141,1264.8802864,20943416.0,2083271816.68,1.0,0.8245,1.0,0.6045,14.354448,8.921777,7.746244,19.591916,0.0
2021-03-30,sz.002714,1276.67373989,1329.6794814,1263.5843025,1300.64944204,1272.52659141,17908599.0,1796272729.24,1.0,0.705,1.0,2.21,14.671682,9.118948,7.917436,20.024897,0.0
2021-03-31,sz.002714,1283.024061,1328.12430072,1282.76486422,1296.37269517,1300.64944204,11220746.0,1123312960.3,1.0,0.4417,1.0,-0.3288,14.623439,9.088963,7.891402,19.959052,0.0
2021-04-01,sz.002714,1316.46044562,1354.3031755,1316.46044562,1347.823256,1296.37269517,15667521.0,1619142268.6,1.0,0.6168,1.0,3.9688,15.203815,9.449687,8.204597,20.751189,0.0
2021-04-02,sz.002714,1368.42940001,1383.85160842,1334.99301539,1372.4469501,1347.823256,15899138.0,1667303014.82,1.0,0.6259,1.0,1.8269,15.481577,9.622326,8.354489,21.130297,0.0
2021-04-06,sz.002714,1359.4871111,1363.63425958,1334.863417,1361.69028373,1372.4469501,10879243.0,1134200626.32,1.0,0.4283,1.0,-0.7838,15.360239,9.54691,8.28901,20.964687,0.0
2021-04-07,sz.002714,1377.6308857,1394.21947962,1320.6075941,1346.5272721,1361.69028373,17999400.0,1869355400.67,1.0,0.7086,1.0,-1.1135,15.189196,9.440601,8.196708,20.731236,0.0
2021-04-08,sz.002714,1333.04903954,1343.41691074,1309.59173095,1323.97715224,1346.5272721,13001377.0,1327064114.95,1.0,0.5118,1.0,-1.6747,14.934824,9.2825,8.059439,20.384052,0.0
2021-04-09,sz.002714,1324.23634902,1340.43614777,1287.43040626,1327.73550555,1323.97715224,10489055.0,1063096345.0,1.0,0.4129,1.0,0.2839,14.97722,9.30885,8.082317,20.441916,0.0
2021-04-12,sz.002714,1333.43783471,1354.3031755,1303.11181145,1317.10843757,1327.73550555,13390411.0,1367783159.01,1.0,0.5271,1.0,-0.8004,14.857343,9.234343,8.017627,20.278301,0.0
2021-04-13,sz.002714,1315.4236585,1360.13510305,1315.4236585,1330.06827657,1317.10843757,13557665.0,1400355535.64,1.0,0.5337,1.0,0.984,15.003534,9.325206,8.096517,20.477832,0.0
2021-04-14,sz.002714,1295.9839,1333.5674331,1284.3200449,1324.23634902,1330.06827657,15340840.0,1551300569.43,1.0,0.6039,1.0,-0.4385,14.937748,9.284318,8.061016,20.388043,0.0
2021-04-15,sz.002714,1361.56068534,1384.1108052,1336.1594009,1352.74799482,1324.23634902,18820926.0,1970207835.21,1.0,0.7409,1.0,2.1531,14.294301,9.484215,6.972625,20.827011,0.0
2021-04-16,sz.002714,1347.823256,1348.98964151,1307.6477551,1309.20293578,1352.74799482,13369300.0,1366387796.64,1.0,0.5263,1.0,-3.219,13.834167,9.178917,6.748176,20.156587,0.0
2021-04-19,sz.002714,1308.943739,1386.57317461,1285.48643041,1385.92518266,1309.20293578,26088036.0,2730969361.6,1.0,1.027,1.0,5.8602,14.64488,9.716822,7.143634,21.337809,0.0
2021-04-20,sz.002714,1374.65012273,1489.86309144,1374.65012273,1450.2059841,1385.92518266,25735680.0,2874961248.19,1.0,1.0132,1.0,4.6381,15.324126,10.1675,7.474964,22.327481,0.0
2021-04-21,sz.002714,1424.2863061,1454.0939358,1417.54718982,1433.3581934,1450.2059841,9652539.0,1067620423.26,1.0,0.38,1.0,-1.1618,15.146098,10.049379,7.388124,22.068091,0.0
2021-04-22,sz.002714,1445.0220485,1445.0220485,1404.32815404,1425.45269161,1433.3581934,9259487.0,1015308289.11,1.0,0.3645,1.0,-0.5515,15.062562,9.993953,7.347376,21.946378,0.0
2021-04-23,sz.002714,1441.1340968,1461.8698392,1427.00787229,1440.48610485,1425.45269161,9991509.0,1114062808.08,1.0,0.3933,1.0,1.0546,15.221418,10.099353,7.424864,22.177833,0.0
2021-04-26,sz.002714,1440.22690807,1460.05546174,1385.4067891,1386.31397783,1440.48610485,16904396.0,1839414104.68,1.0,0.6655,1.0,-3.7607,14.648988,9.719548,7.145638,21.343795,0.0
2021-04-27,sz.002714,1386.44357622,1401.21779268,1338.7513687,1360.91269339,1386.31397783,14318543.0,1502767309.65,1.0,0.5637,1.0,-1.8323,14.380577,9.541458,7.01471,20.952715,0.0
2021-04-28,sz.002714,1360.91269339,1436.33895637,1356.11755296,1403.93935887,1360.91269339,14216980.0,1538269090.55,1.0,0.5597,1.0,3.1616,14.835233,9.843121,7.236487,21.615157,0.0
2021-04-29,sz.002714,1425.58229,1486.23433652,1395.12666835,1486.23433652,1403.93935887,18557343.0,2069168782.53,1.0,0.7306,1.0,5.8617,15.704833,10.420097,7.660669,22.882176,0.0
2021-04-30,sz.002714,1490.381485,1491.6774689,1451.63156639,1465.88738929,1486.23433652,17506104.0,1986064858.49,1.0,0.6892,1.0,-1.369,14.041423,7.580122,6.220344,-35.69085,0.0
2021-05-06,sz.002714,1464.461807,1465.7577909,1356.37674974,1358.1911272,1465.88738929,20717494.0,2233684130.52,1.0,0.8156,1.0,-7.3468,13.009824,7.023223,5.763346,-33.068703,0.0
2021-05-07,sz.002714,1353.0071916,1435.30216925,1353.0071916,1374.90931951,1358.1911272,19982932.0,2152069725.45,1.0,0.7867,1.0,1.2309,13.169964,7.109673,5.834288,-33.475751,0.0
2021-05-10,sz.002714,1353.78478194,1360.783095,1285.48643041,1295.9839,1374.90931951,31447608.0,3181933103.48,1.0,1.238,1.0,-5.7404,12.413954,6.701549,5.499376,-31.554106,0.0
2021-05-11,sz.002714,1296.24309678,1314.1276746,1257.104383,1298.18707263,1295.9839,14850831.0,1489003736.53,1.0,0.5846,1.0,0.17,12.435057,6.712942,5.508725,-31.607748,0.0
2021-05-12,sz.002714,1303.7598034,1339.78815582,1298.18707263,1308.943739,1298.18707263,14625907.0,1484233376.03,1.0,0.5758,1.0,0.8286,12.538093,6.768564,5.554369,-31.869647,0.0
2021-05-13,sz.002714,1276.67373989,1294.6879161,1253.2164313,1276.5441415,1308.943739,13466514.0,1325433693.05,1.0,0.5301,1.0,-2.4752,12.227744,6.601026,5.416885,-31.080795,0.0
2021-05-14,sz.002714,1279.00651091,1320.6075941,1279.00651091,1295.33590805,1276.5441415,15872554.0,1590502864.64,1.0,0.6249,1.0,1.4721,12.407747,6.698198,5.496626,-31.538329,0.0
2021-05-17,sz.002714,1313.47968265,1328.12430072,1297.40948229,1319.3116102,1295.33590805,14332275.0,1454134166.79,1.0,0.5642,1.0,1.8509,12.637405,6.822177,5.598364,-32.12208,0.0
2021-05-18,sz.002714,1320.34839732,1321.38518444,1279.91369964,1298.31667102,1319.3116102,13591160.0,1357654325.68,1.0,0.5351,1.0,-1.5914,12.436299,6.713612,5.509275,-31.610904,0.0
2021-05-19,sz.002714,1297.53908068,1311.14691163,1276.28494472,1302.20462272,1298.31667102,11226591.0,1120550113.89,1.0,0.442,1.0,0.2995,12.473541,6.733716,5.525773,-31.705566,0.0
2021-05-20,sz.002714,1295.9839,1324.4955458,1287.56000465,1315.29406011,1302.20462272,15281133.0,1535544476.18,1.0,0.6026,1.0,1.0052,12.598922,6.801402,5.581316,-32.024262,0.0
2021-05-21,sz.002714,1319.18201181,1341.08413972,1276.5441415,1282.11687227,1315.29406011,16657319.0,1664043923.85,1.0,0.6569,1.0,-2.5224,12.281124,6.629842,5.440532,-31.216477,0.0
2021-05-24,sz.002714,1284.3200449,1285.48643041,1153.94406456,1172.08783916,1282.11687227,58880289.0,5360893295.69,1.0,2.322,1.0,-8.5818,11.22718,6.060881,4.973635,-28.537534,0.0
2021-05-25,sz.002714,1165.73751805,1217.70647244,1127.505993,1192.305188,1172.08783916,32262623.0,2953319876.23,1.0,1.2723,1.0,1.7249,11.420837,6.165425,5.059426,-29.029778,0.0
2021-05-26,sz.002714,1192.305188,1204.87623183,1162.4975583,1192.04599122,1192.305188,16807716.0,1529290316.26,1.0,0.6628,1.0,-0.0217,11.418355,6.164085,5.058326,-29.023467,0.0
2021-05-27,sz.002714,1176.7533812,1198.13711555,1159.9055905,1189.97241698,1192.04599122,14449255.0,1317765362.36,1.0,0.5698,1.0,-0.174,11.398492,6.153362,5.049527,-28.97298,0.0
2021-05-28,sz.002714,1192.305188,1198.65550911,1165.0895261,1171.05105204,1189.97241698,17145018.0,1548467481.19,1.0,0.6761,1.0,-1.5901,11.217249,6.05552,4.969236,-28.51229,0.0
2021-05-31,sz.002714,1153.55526939,1164.57113254,1127.505993,1154.46245812,1171.05105204,27199474.0,2413420317.45,1.0,1.0726,1.0,-1.4166,11.05835,5.96974,4.898844,-28.108398,0.0
2021-06-01,sz.002714,1167.42229712,1172.73583111,1114.546154,1166.25591161,1154.46245812,34805502.0,3070285179.63,1.0,1.3726,1.0,1.0216,11.171317,6.030724,4.948888,-28.39554,0.0
2021-06-02,sz.002714,1166.12631322,1228.20394203,1155.11045007,1206.69060929,1166.25591161,31182697.0,2886957640.25,1.0,1.2297,1.0,3.4671,11.558632,6.239812,5.120469,-29.380028,0.0
2021-06-03,sz.002714,1216.645056,1284.8509152,1190.28441312,1221.25356,1206.69068736,40018868.0,2695589684.03,1.0,1.1273,1.0,1.2068,11.513942,6.215687,5.100671,-29.266434,0.0
2021-06-04,sz.002714,1217.38241664,1269.73502208,1186.78195008,1249.8262848,1221.25356,28612925.0,1928239585.02,1.0,0.806,1.0,2.3396,11.783325,6.36111,5.220007,-29.951158,0.0
2021-06-07,sz.002714,1227.7054656,1228.6271664,1172.95643808,1187.1506304,1249.8262848,33614602.0,2174098512.92,1.0,0.9469,1.0,-5.0147,11.192421,6.042117,4.958237,-28.449182,0.0
2021-06-08,sz.002714,1194.89291712,1210.1931504,1175.72154048,1194.5242368,1187.1506304,17102594.0,1109647242.82,1.0,0.4817,1.0,0.6211,11.261939,6.079645,4.989034,-28.625885,0.0
2021-06-09,sz.002714,1189.9157328,1213.8799536,1172.4034176,1198.21104,1194.5242368,18769475.0,1217054107.15,1.0,0.5287,1.0,0.3086,11.296698,6.09841,5.004432,-28.714237,0.0
2021-06-10,sz.002714,1190.8374336,1196.55197856,1172.95643808,1178.11796256,1198.21104,18239060.0,1169610182.99,1.0,0.5138,1.0,-1.6769,11.107261,5.996144,4.920511,-28.232721,0.0
2021-06-11,sz.002714,1178.8553232,1184.385528,1157.6562048,1157.6562048,1178.11796256,18554263.0,1176190255.75,1.0,0.5226,1.0,-1.7368,10.914348,5.892002,4.835051,-27.74237,0.0
2021-06-15,sz.002714,1148.80787712,1148.99221728,1115.257968,1139.2221888,1157.6562048,24964496.0,1533728950.26,1.0,0.7032,1.0,-1.5924,10.740553,5.79818,4.75806,-27.300613,0.0
2021-06-16,sz.002714,1153.41638112,1161.343008,1110.46512384,1113.59890656,1139.2221888,19864747.0,1217329736.48,1.0,0.5596,1.0,-2.2492,10.498977,5.667768,4.651042,-26.68657,0.0
2021-06-17,sz.002714,1113.78324672,1118.20741056,1072.49105088,1080.2333376,1113.59890656,33938690.0,1998064294.16,1.0,0.956,1.0,-2.9962,10.184408,5.497951,4.511688,-25.886989,0.0
2021-06-18,sz.002714,1080.2333376,1085.39486208,1041.521904,1053.5040144,1080.2333376,41797798.0,2407088131.31,1.0,1.1774,1.0,-2.4744,9.932404,5.361909,4.400051,-25.24644,0.0
2021-06-21,sz.002714,1037.8351008,1054.24137504,995.436864,995.436864,1053.5040144,54880575.0,3021313275.38,1.0,1.5459,1.0,-5.5118,9.384949,5.066371,4.157528,-23.854904,0.0
2021-06-22,sz.002714,1007.60331456,1022.1661872,981.05833152,1002.8104704,995.436864,43388015.0,2356680744.1,1.0,1.2222,1.0,0.7407,9.454467,5.1039,4.188325,-24.031607,0.0
2021-06-23,sz.002714,1016.08296192,1057.37515776,1006.86595392,1050.738912,1002.8104704,56244785.0,3152507910.71,1.0,1.5843,1.0,4.7794,9.906335,5.347836,4.388502,-25.180177,0.0
2021-06-24,sz.002714,1050.55457184,1050.55457184,1027.14337152,1035.62301888,1050.738912,22014849.0,1239190389.0,1.0,0.6201,1.0,-1.4386,9.763823,5.270902,4.325369,-24.817936,0.0
2021-06-25,sz.002714,1049.8172112,1081.33937856,1047.0521088,1078.94295648,1035.62301888,38487014.0,2228111016.35,1.0,1.0841,1.0,4.183,10.172242,5.491383,4.506298,-25.856066,0.0
2021-06-28,sz.002714,1124.474976,1176.45890112,1109.7277632,1167.7949136,1078.94295648,63397414.0,3952015808.01,1.0,1.7858,1.0,8.2351,11.009936,5.943604,4.877396,-27.985337,0.0
2021-06-29,sz.002714,1161.343008,1167.7949136,1117.83873024,1149.72957792,1167.7949136,39427024.0,2436671807.25,1.0,1.1106,1.0,-1.547,10.839616,5.851658,4.801945,-27.552414,0.0
2021-06-30,sz.002714,1146.78013536,1146.78013536,1117.28570976,1121.15685312,1149.72957792,22803449.0,1390107926.46,1.0,0.6423,1.0,-2.4852,10.570233,5.706235,4.682608,-26.86769,0.0
2021-07-01,sz.002714,1130.9268816,1142.72465184,1091.10940704,1102.3541568,1121.15685312,23717446.0,1424035427.52,1.0,0.6681,1.0,-1.6771,10.392962,5.610537,4.604077,-26.417098,0.0
2021-07-02,sz.002714,1087.606944,1121.52553344,1084.28882112,1091.47808736,1102.3541568,23945804.0,1427295978.95,1.0,0.6745,1.0,-0.9866,10.290423,5.555182,4.558653,-26.156461,0.0
2021-07-05,sz.002714,1085.39486208,1111.5711648,1058.66553888,1093.1371488,1091.47808736,26230705.0,1543350053.81,1.0,0.7389,1.0,0.152,10.306064,5.563626,4.565582,-26.196219,0.0
2021-07-06,sz.002714,1107.33134112,1111.38682464,1078.57427616,1092.95280864,1093.1371488,16382691.0,968297328.04,1.0,0.4615,1.0,-0.0169,10.304326,5.562688,4.564812,-26.191801,0.0
2021-07-07,sz.002714,1090.00336608,1108.25304192,1063.27404288,1067.3295264,1092.95280864,22747119.0,1325430002.21,1.0,0.6407,1.0,-2.3444,10.062751,5.432276,4.457794,-25.577759,0.0
2021-07-08,sz.002714,1065.30178464,1067.3295264,1051.6606128,1054.05703488,1067.3295264,19666680.0,1128017053.81,1.0,0.554,1.0,-1.2435,9.937618,5.364724,4.40236,-25.259693,0.0
2021-07-09,sz.002714,1063.27404288,1073.59709184,1032.12055584,1045.2087072,1054.05703488,24809548.0,1409705112.62,1.0,0.6988,1.0,-0.8395,9.854196,5.31969,4.365404,-25.04765,0.0
2021-07-12,sz.002714,1044.47134656,1074.33445248,1024.9312896,1060.32460032,1045.2087072,29040554.0,1660166331.68,1.0,0.818,1.0,1.4462,9.996709,5.396623,4.428537,-25.409891,0.0
2021-07-13,sz.002714,1060.50894048,1078.02125568,1050.55457184,1067.14518624,1060.32460032,20976499.0,1215831302.03,1.0,0.5909,1.0,0.6433,10.061013,5.431337,4.457024,-25.573341,0.0
2021-07-14,sz.002714,1062.53668224,1079.86465728,1039.30982208,1040.6002032,1067.14518624,23317021.0,1334998599.93,1.0,0.6568,1.0,-2.4875,9.810748,5.296234,4.346157,-24.93721,0.0
2021-07-15,sz.002714,1087.606944,1093.1371488,1041.89058432,1050.00155136,1040.6002032,40135760.0,2322945716.63,1.0,1.1306,1.0,0.9035,9.899383,5.344083,4.385422,-25.162506,0.0
2021-07-16,sz.002714,1050.738912,1052.95099392,995.436864,1001.8887696,1050.00155136,45175594.0,2471592045.81,1.0,1.2725,1.0,-4.5822,9.445777,5.099209,4.184475,-24.009519,0.0
2021-07-19,sz.002714,989.53797888,990.82836,945.6650208,954.14466816,1001.8887696,53346661.0,2774493296.79,1.0,1.5027,1.0,-4.7654,8.995647,4.85621,3.985068,-22.865368,0.0
2021-07-20,sz.002714,955.06636896,969.07622112,945.84936096,967.78584,954.14466816,28354551.0,1476134635.06,1.0,0.7987,1.0,1.4297,9.124256,4.925638,4.042041,-23.192268,0.0
2021-07-21,sz.002714,967.78584,976.63416768,923.35986144,933.86725056,967.78584,49071484.0,2510029657.22,1.0,1.3823,1.0,-3.5048,8.804473,4.753007,3.900377,-22.379434,0.0
2021-07-22,sz.002714,949.53616416,956.35675008,927.2310048,935.15763168,933.86725056,33161905.0,1685451824.75,1.0,0.9341,1.0,0.1382,8.816638,4.759574,3.905767,-22.410357,0.0
2021-07-23,sz.002714,930.917808,932.7612096,848.14907616,873.95669856,935.15763168,92498176.0,4426179095.85,1.0,2.6055,1.0,-6.5445,8.239638,4.448086,3.650156,-20.943722,0.0
2021-07-26,sz.002714,880.59294432,887.96655072,840.77546976,849.62379744,873.95669856,53757017.0,2518639684.41,1.0,1.5142,1.0,-2.7842,8.010228,4.324241,3.548527,-20.360603,0.0
2021-07-27,sz.002714,859.9468464,863.6336496,788.9758848,789.52890528,849.62379744,72691684.0,3220130591.72,1.0,2.0476,1.0,-7.0731,7.443655,4.018383,3.297536,-18.920473,0.0
2021-07-28,sz.002714,783.26133984,783.44568,719.11096416,754.13559456,789.52890528,89664516.0,3651932319.52,1.0,2.5257,1.0,-4.4828,7.109968,3.838245,3.149712,-18.072299,0.0
2021-07-29,sz.002714,776.44075392,791.92532736,757.26937728,768.88280736,754.13559456,63573374.0,2667273816.53,1.0,1.7907,1.0,1.9555,7.249004,3.913302,3.211305,-18.425705,0.0
2021-07-30,sz.002714,774.41301216,792.29400768,750.63313152,779.20585632,768.88280736,55236841.0,2330886219.17,1.0,1.5559,1.0,1.3426,7.34633,3.965843,3.254421,-18.673089,0.0
2021-08-02,sz.002714,760.40316,856.44438336,745.6559472,825.8439168,779.20585632,93468786.0,4144720210.51,1.0,2.6328,1.0,5.9853,7.786032,4.203211,3.449208,-19.790735,0.0
2021-08-03,sz.002714,825.8439168,850.91417856,804.6447984,808.51594176,825.8439168,65016239.0,2894749958.48,1.0,1.8314,1.0,-2.0982,7.622664,4.115019,3.376837,-19.375483,0.0
2021-08-04,sz.002714,805.5664992,807.59424096,784.92040128,795.61213056,808.51594176,53306427.0,2299409397.57,1.0,1.5015,1.0,-1.596,7.501007,4.049344,3.322943,-19.066253,0.0
2021-08-05,sz.002714,786.76380288,804.46045824,771.27922944,771.4635696,795.61213056,44148143.0,1875268348.62,1.0,1.2436,1.0,-3.0352,7.273335,3.926438,3.222084,-18.487551,0.0
2021-08-06,sz.002714,771.27922944,793.95306912,757.82239776,779.39019648,771.4635696,44988990.0,1897021825.84,1.0,1.2673,1.0,1.0275,7.348067,3.966781,3.25519,-18.677507,0.0
2021-08-09,sz.002714,786.76380288,857.36608416,786.57946272,857.36608416,779.39019648,89085396.0,4033856131.63,1.0,2.5094,1.0,10.0047,8.083222,4.363647,3.580864,-20.546141,0.0
2021-08-10,sz.002714,875.61576,896.99921856,839.85376896,888.15089088,857.36608416,112729735.0,5314816798.41,1.0,3.1754,1.0,3.5906,8.37346,4.520329,3.709439,-21.283876,0.0
2021-08-11,sz.002714,875.61576,899.5799808,869.34819456,888.15089088,888.15089088,61444612.0,2943781589.08,1.0,1.7308,1.0,0.0,8.37346,4.520329,3.709439,-21.283876,0.0
2021-08-12,sz.002714,921.7008,931.47082848,866.398752,875.61576,888.15089088,68807633.0,3309714961.52,1.0,1.9382,1.0,-1.4114,8.255279,4.45653,3.657085,-20.983481,0.0
2021-08-13,sz.002714,875.80010016,876.16878048,853.4949408,863.6336496,875.61576,51674937.0,2414553849.76,1.0,1.4556,1.0,-1.3684,8.142312,4.395546,3.607041,-20.696338,0.0
2021-08-16,sz.002714,850.54549824,888.15089088,837.08866656,873.7723584,863.6336496,48138895.0,2263134215.68,1.0,1.356,1.0,1.174,8.2379,4.447148,3.649386,-20.939305,0.0
2021-08-17,sz.002714,866.21441184,887.78221056,832.66450272,835.24526496,873.7723584,48706532.0,2264815005.65,1.0,1.372,1.0,-4.4093,7.874667,4.251061,3.488474,-20.016032,0.0
2021-08-18,sz.002714,828.79335936,845.93699424,814.41482688,838.747728,835.24526496,34404832.0,1551135770.0,1.0,0.9691,1.0,0.4193,7.907689,4.268887,3.503102,-20.099966,0.0
2021-08-19,sz.002714,829.53072,850.36115808,824.0005152,827.31863808,838.747728,29212318.0,1319245939.66,1.0,0.8229,1.0,-1.3626,7.799935,4.210717,3.455368,-19.826076,0.0
2021-08-20,sz.002714,827.31863808,829.34637984,801.879696,817.36426944,827.31863808,29942863.0,1319888811.46,1.0,0.8434,1.0,-1.2032,7.706086,4.160054,3.413792,-19.587527,0.0
2021-08-23,sz.002714,811.64972448,838.747728,800.0362944,819.20767104,817.36426944,36022316.0,1604440827.11,1.0,1.0147,1.0,0.2255,7.723465,4.169436,3.421492,-19.631703,0.0
2021-08-24,sz.002714,820.313712,847.59605568,812.75576544,831.00544128,819.20767104,37572141.0,1697545763.72,1.0,1.0583,1.0,1.4401,7.834694,4.229482,3.470766,-19.914428,0.0
2021-08-25,sz.002714,820.313712,846.1213344,817.5486096,827.50297824,831.00544128,29260749.0,1322040739.62,1.0,0.8242,1.0,-0.4215,7.801673,4.211655,3.456138,-19.830494,0.0
2021-08-26,sz.002714,827.50297824,828.42467904,802.06403616,802.98573696,827.50297824,34821792.0,1525985228.04,1.0,0.9809,1.0,-2.9628,7.570526,4.086873,3.353739,-19.242956,0.0
2021-08-27,sz.002714,793.40004864,817.17992928,789.16022496,791.18796672,802.98573696,34590302.0,1503271553.86,1.0,0.9744,1.0,-1.4692,8.623963,4.231991,2.941967,-12.310015,0.0
2021-08-30,sz.002714,786.76380288,793.76872896,766.48638528,776.0720736,791.18796672,38785660.0,1638383798.78,1.0,1.0925,1.0,-1.9105,8.459199,4.151138,2.88576,-12.074828,0.0
2021-08-31,sz.002714,791.55664704,819.02333088,775.51905312,779.94321696,776.0720736,48351370.0,2080604609.03,1.0,1.362,1.0,0.4988,8.501395,4.171844,2.900154,-12.135059,0.0
2021-09-01,sz.002714,774.228672,827.13429792,764.0899632,825.47523648,779.94321696,67342297.0,2933913839.26,1.0,1.8969,1.0,5.8379,8.997694,4.415391,3.069462,-12.843487,0.0
2021-09-02,sz.002714,825.10655616,825.10655616,790.08192576,795.61213056,825.47523648,50454838.0,2187126701.18,1.0,1.4212,1.0,-3.6177,8.672186,4.255656,2.958418,-12.37885,0.0
2021-09-03,sz.002714,785.2890816,856.07570304,776.25641376,845.1996336,795.61213056,68368785.0,3036534030.1,1.0,1.9258,1.0,6.2326,9.212691,4.520895,3.142805,-13.150377,0.0
2021-09-06,sz.002714,827.31863808,877.4591616,823.44749472,869.1638544,845.1996336,66191425.0,3088912356.29,1.0,1.8645,1.0,2.8353,9.473901,4.649077,3.231914,-13.523234,0.0
2021-09-07,sz.002714,864.5553504,872.48197728,851.28285888,863.44930944,869.1638544,41759817.0,1952609629.55,1.0,1.1763,1.0,-0.6575,9.411612,4.618511,3.210665,-13.434322,0.0
2021-09-08,sz.002714,857.181744,875.61576,844.2779328,846.67435488,863.44930944,39497422.0,1824446381.08,1.0,1.1126,1.0,-1.9428,9.228765,4.528783,3.148289,-13.173322,0.0
2021-09-09,sz.002714,840.95980992,854.04796128,831.00544128,840.95980992,846.67435488,30870132.0,1405852602.68,1.0,0.8696,1.0,-0.6749,9.166476,4.498216,3.12704,-13.08441,0.0
2021-09-10,sz.002714,842.06585088,857.181744,834.50790432,837.8260272,840.95980992,34037341.0,1560391326.02,1.0,0.9588,1.0,-0.3726,9.132318,4.481454,3.115387,-13.035652,0.0
2021-09-13,sz.002714,829.53072,829.53072,799.66761408,805.19781888,837.8260272,47448125.0,2087029978.33,1.0,1.3365,1.0,-3.8944,8.77667,4.306929,2.994062,-12.527993,0.0
2021-09-14,sz.002714,811.64972448,817.91728992,792.662688,796.53383136,805.19781888,32055542.0,1397438898.8,1.0,0.903,1.0,-1.076,8.682233,4.260586,2.961845,-12.393191,0.0
2021-09-15,sz.002714,794.5060896,798.37723296,785.84210208,791.00362656,796.53383136,24233617.0,1039331046.22,1.0,0.6826,1.0,-0.6943,8.621953,4.231005,2.941282,-12.307147,0.0
2021-09-16,sz.002714,783.44568,851.6515392,783.07699968,814.7835072,791.00362656,80794897.0,3601028991.06,1.0,2.2759,1.0,3.0063,8.881154,4.358202,3.029705,-12.677136,0.0
2021-09-17,sz.002714,819.76069152,839.85376896,792.47834784,823.81617504,814.7835072,52484210.0,2319775789.92,1.0,1.4784,1.0,1.1086,8.979611,4.406517,3.063292,-12.817674,0.0
2021-09-22,sz.002714,806.67254016,814.7835072,794.69042976,797.271192,823.81617504,28730346.0,1248524802.42,1.0,0.8093,1.0,-3.2222,8.69027,4.26453,2.964587,-12.404663,0.0
2021-09-23,sz.002714,794.69042976,821.2354128,793.76872896,815.15218752,797.271192,35922004.0,1565422501.87,1.0,1.0119,1.0,2.2428,8.885173,4.360174,3.031076,-12.682872,0.0
2021-09-24,sz.002714,810.72802368,848.14907616,805.93517952,837.08866656,815.15218752,54516946.0,2465868612.47,1.0,1.5357,1.0,2.6911,9.124281,4.47751,3.112645,-13.024179,0.0
2021-09-27,sz.002714,831.3741216,915.80191488,822.71013408,902.3450832,837.08866656,109558465.0,5245494341.08,1.0,3.0861,1.0,7.7956,9.835577,4.826561,3.355296,-14.039497,0.0
2021-09-28,sz.002714,888.5195712,894.049776,870.0855552,889.441272,902.3450832,56811802.0,2714227097.75,1.0,1.6003,1.0,-1.43,9.694925,4.757539,3.307314,-13.838728,0.0
2021-09-29,sz.002714,876.90614112,962.62431552,864.18667008,938.2914144,889.441272,97321427.0,4840679850.76,1.0,2.7414,1.0,5.4922,10.227393,5.018834,3.488959,-14.598783,0.0
2021-09-30,sz.002714,938.10707424,995.436864,933.86725056,956.7254304,938.2914144,92280755.0,4844530497.37,1.0,2.5994,1.0,1.9646,10.428324,5.117436,3.557505,-14.885596,0.0
2021-10-08,sz.002714,956.90977056,1029.90847392,934.42027104,1008.3406752,956.7254304,88425433.0,4798397156.25,1.0,2.4908,1.0,5.395,10.990931,5.393521,3.749432,-15.688672,0.0
2021-10-11,sz.002714,1008.3406752,1056.82213728,973.86906528,1017.00466272,1008.3406752,118255003.0,6504042981.65,1.0,3.331,1.0,0.8592,11.085368,5.439864,3.781648,-15.823474,0.0
2021-10-12,sz.002714,1013.87088,1036.9134,991.7500608,993.96214272,1017.00466272,72491191.0,3981974175.08,1.0,2.042,1.0,-2.2657,10.834205,5.316612,3.695966,-15.464958,0.0
2021-10-13,sz.002714,997.46460576,1021.42882656,960.4122336,1019.95410528,993.96214272,71856459.0,3867218059.45,1.0,2.0241,1.0,2.615,11.117517,5.45564,3.792615,-15.869364,0.0
2021-10-14,sz.002714,1008.89369568,1013.50219968,975.34378656,978.47756928,1019.95410528,53082611.0,2849352580.26,1.0,1.4952,1.0,-4.0665,10.665422,5.233786,3.638388,-15.224035,0.0
2021-10-15,sz.002714,960.4122336,1048.52683008,960.4122336,1021.2444864,978.47756928,104069975.0,5765980412.44,1.0,2.9315,1.0,4.3708,11.131583,5.462542,3.797413,-15.889441,0.0
2021-10-18,sz.002714,1016.6359824,1056.82213728,1000.9670688,1032.48923616,1021.2444864,61366695.0,3433918924.93,1.0,1.7286,1.0,1.1011,11.254151,5.52269,3.839226,-16.064397,0.0
2021-10-19,sz.002714,1028.6180928,1126.3183776,1028.6180928,1098.6673536,1032.48923616,108470935.0,6413710000.03,1.0,3.0554,1.0,6.4096,20.680473,5.949708,4.27388,-23.337088,0.0
2021-10-20,sz.002714,1089.26600544,1112.12418528,1059.95592,1061.7993216,1098.6673536,66962880.0,3899659128.04,1.0,1.8862,1.0,-3.3557,19.986498,5.750054,4.130461,-22.553964,0.0
2021-10-21,sz.002714,1061.7993216,1074.7031328,1031.3831952,1048.8955104,1061.7993216,53040656.0,3011228810.62,1.0,1.4941,1.0,-1.2153,19.743606,5.680175,4.080265,-22.279871,0.0
2021-10-22,sz.002714,1048.34248992,1059.77157984,1034.1482976,1051.29193248,1048.8955104,34015540.0,1935193043.92,1.0,0.9582,1.0,0.2285,19.788715,5.693152,4.089587,-22.330774,0.0
2021-10-25,sz.002714,1087.97562432,1098.48301344,1032.304896,1041.70624416,1051.29193248,64953544.0,3727756024.0,1.0,1.8296,1.0,-0.9118,19.608281,5.641242,4.052298,-22.127161,0.0
2021-10-26,sz.002714,1026.7746912,1035.9916992,1005.75991296,1007.60331456,1041.70624416,57175874.0,3148921442.63,1.0,1.6105,1.0,-3.2738,18.966354,5.456561,3.919636,-21.402772,0.0
2021-10-27,sz.002714,1010.1840768,1032.304896,1002.25744992,1018.479384,1007.60331456,36930015.0,2037848022.44,1.0,1.0403,1.0,1.0794,19.171076,5.515459,3.961944,-21.633793,0.0
2021-10-28,sz.002714,1005.5755728,1033.77961728,1000.59838848,1015.7142816,1018.479384,35540601.0,1963002882.72,1.0,1.0011,1.0,-0.2715,19.119028,5.500485,3.951188,-21.575059,0.0
2021-10-29,sz.002714,1016.08296192,1056.63779712,1016.08296192,1052.76665376,1015.7142816,54117757.0,3069949836.81,1.0,1.5244,1.0,3.6479,19.816474,5.701138,4.095324,-22.362099,0.0
2021-11-01,sz.002714,1032.48923616,1072.12237056,1026.7746912,1062.35234208,1052.76665376,41963377.0,2399118847.31,1.0,1.182,1.0,0.9105,19.996907,5.753048,4.132613,-22.565711,0.0
2021-11-02,sz.002714,1053.87269472,1080.78635808,1042.62794496,1069.72594848,1062.35234208,46862850.0,2699944801.07,1.0,1.32,1.0,0.6941,20.135702,5.792979,4.161297,-22.722335,0.0
2021-11-03,sz.002714,1069.172928,1118.76043104,1057.92817824,1095.9022512,1069.72594848,65883503.0,3942733781.43,1.0,1.8558,1.0,2.447,20.628425,5.934734,4.263124,-23.278353,0.0
2021-11-04,sz.002714,1087.606944,1118.57609088,1078.57427616,1088.89732512,1095.9022512,51110034.0,3048269487.94,1.0,1.4397,1.0,-0.6392,20.49657,5.8968,4.235874,-23.12956,0.0
2021-11-05,sz.002714,1105.85661984,1118.39175072,1067.51386656,1073.04407136,1088.89732512,43929419.0,2590659130.3,1.0,1.2374,1.0,-1.4559,20.19816,5.810948,4.174204,-22.792817,0.0
2021-11-08,sz.002714,1085.39486208,1087.23826368,1062.7210224,1066.96084608,1073.04407136,30245336.0,1758990252.56,1.0,0.852,1.0,-0.5669,20.083654,5.778005,4.15054,-22.663601,0.0
2021-11-09,sz.002714,1061.24630112,1069.91028864,1047.0521088,1050.18589152,1066.96084608,35316450.0,2021663113.95,1.0,0.9948,1.0,-1.5722,19.765252,5.686402,4.084738,-22.304297,0.0
2021-11-10,sz.002714,1045.39304736,1048.8955104,1023.087888,1033.96395744,1050.18589152,36758918.0,2058638930.8,1.0,1.0354,1.0,-1.5447,19.459943,5.598566,4.021642,-21.959768,0.0
2021-11-11,sz.002714,1039.12548192,1063.82706336,1030.4614944,1049.07985056,1033.96395744,30835363.0,1755228889.59,1.0,0.8686,1.0,1.4619,19.744435,5.680413,4.080436,-22.280806,0.0
2021-11-12,sz.002714,1050.00155136,1091.10940704,1050.00155136,1079.86465728,1049.07985056,46393115.0,2712926271.98,1.0,1.3068,1.0,2.9345,20.323827,5.847102,4.200175,-22.934627,0.0
2021-11-15,sz.002714,1092.76846848,1096.45527168,1074.51879264,1085.39486208,1079.86465728,30067080.0,1770968933.32,1.0,0.8469,1.0,0.5121,20.42791,5.877047,4.221685,-23.05208,0.0
2021-11-16,sz.002714,1085.39486208,1095.16489056,1079.68031712,1082.81409984,1085.39486208,24682297.0,1452179027.62,1.0,0.6953,1.0,-0.2378,20.379338,5.863073,4.211647,-22.997269,0.0
2021-11-17,sz.002714,1074.88747296,1085.21052192,1060.14026016,1072.8597312,1082.81409984,19884195.0,1157655398.27,1.0,0.5601,1.0,-0.9193,20.19199,5.809173,4.172929,-22.785854,0.0
2021-11-18,sz.002714,1073.22841152,1085.57920224,1061.61498144,1074.51879264,1072.8597312,19356426.0,1128037949.46,1.0,0.5452,1.0,0.1546,20.223214,5.818156,4.179382,-22.821089,0.0
2021-11-19,sz.002714,1069.172928,1077.83691552,1047.42078912,1061.24630112,1074.51879264,26013268.0,1493956966.5,1.0,0.7328,1.0,-1.2352,19.973417,5.74629,4.127758,-22.539203,0.0
2021-11-22,sz.002714,1050.738912,1068.80424768,1050.37023168,1053.5040144,1061.24630112,24770366.0,1419764202.22,1.0,0.6977,1.0,-0.7295,19.827701,5.704368,4.097644,-22.374769,0.0
2021-11-23,sz.002714,1054.4257152,1066.96084608,1047.23644896,1054.61005536,1053.5040144,19223510.0,1102714117.52,1.0,0.5415,1.0,0.105,19.848518,5.710357,4.101946,-22.398259,0.0
2021-11-24,sz.002714,1050.92325216,1069.172928,1026.7746912,1028.6180928,1054.61005536,36049327.0,2026115835.04,1.0,1.0155,1.0,-2.4646,19.35933,5.56962,4.000849,-21.846231,0.0
2021-11-25,sz.002714,1026.95903136,1038.7568016,1024.9312896,1030.09281408,1028.6180928,17207880.0,963029456.59,1.0,0.4847,1.0,0.1434,19.387086,5.577605,4.006585,-21.877551,0.0
2021-11-26,sz.002714,1033.77961728,1033.96395744,1002.07310976,1007.4189744,1030.09281408,29033768.0,1594374785.35,1.0,0.8178,1.0,-2.2011,18.960348,5.454833,3.918395,-21.395995,0.0
2021-11-29,sz.002714,995.436864,1013.87088,987.1415568,1004.653872,1007.4189744,23279435.0,1266834657.33,1.0,0.6557,1.0,-0.2745,18.908307,5.439861,3.90764,-21.337268,0.0
2021-11-30,sz.002714,1003.7321712,1003.7321712,951.1952256,965.9424384,1004.653872,60463551.0,3196199982.25,1.0,1.7032,1.0,-3.8532,18.17973,5.230252,3.75707,-20.515098,0.0
2021-12-01,sz.002714,962.2556352,966.49545888,948.24578304,955.98806976,965.9424384,40073044.0,2077175904.8,1.0,1.1288,1.0,-1.0305,17.992381,5.176353,3.718352,-20.303683,0.0
2021-12-02,sz.002714,949.351824,978.29322912,943.63727904,962.99299584,955.98806976,31782874.0,1667012313.31,1.0,0.8953,1.0,0.7327,18.124219,5.214282,3.745598,-20.452457,0.0
2021-12-03,sz.002714,958.568832,982.90173312,956.35675008,982.90173312,962.99299584,28046168.0,1483630553.95,1.0,0.79,1.0,2.0674,18.498916,5.322081,3.823034,-20.875287,0.0
2021-12-06,sz.002714,978.8462496,978.8462496,949.351824,951.37956576,982.90173312,37771025.0,1962902749.14,1.0,1.0639,1.0,-3.2071,17.905646,5.151399,3.700427,-20.205806,0.0
2021-12-07,sz.002714,894.049776,925.01892288,891.10033344,902.71376352,951.37956576,110477424.0,5421641872.26,1.0,3.112,1.0,-5.1153,16.989721,4.88789,3.51114,-19.172221,0.0
2021-12-08,sz.002714,922.25382048,958.568832,913.22115264,940.68783648,902.71376352,73610910.0,3755682506.12,1.0,2.0735,1.0,4.2067,17.70442,5.093507,3.658841,-19.97873,0.0
2021-12-09,sz.002714,941.0565168,958.568832,933.6829104,944.19029952,940.68783648,43448810.0,2229869649.43,1.0,1.2239,1.0,0.3723,17.770339,5.112472,3.672464,-20.053117,0.0
2021-12-10,sz.002714,939.76613568,949.351824,934.6046112,939.2131152,944.19029952,31853496.0,1622748189.35,1.0,0.8973,1.0,-0.5271,17.676665,5.085522,3.653105,-19.94741,0.0
2021-12-13,sz.002714,932.7612096,942.34689792,922.80684096,923.91288192,939.2131152,36382015.0,1836082694.35,1.0,1.0248,1.0,-1.629,17.388703,5.002676,3.593595,-19.622457,0.0
2021-12-14,sz.002714,923.91288192,943.26859872,916.1705952,919.67305824,923.91288192,35758770.0,1797468870.41,1.0,1.0073,1.0,-0.4589,17.308907,4.979719,3.577104,-19.532409,0.0
2021-12-15,sz.002714,918.19833696,923.5442016,903.266784,904.37282496,919.67305824,31053271.0,1534883880.46,1.0,0.8747,1.0,-1.6637,17.020945,4.896873,3.517593,-19.207457,0.0
2021-12-16,sz.002714,886.86050976,895.52449728,859.20948576,880.224264,904.37282496,69633799.0,3310518019.89,1.0,1.9615,1.0,-2.6702,16.566452,4.766117,3.423666,-18.694579,0.0
2021-12-17,sz.002714,879.3025632,897.18355872,866.398752,873.03499776,880.224264,42705762.0,2030418628.81,1.0,1.203,1.0,-0.8168,16.431145,4.72719,3.395703,-18.54189,0.0
2021-12-20,sz.002714,866.76743232,877.82784192,851.83587936,853.31060064,873.03499776,34139712.0,1596516831.41,1.0,0.9617,1.0,-2.2593,16.059918,4.620389,3.318984,-18.122975,0.0
2021-12-21,sz.002714,864.37101024,865.84573152,847.964736,854.60098176,853.31060064,28449056.0,1319986896.64,1.0,0.8014,1.0,0.1512,16.084204,4.627376,3.324003,-18.150381,0.0
2021-12-22,sz.002714,858.65646528,894.9714768,856.44438336,886.12314912,854.60098176,66909190.0,3207186684.45,1.0,1.8847,1.0,3.6885,16.677473,4.798058,3.44661,-18.819862,0.0
2021-12-23,sz.002714,899.5799808,943.45293888,897.36789888,924.28156224,886.12314912,77636435.0,3890942916.63,1.0,2.1869,1.0,4.3062,17.395642,5.004672,3.595029,-19.630287,0.0
2021-12-24,sz.002714,923.72854176,967.78584,906.9535872,963.73035648,924.28156224,71016183.0,3649778783.44,1.0,2.0004,1.0,4.268,18.138097,5.218274,3.748466,-20.468117,0.0
2021-12-27,sz.002714,971.10396288,1004.28519168,949.53616416,975.1594464,963.73035648,56967646.0,3023905150.94,1.0,1.6047,1.0,1.1859,18.3532,5.280159,3.79292,-20.710853,0.0
2021-12-28,sz.002714,971.4726432,991.93440096,958.568832,965.0207376,975.1594464,44879558.0,2364294153.5,1.0,1.2642,1.0,-1.0397,18.162383,5.225261,3.753485,-20.495523,0.0
2021-12-29,sz.002714,964.28337696,973.86906528,948.61446336,949.90484448,965.0207376,32440281.0,1682623213.12,1.0,0.9138,1.0,-1.5664,17.877891,5.143414,3.694691,-20.174485,0.0
2021-12-30,sz.002714,949.351824,973.50038496,947.5084224,961.14959424,949.90484448,25733615.0,1340510894.8,1.0,0.7249,1.0,1.1838,18.089525,5.2043,3.738428,-20.413306,0.0
2021-12-31,sz.002714,955.8037296,989.16929856,955.43504928,983.63909376,961.14959424,33902464.0,1799412965.22,1.0,0.955,1.0,2.3399,18.512793,5.326073,3.825902,-20.890947,0.0
2022-01-04,sz.002714,995.436864,1072.8597312,995.436864,1065.4861248,983.63909376,84781587.0,4777187003.86,1.0,2.3882,1.0,8.3208,20.053213,5.769247,4.144249,-22.62925,0.0
2022-01-05,sz.002714,1063.6427232,1106.04096,1054.61005536,1068.98858784,1065.4861248,76153452.0,4450352217.8,1.0,2.1451,1.0,0.3287,20.119132,5.788212,4.157872,-22.703637,0.0
2022-01-06,sz.002714,1057.92817824,1068.98858784,1026.03733056,1045.02436704,1068.98858784,51169725.0,2901595246.45,1.0,1.4414,1.0,-2.2418,19.668108,5.658454,4.064662,-22.194674,0.0
2022-01-07,sz.002714,1045.39304736,1059.95592,1029.72413376,1037.28208032,1045.02436704,32046678.0,1812712429.48,1.0,0.9027,1.0,-0.7409,19.522393,5.616532,4.034548,-22.03024,0.0
2022-01-10,sz.002714,1032.12055584,1092.76846848,1030.4614944,1092.76846848,1037.28208032,66724268.0,3892941299.97,1.0,1.8795,1.0,5.3492,20.566686,5.916972,4.250365,-23.208684,0.0
2022-01-11,sz.002714,1087.606944,1087.606944,1043.3653056,1043.73398592,1092.76846848,42941996.0,2470584888.29,1.0,1.2096,1.0,-4.4872,19.643822,5.651467,4.059643,-22.167268,0.0
2022-01-12,sz.002714,1048.8955104,1064.74876416,1028.6180928,1056.2691168,1043.73398592,30318875.0,1726501466.46,1.0,0.854,1.0,1.201,19.879742,5.719341,4.108399,-22.433495,0.0
2022-01-13,sz.002714,1050.738912,1076.5465344,1011.84313824,1018.479384,1056.2691168,34709101.0,1955059433.56,1.0,0.9777,1.0,-3.5777,19.168513,5.514722,3.961415,-21.6309,0.0
2022-01-14,sz.002714,1013.87088,1050.00155136,1010.55275712,1026.7746912,1018.479384,26753400.0,1495788509.31,1.0,0.7536,1.0,0.8145,19.324636,5.559638,3.993679,-21.80708,0.0
2022-01-17,sz.002714,1026.7746912,1038.7568016,1006.4972736,1032.304896,1026.7746912,23605564.0,1313478873.4,1.0,0.6649,1.0,0.5386,19.428719,5.589582,4.015189,-21.924533,0.0
2022-01-18,sz.002714,1024.9312896,1037.65076064,1011.1057776,1028.6180928,1032.304896,27602898.0,1534225556.8,1.0,0.7775,1.0,-0.3571,19.35933,5.56962,4.000849,-21.846231,0.0
2022-01-19,sz.002714,1032.304896,1035.9916992,993.77780256,1005.20689248,1028.6180928,35943189.0,1962223735.37,1.0,1.0125,1.0,-2.276,18.918715,5.442856,3.909791,-21.349014,0.0
2022-01-20,sz.002714,1006.86595392,1059.95592,1000.9670688,1054.4257152,1005.20689248,58010789.0,3292051094.37,1.0,1.6341,1.0,4.8964,19.845048,5.709359,4.101229,-22.394344,0.0
2022-01-21,sz.002714,1051.29193248,1053.68835456,1013.68653984,1013.87088,1054.4257152,38844196.0,2160356739.98,1.0,1.0771,1.0,-3.8462,19.081777,5.489768,3.94349,-21.533023,0.0
2022-01-24,sz.002714,1015.7142816,1030.09281408,990.27533952,992.11874112,1013.87088,29763165.0,1624669818.23,1.0,0.8253,1.0,-2.1455,18.672386,5.371988,3.858884,-21.071042,0.0
2022-01-25,sz.002714,991.7500608,1001.8887696,958.568832,958.568832,992.11874112,27404784.0,1450962870.3,1.0,0.7599,1.0,-3.3816,18.040953,5.190326,3.72839,-20.358495,0.0
2022-01-26,sz.002714,969.26056128,1004.653872,968.7075408,1001.8887696,958.568832,30754776.0,1647567322.89,1.0,0.8528,1.0,4.5192,18.856265,5.424889,3.896885,-21.278542,0.0
2022-01-27,sz.002714,995.06818368,1034.88565824,977.002848,979.21492992,1001.8887696,29178241.0,1585392310.43,1.0,0.8091,1.0,-2.2631,18.429527,5.302118,3.808694,-20.796985,0.0
2022-01-28,sz.002714,993.22478208,1024.56260928,986.58853632,1006.31293344,979.21492992,40380802.0,2219634066.87,1.0,1.1197,1.0,2.7673,18.939531,5.448845,3.914093,-21.372504,0.0
2022-02-07,sz.002714,1028.43375264,1039.6785024,963.36167616,1018.11070368,1006.31293344,51032094.0,2774930257.64,1.0,1.415,1.0,1.1724,19.161574,5.512726,3.959981,-21.62307,0.0
2022-02-08,sz.002714,1010.1840768,1034.70131808,999.67668768,1026.7746912,1018.11070368,30224372.0,1666409527.58,1.0,0.8381,1.0,0.851,19.324636,5.559638,3.993679,-21.80708,0.0
2022-02-09,sz.002714,1025.48431008,1085.39486208,1023.64090848,1081.70805888,1026.7746912,66189129.0,3848760232.59,1.0,1.8353,1.0,5.3501,20.358522,5.857084,4.207345,-22.973778,0.0
2022-02-10,sz.002714,1076.17785408,1155.44412288,1069.35726816,1135.90406592,1081.70805888,98123147.0,6003187852.54,1.0,2.7208,1.0,5.0102,21.378529,6.150537,4.418142,-24.124816,0.0
2022-02-11,sz.002714,1135.71972576,1141.43427072,1113.04588608,1118.9447712,1135.90406592,40673653.0,2482279059.95,1.0,1.1278,1.0,-1.493,21.059343,6.058708,4.352179,-23.764627,0.0
2022-02-14,sz.002714,1117.28570976,1133.50764384,1073.04407136,1090.92506688,1118.9447712,36084416.0,2143374767.12,1.0,1.0005,1.0,-2.5041,20.531992,5.906991,4.243195,-23.169533,0.0
2022-02-15,sz.002714,1087.606944,1097.7456528,1071.0163296,1090.92506688,1090.92506688,32428064.0,1907799794.68,1.0,0.8992,1.0,0.0,20.531992,5.906991,4.243195,-23.169533,0.0
2022-02-16,sz.002714,1087.606944,1091.47808736,1063.6427232,1073.781432,1090.92506688,33169117.0,1931900597.48,1.0,0.9197,1.0,-1.5715,20.209337,5.814164,4.176514,-22.805429,0.0
2022-02-17,sz.002714,1068.43556736,1104.1975584,1041.89058432,1098.6673536,1073.781432,46245411.0,2715191156.04,1.0,1.2823,1.0,2.3176,20.677708,5.948913,4.273309,-23.333967,0.0
2022-02-18,sz.002714,1087.606944,1124.474976,1082.0767392,1105.85661984,1098.6673536,32636559.0,1955799518.2,1.0,0.9049,1.0,0.6544,20.813015,5.98784,4.301272,-23.486656,0.0
2022-02-21,sz.002714,1093.1371488,1113.04588608,1087.05392352,1097.37697248,1105.85661984,21056952.0,1255547197.78,1.0,0.5839,1.0,-0.7668,20.653422,5.941926,4.26829,-23.306561,0.0
2022-02-22,sz.002714,1089.08166528,1096.27093152,1065.85480512,1079.12729664,1097.37697248,25150711.0,1469100784.05,1.0,0.6974,1.0,-1.663,20.30995,5.84311,4.197307,-22.918967,0.0
2022-02-23,sz.002714,1096.823952,1103.82887808,1056.08477664,1058.48119872,1079.12729664,34436046.0,1996434493.61,1.0,0.9548,1.0,-1.9132,19.921375,5.731318,4.117003,-22.480476,0.0
2022-02-24,sz.002714,1057.92817824,1065.11744448,1033.96395744,1043.3653056,1058.48119872,30039724.0,1707806184.84,1.0,0.8329,1.0,-1.4281,19.636883,5.649471,4.058209,-22.159438,0.0
2022-02-25,sz.002714,1059.40289952,1062.90536256,1034.88565824,1054.4257152,1043.3653056,23357624.0,1328256568.94,1.0,0.6477,1.0,1.0601,19.845048,5.709359,4.101229,-22.394344,0.0
2022-02-28,sz.002714,1054.4257152,1064.74876416,1043.54964576,1052.21363328,1054.4257152,20454341.0,1167474896.0,1.0,0.5672,1.0,-0.2098,19.803415,5.697381,4.092625,0.0,0.0
2022-03-01,sz.002714,1065.4861248,1117.47004992,1047.0521088,1117.28570976,1052.21363328,61222782.0,3623517360.0,1.0,1.6976,1.0,6.1843,21.028119,6.049725,4.345726,-23.729391,0.0
2022-03-02,sz.002714,1104.75057888,1120.60383264,1095.16489056,1100.32641504,1117.28570976,31586065.0,1890496176.0,1.0,0.8758,1.0,-1.5179,20.708932,5.957896,4.279762,-23.369203,0.0
2022-03-03,sz.002714,1095.16489056,1103.64453792,1077.09955488,1082.99844,1100.32641504,21590519.0,1271593040.0,1.0,0.5987,1.0,-1.5748,20.382808,5.864071,4.212364,-23.001184,0.0
2022-03-04,sz.002714,1080.78635808,1107.14700096,1071.56935008,1082.81409984,1082.99844,27582414.0,1628671040.0,1.0,0.7648,1.0,-0.017,20.379338,5.863073,4.211647,-22.997269,0.0
2022-03-07,sz.002714,1080.2333376,1093.1371488,1042.62794496,1055.347416,1082.81409984,29754772.0,1722727328.0,1.0,0.825,1.0,-2.5366,19.862395,5.71435,4.104814,-22.413919,0.0
2022-03-08,sz.002714,1047.9738096,1072.8597312,999.1236672,1003.91651136,1055.347416,35933781.0,2006704448.0,1.0,0.9964,1.0,-4.8734,18.89453,5.435898,3.904793,-21.321722,0.0
2022-03-09,sz.002714,995.62120416,1030.4614944,958.568832,1007.4189744,1003.91651136,33665144.0,1825309392.0,1.0,0.9335,1.0,0.3489,18.960449,5.454863,3.918416,-21.396109,0.0
2022-03-10,sz.002714,1028.24941248,1030.4614944,1000.9670688,1008.70935552,1007.4189744,22877071.0,1259354704.0,1.0,0.6343,1.0,0.1281,18.984735,5.46185,3.923435,-21.423515,0.0
2022-03-11,sz.002714,991.38138048,1033.77961728,981.24267168,1025.66865024,1008.70935552,30551940.0,1682614560.0,1.0,0.8471,1.0,1.6813,19.303923,5.553679,3.989399,-21.783706,0.0
2022-03-14,sz.002714,1013.13351936,1023.087888,964.65205728,964.65205728,1025.66865024,40231428.0,2150561264.0,1.0,1.1155,1.0,-5.949,18.155541,5.223293,3.752071,-20.487802,0.0
2022-03-15,sz.002714,969.81358176,973.13170464,906.9535872,907.32226752,964.65205728,47618042.0,2407673104.0,1.0,1.3203,1.0,-5.9431,17.076547,4.91287,3.529084,-19.270201,0.0
2022-03-16,sz.002714,918.0139968,929.0744064,875.06273952,920.04173856,907.32226752,43085973.0,2120012704.0,1.0,1.1947,1.0,1.4019,17.315941,4.981743,3.578557,-19.540348,0.0
2022-03-17,sz.002714,936.4480128,994.33082304,928.1527056,977.9245488,920.04173856,42801468.0,2249226304.0,1.0,1.1868,1.0,6.2913,18.405343,5.29516,3.803696,-20.769694,0.0
2022-03-18,sz.002714,973.3160448,1013.87088,968.33886048,1008.3406752,977.9245488,38553140.0,2094789346.37,1.0,1.069,1.0,3.1103,18.9778,5.459854,3.922001,-21.415689,0.0
2022-03-21,sz.002714,1014.23956032,1040.04718272,1001.15140896,1012.58049888,1008.3406752,34618928.0,1909998691.14,1.0,0.9599,1.0,0.4205,19.057597,5.482812,3.938492,-21.505736,0.0
2022-03-22,sz.002714,1006.4972736,1051.84495296,1006.4972736,1035.43867872,1012.58049888,33670708.0,1891928985.5,1.0,0.9336,1.0,2.2574,19.487806,5.606582,4.027401,-21.991211,0.0
2022-03-23,sz.002714,1032.304896,1037.09774016,1012.0274784,1026.59035104,1035.43867872,27387192.0,1520124883.35,1.0,0.7594,1.0,-0.8545,19.321274,5.558671,3.992985,-21.803285,0.0
2022-03-24,sz.002714,1013.87088,1032.304896,1004.653872,1013.68653984,1026.59035104,21117354.0,1162335993.66,1.0,0.5864,1.0,-1.257,19.078421,5.488803,3.942796,-21.529235,0.0
2022-03-25,sz.002714,1013.87088,1047.60512928,1005.39123264,1012.9491792,1013.68653984,29996112.0,1669152675.04,1.0,0.833,1.0,-0.0727,19.28077,5.547018,3.984614,-21.757578,0.0
2022-03-28,sz.002714,1004.653872,1019.4010848,993.77780256,1005.39123264,1012.9491792,21591292.0,1176568486.04,1.0,0.5996,1.0,-0.7461,19.13691,5.50563,3.954884,-21.595239,0.0
2022-03-29,sz.002714,1004.83821216,1053.31967424,1000.59838848,1049.8172112,1005.39123264,35010566.0,1972742586.46,1.0,0.9722,1.0,4.4188,19.982528,5.748911,4.129641,-22.549484,0.0
2022-03-30,sz.002714,1036.17603936,1064.01140352,1031.56753536,1057.1908176,1049.8172112,28952595.0,1650019157.77,1.0,0.804,1.0,0.7024,20.122883,5.789291,4.158647,-22.70787,0.0
2022-03-31,sz.002714,1057.1908176,1062.7210224,1030.27715424,1048.15814976,1057.1908176,21296499.0,1205858827.5,1.0,0.5914,1.0,-0.8544,19.950953,5.739828,4.123116,-22.513853,0.0
2022-04-01,sz.002714,1050.37023168,1079.3116368,1034.51697792,1058.48119872,1048.15814976,29360158.0,1688879667.72,1.0,0.8153,1.0,0.9849,20.147445,5.796358,4.163723,-22.735586,0.0
2022-04-06,sz.002714,1050.738912,1066.77650592,1029.72413376,1033.2265968,1058.48119872,25959486.0,1469875306.19,1.0,0.7209,1.0,-2.3859,19.666749,5.658063,4.064381,-22.193141,0.0
2022-04-07,sz.002714,1023.27222816,1035.9916992,991.93440096,997.46460576,1033.2265968,37485922.0,2049575727.4,1.0,1.041,1.0,-3.4612,18.986045,5.462226,3.923705,-21.424993,0.0
2022-04-08,sz.002714,995.06818368,1008.15633504,975.1594464,990.09099936,997.46460576,24134771.0,1293103515.87,1.0,0.6702,1.0,-0.7392,18.845693,5.421848,3.8947,-21.266612,0.0
2022-04-11,sz.002714,994.69950336,1025.11562976,983.63909376,1008.3406752,990.09099936,31059122.0,1701926369.51,1.0,0.8625,1.0,1.8432,19.193063,5.521785,3.966488,-21.658605,0.0
2022-04-12,sz.002714,1008.3406752,1024.56260928,997.46460576,1017.5576832,1008.3406752,18615426.0,1023728475.14,1.0,0.5169,1.0,0.9141,19.368503,5.572258,4.002745,-21.856581,0.0
2022-04-13,sz.002714,1013.87088,1028.6180928,985.66683552,986.95721664,1017.5576832,22613403.0,1230419331.95,1.0,0.628,1.0,-3.0072,18.786044,5.404687,3.882373,-21.1993,0.0
2022-04-14,sz.002714,990.82836,991.01270016,965.9424384,981.611352,986.95721664,25737867.0,1367662532.67,1.0,0.7147,1.0,-0.5417,18.684289,5.375412,3.861344,-21.084474,0.0
2022-04-15,sz.002714,977.002848,987.51023712,957.09411072,966.67979904,981.611352,22802153.0,1202558354.35,1.0,0.6332,1.0,-1.5211,18.400077,5.293645,3.802608,-20.763752,0.0
2022-04-18,sz.002714,966.67979904,1013.50219968,966.67979904,1012.58049888,966.67979904,29450214.0,1581426477.3,1.0,0.8178,1.0,4.7483,19.273775,5.545006,3.983168,-21.749685,0.0
2022-04-19,sz.002714,1032.304896,1087.42260384,1032.304896,1059.0342192,1012.58049888,65213984.0,3752155539.84,1.0,1.811,1.0,4.5877,20.15799,5.799391,4.165902,-22.747486,0.0
2022-04-20,sz.002714,1058.1125184,1079.68031712,1050.00155136,1053.13533408,1059.0342192,41013008.0,2368972649.9,1.0,1.1389,1.0,-0.557,20.045708,5.767088,4.142698,-22.620781,0.0
2022-04-21,sz.002714,1050.738912,1081.89239904,1024.0095888,1031.93621568,1053.13533408,39499311.0,2250961132.39,1.0,1.0969,1.0,-2.013,19.642198,5.651,4.059308,-22.165435,0.0
2022-04-22,sz.002714,1024.0095888,1026.7746912,986.219856,1013.87088,1031.93621568,31423395.0,1718421670.58,1.0,0.8726,1.0,-1.7506,19.298336,5.552072,3.988244,-21.777401,0.0
2022-04-25,sz.002714,1014.05522016,1038.94114176,974.79076608,976.26548736,1013.87088,40084811.0,2195986916.72,1.0,1.1131,1.0,-3.7091,18.582544,5.34614,3.840317,-20.969658,0.0
2022-04-26,sz.002714,976.26548736,991.01270016,940.68783648,942.16255776,976.26548736,36617929.0,1912140767.42,1.0,1.0169,1.0,-3.4932,17.933418,5.159389,3.706167,-20.237145,0.0
2022-04-27,sz.002714,930.917808,1005.20689248,913.77417312,1005.02255232,942.16255776,40125270.0,2116810357.44,1.0,1.1143,1.0,6.6719,19.129915,5.503617,3.953438,-21.587344,0.0
2022-04-28,sz.002714,999.1236672,1006.4972736,972.76302432,989.9066592,1005.02255232,25355624.0,1358423711.7,1.0,0.7041,1.0,-1.504,18.842194,5.420841,3.893977,-21.262663,0.0
2022-04-29,sz.002714,995.25252384,997.64894592,947.32408224,962.80865568,989.9066592,48987022.0,2567355868.51,1.0,1.3604,1.0,-2.7374,18.326402,5.272449,3.787382,-20.680612,0.0
2022-05-05,sz.002714,973.3160448,984.56079456,958.93751232,962.99299584,962.80865568,34712007.0,1824244418.92,1.0,0.9639,1.0,0.0191,-53.063127,5.912493,3.609998,101.245111,0.0
2022-05-06,sz.002714,952.66994688,962.80865568,940.31915616,947.5084224,962.99299584,21199061.0,1093410570.75,1.0,0.5887,1.0,-1.608,-52.209891,5.817422,3.551951,99.617127,0.0
2022-05-09,sz.002714,958.01581152,976.26548736,925.57194336,949.351824,947.5084224,29900180.0,1542193849.15,1.0,0.8303,1.0,0.1946,-52.311467,5.82874,3.558861,99.810934,0.0
2022-05-10,sz.002714,940.87217664,958.20015168,922.25382048,951.93258624,949.351824,28556176.0,1459492745.31,1.0,0.793,1.0,0.2718,-52.453673,5.844585,3.568536,100.082265,0.0
2022-05-11,sz.002714,954.51334848,960.4122336,936.4480128,949.53616416,951.93258624,39482527.0,2030833801.75,1.0,1.0964,1.0,-0.2517,-52.321624,5.829872,3.559552,99.830315,0.0
2022-05-12,sz.002714,946.5867216,956.35675008,918.56701728,927.41534496,949.53616416,38889262.0,1969381762.4,1.0,1.0799,1.0,-2.3296,-51.102716,5.694057,3.476627,97.504623,0.0
2022-05-13,sz.002714,930.18044736,931.28648832,895.15581696,908.42830848,927.41534496,43027535.0,2120447513.55,1.0,1.1949,1.0,-2.0473,-50.056487,5.577482,3.40545,95.508405,0.0
2022-05-16,sz.002714,914.3271936,945.6650208,905.29452576,945.48068064,908.42830848,45839213.0,2313361416.83,1.0,1.2729,1.0,4.0787,-52.098158,5.804973,3.544349,99.403938,0.0
2022-05-17,sz.002714,944.74332,954.51334848,930.917808,933.86725056,945.48068064,34755681.0,1773429749.24,1.0,0.9652,1.0,-1.2283,-51.458231,5.73367,3.500814,98.18295,0.0
2022-05-18,sz.002714,934.05159072,936.4480128,915.61757472,920.59475904,933.86725056,27379693.0,1368420989.71,1.0,0.7603,1.0,-1.4212,-50.726886,5.65218,3.451059,96.787535,0.0
2022-05-19,sz.002714,892.2063744,905.1101856,879.3025632,895.52449728,920.59475904,48990372.0,2369801449.52,1.0,1.3605,1.0,-2.7233,-49.345457,5.498256,3.357077,94.151751,0.0
2022-05-20,sz.002714,890.3629728,908.7969888,881.69898528,898.65828,895.52449728,33240201.0,1614166513.46,1.0,0.9231,1.0,0.3499,-49.518136,5.517497,3.368825,94.481224,0.0
2022-05-23,sz.002714,904.74150528,925.75628352,903.81980448,918.75135744,898.65828,33038773.0,1643132282.65,1.0,0.9175,1.0,2.2359,-50.625326,5.640864,3.444149,96.593756,0.0
2022-05-24,sz.002714,914.3271936,917.092296,894.049776,894.78713664,918.75135744,28934427.0,1416254090.8,1.0,0.8035,1.0,-2.6083,-49.304842,5.493731,3.354314,94.074256,0.0
2022-05-25,sz.002714,894.41845632,936.4480128,890.54731296,924.83458272,894.78713664,41602085.0,2069202693.71,1.0,1.1553,1.0,3.3581,-50.960526,5.678213,3.466954,97.233322,0.0
2022-05-26,sz.002714,936.4480128,937.92273408,918.38267712,919.12003776,924.83458272,31919306.0,1603702775.53,1.0,0.8864,1.0,-0.6179,-50.645641,5.643128,3.445531,96.632518,0.0
2022-05-27,sz.002714,926.86232448,930.36478752,904.1884848,908.98132896,919.12003776,22828573.0,1133398580.92,1.0,0.6339,1.0,-1.1031,-50.086975,5.580879,3.407524,95.566576,0.0
2022-05-30,sz.002714,911.93077152,922.99118112,899.02696032,906.0318864,908.98132896,26889987.0,1324493378.42,1.0,0.7467,1.0,-0.3245,-49.924454,5.56277,3.396467,95.256483,0.0
2022-05-31,sz.002714,905.1101856,943.45293888,901.79206272,943.45293888,906.0318864,49630309.0,2505634138.28,1.0,1.3782,1.0,4.1302,-51.98644,5.792525,3.536749,99.19078,0.0
2022-06-01,sz.002714,943.08425856,943.08425856,918.0139968,924.4659024,943.45293888,28401514.0,1428991085.7,1.0,0.7887,1.0,-2.0125,-50.940225,5.675951,3.465573,97.194589,0.0
2022-06-02,sz.002714,918.38267712,922.25382048,906.0318864,920.59475904,924.4659024,20758338.0,1029378267.92,1.0,0.5765,1.0,-0.4187,-50.726916,5.652184,3.451061,96.787592,0.0
2022-06-06,sz.002714,920.7790992,921.7008,897.7365792,909.7186896,920.59475904,38682472.0,1899949495.59,1.0,1.0742,1.0,-1.1814,-50.12762,5.585408,3.410289,95.644127,0.0
2022-06-07,sz.002714,915.2488944,944.74332,912.66813216,929.9961072,909.7186896,38992942.0,1966490074.57,1.0,1.0828,1.0,2.229,-51.244953,5.709905,3.486304,97.776012,0.0
2022-06-08,sz.002714,921.7008,943.8216192,918.0139968,928.70572608,929.9961072,36167792.0,1822355811.39,1.0,1.0044,1.0,-0.1388,-51.17385,5.701983,3.481467,97.640346,0.0
2022-06-09,sz.002714,933.52241894,974.09424068,926.48255946,959.45874334,928.70567298,54086030.0,2785637793.53,1.0,1.502,1.0,3.3114,-52.606067,5.861566,3.578903,100.373036,0.0
2022-06-10,sz.002714,954.086219,957.7914082,942.22961356,955.56829468,959.45874334,34060145.0,1745876014.19,1.0,0.9458,1.0,-0.4055,-52.392758,5.837798,3.564392,99.96604,0.0
2022-06-13,sz.002714,959.6440028,1016.33339756,957.7914082,992.80544614,955.56829468,64058546.0,3434937340.75,1.0,1.7789,1.0,3.8969,-54.43443,6.065289,3.703291,103.861575,0.0
2022-06-14,sz.002714,979.65202448,1020.59436514,979.28150556,1005.9588678,992.80544614,56244087.0,3054409479.17,1.0,1.5619,1.0,1.3249,-55.155618,6.145646,3.752355,105.23761,0.0
2022-06-15,sz.002714,1006.32938672,1018.55651108,989.65603532,993.36122452,1005.9588678,41547306.0,2239171892.04,1.0,1.1538,1.0,-1.2523,-54.464903,6.068684,3.705364,103.919718,0.0
2022-06-16,sz.002714,994.8433002,1032.45097058,994.8433002,1018.18599216,993.36122452,48603239.0,2668451681.66,1.0,1.3497,1.0,2.4991,-55.826018,6.220345,3.797964,106.516742,0.0
2022-06-17,sz.002714,1012.25768944,1030.78363544,1010.40509484,1016.1481381,1018.18599216,32902741.0,1809433847.54,1.0,0.9137,1.0,-0.2001,-55.714284,6.207895,3.790362,106.303553,0.0
2022-06-20,sz.002714,1029.1163003,1056.34944092,1023.5585165,1036.15615978,1016.1481381,38383891.0,2154158725.58,1.0,1.0659,1.0,1.969,-56.811302,6.330129,3.864995,108.396677,0.0
2022-06-21,sz.002714,1041.89920304,1055.978922,1022.6322192,1033.7477868,1036.15615978,28918389.0,1614083980.05,1.0,0.8031,1.0,-0.2324,-56.679254,6.315416,3.856011,108.144727,0.0
2022-06-22,sz.002714,1042.26972196,1070.7996788,1025.04059218,1060.6104085,1033.7477868,43055391.0,2446208746.59,1.0,1.1956,1.0,2.5986,-58.152246,6.479542,3.956222,110.955215,0.0
2022-06-23,sz.002714,1060.6104085,1077.83953828,1044.8633544,1061.35144634,1060.6104085,29207382.0,1667812632.9,1.0,0.8111,1.0,0.0699,-58.192877,6.484069,3.958986,111.032738,0.0
2022-06-24,sz.002714,1063.3893004,1065.241895,1042.0844625,1054.1263274,1061.35144634,38980097.0,2212906698.44,1.0,1.0825,1.0,-0.6807,-57.79673,6.439929,3.932035,110.276886,0.0
2022-06-27,sz.002714,1070.7996788,1095.43918698,1070.7996788,1085.24991668,1054.1263274,50523914.0,2956457713.0,1.0,1.403,1.0,2.9525,-59.503207,6.630071,4.048131,113.532864,0.0
2022-06-28,sz.002714,1090.2519221,1097.6623005,1067.46500852,1080.24791126,1085.24991668,34586192.0,2020690995.73,1.0,0.9604,1.0,-0.4609,-59.228952,6.599512,4.029472,113.009582,0.0
2022-06-29,sz.002714,1074.504868,1076.3574626,1012.62820836,1016.51865702,1080.24791126,66223641.0,3703387747.29,1.0,1.839,1.0,-5.8995,-55.734745,6.210175,3.791754,106.342593,0.0
2022-06-30,sz.002714,1021.52066244,1032.8214895,1008.92301916,1023.92903542,1016.51865702,33110320.0,1826602844.91,1.0,0.9195,1.0,0.729,-56.141049,6.255447,3.819396,107.117826,0.0
2022-07-01,sz.002714,1026.89318678,1052.2737328,1022.26170028,1037.26771654,1023.92903542,30339070.0,1702796692.15,1.0,0.8425,1.0,1.3027,-56.872397,6.336936,3.869151,108.513246,0.0
2022-07-04,sz.002714,1070.7996788,1141.01301414,1070.7996788,1141.01301414,1037.26771654,87792732.0,5243725268.52,1.0,2.438,1.0,10.0018,-62.560704,6.970749,4.256139,119.366607,0.0
2022-07-05,sz.002714,1157.871625,1179.54698182,1136.93730602,1176.397571,1141.01301414,97762013.0,6111672905.79,1.0,2.7148,1.0,3.1012,-64.500807,7.186922,4.388128,123.068348,0.0
2022-07-06,sz.002714,1139.345679,1179.36172236,1122.48706814,1133.60263574,1176.397571,66724194.0,4124803050.13,1.0,1.8529,1.0,-3.6378,-62.154399,6.925477,4.228497,118.591373,0.0
2022-07-07,sz.002714,1148.97917092,1173.43341964,1131.75004114,1153.79591688,1133.60263574,56743016.0,3538172954.08,1.0,1.5757,1.0,1.7813,-63.261579,7.048843,4.303821,120.703885,0.0
2022-07-08,sz.002714,1161.02103582,1187.88365752,1146.7560574,1164.17044664,1153.79591688,49158189.0,3096075181.26,1.0,1.3651,1.0,0.8992,-63.830405,7.112224,4.342519,121.789212,0.0
2022-07-11,sz.002714,1164.17044664,1219.74828464,1163.98518718,1206.78012244,1164.17044664,71724810.0,4644440094.74,1.0,1.9918,1.0,3.6601,-66.166654,7.372537,4.501459,126.246806,0.0
2022-07-12,sz.002714,1215.3020576,1222.52717654,1168.61667368,1176.397571,1206.78012244,48265326.0,3107267633.39,1.0,1.3403,1.0,-2.5177,-64.500807,7.186922,4.388128,123.068348,0.0
2022-07-13,sz.002714,1187.5131386,1193.25618186,1151.3875439,1183.62268994,1176.397571,37982793.0,2403177978.09,1.0,1.0548,1.0,0.6142,-64.896953,7.231063,4.415079,123.824201,0.0
2022-07-14,sz.002714,1183.62268994,1197.88766836,1156.20428986,1177.50912776,1183.62268994,29992050.0,1911317899.2,1.0,0.8329,1.0,-0.5165,-64.561752,7.193713,4.392274,123.184633,0.0
2022-07-15,sz.002714,1165.2820034,1188.06891698,1154.35169526,1157.871625,1177.50912776,33878969.0,2137031013.75,1.0,0.9408,1.0,-1.6677,-63.48513,7.073752,4.319029,121.130424,0.0
2022-07-18,sz.002714,1145.08872226,1159.7242196,1112.66831676,1150.4612466,1157.871625,41053212.0,2528715625.2,1.0,1.14,1.0,-0.64,-63.078825,7.02848,4.291388,120.355189,0.0
2022-07-19,sz.002714,1146.20027902,1163.24414934,1126.3775168,1143.23612766,1150.4612466,27354948.0,1683994631.4,1.0,0.7596,1.0,-0.628,-62.682678,6.98434,4.264437,119.599335,0.0
2022-07-20,sz.002714,1152.3138412,1153.42539796,1098.5885978,1110.07468432,1143.23612766,47522900.0,2866669479.75,1.0,1.3197,1.0,-2.9007,-60.864464,6.781747,4.14074,116.13016,0.0
2022-07-21,sz.002714,1107.29579242,1131.56478168,1093.030814,1108.96312756,1110.07468432,28341659.0,1704205913.37,1.0,0.787,1.0,-0.1001,-60.803518,6.774957,4.136594,116.013875,0.0
2022-07-22,sz.002714,1107.8515708,1109.14838702,1080.0626518,1089.3256248,1108.96312756,27849456.0,1642872101.17,1.0,0.7734,1.0,-1.7708,-59.72681,6.654986,4.063343,113.959503,0.0
2022-07-25,sz.002714,1087.10251128,1090.99295994,1069.31760312,1074.87538692,1089.3256248,22753539.0,1322371220.0,1.0,0.6319,1.0,-1.3265,-58.934516,6.566705,4.009441,112.447795,0.0
2022-07-26,sz.002714,1085.80569506,1096.36548428,1070.42915988,1076.72798152,1074.87538692,22175748.0,1294042904.83,1.0,0.6158,1.0,0.1724,-59.036092,6.578023,4.016352,112.641604,0.0
2022-07-27,sz.002714,1072.28175448,1085.24991668,1068.57656528,1075.4311653,1076.72798152,21016174.0,1219607004.18,1.0,0.5836,1.0,-0.1204,-58.964989,6.570101,4.011514,112.505938,0.0
2022-07-28,sz.002714,1085.24991668,1105.9989762,1075.80168422,1078.2100572,1075.4311653,35394463.0,2085496444.87,1.0,0.9829,1.0,0.2584,-59.117353,6.587078,4.02188,112.796651,0.0
2022-07-29,sz.002714,1083.767841,1121.37551138,1071.7259761,1104.1463816,1078.2100572,45205628.0,2692317972.01,1.0,1.2553,1.0,2.4055,-60.53942,6.74553,4.118626,115.509972,0.0
2022-08-01,sz.002714,1105.25793836,1106.55475458,1070.42915988,1088.76984642,1104.1463816,29592361.0,1734463862.62,1.0,0.8218,1.0,-1.3926,-59.696337,6.65159,4.06127,113.90136,0.0
2022-08-02,sz.002714,1074.69012746,1099.88541402,1059.6841112,1075.80168422,1088.76984642,29579364.0,1721012628.03,1.0,0.8214,1.0,-1.1911,-58.985304,6.572364,4.012897,112.544699,0.0
2022-08-03,sz.002714,1076.3574626,1089.3256248,1050.23587874,1050.79165712,1075.80168422,29048355.0,1669509329.54,1.0,0.8067,1.0,-2.3248,-57.614025,6.419571,3.919606,109.928282,0.0
2022-08-04,sz.002714,1048.5685436,1079.87739234,1048.5685436,1073.5785707,1050.79165712,22019381.0,1272818278.43,1.0,0.6115,1.0,2.1685,-58.863413,6.558783,4.004604,112.312129,0.0
2022-08-05,sz.002714,1074.504868,1083.39732208,1065.241895,1082.10050586,1073.5785707,15951129.0,926826757.01,1.0,0.443,1.0,0.7938,-59.330663,6.610846,4.036392,113.203649,0.0
2022-08-08,sz.002714,1093.030814,1105.81371674,1070.42915988,1072.09649502,1082.10050586,22012046.0,1288019092.75,1.0,0.6113,1.0,-0.9245,-58.782705,6.54979,3.999113,112.158138,0.0
2022-08-09,sz.002714,1070.7996788,1070.7996788,1032.8214895,1040.60238682,1072.09649502,37549164.0,2113029469.71,1.0,1.0427,1.0,-2.9376,-57.055893,6.357382,3.881635,108.863359,0.0
2022-08-10,sz.002714,1044.8633544,1050.4211382,1022.81747866,1033.00674896,1040.60238682,22714978.0,1266646546.69,1.0,0.6308,1.0,-0.7299,-56.639427,6.310978,3.853301,108.068736,0.0
2022-08-11,sz.002714,1039.12031114,1042.82550034,1030.0425976,1042.0844625,1033.00674896,19907136.0,1115780566.84,1.0,0.5528,1.0,0.8788,-57.137155,6.366437,3.887163,109.018408,0.0
2022-08-12,sz.002714,1043.0107598,1043.56653818,1028.56052192,1032.8214895,1042.0844625,17148589.0,956247924.89,1.0,0.4762,1.0,-0.8889,-56.629271,6.309846,3.852611,108.049358,0.0
2022-08-15,sz.002714,1031.8951922,1043.9370571,1022.07644082,1036.71193816,1032.8214895,21168005.0,1180906684.4,1.0,0.5878,1.0,0.3767,-56.842583,6.333614,3.867123,108.45636,0.0
2022-08-16,sz.002714,1036.89719762,1063.3893004,1031.52467328,1063.3893004,1036.71193816,35957376.0,2039868325.46,1.0,0.9985,1.0,2.5733,-58.305294,6.496595,3.966634,111.247231,0.0
2022-08-17,sz.002714,1063.57455986,1067.83552744,1050.05061928,1067.0944896,1063.3893004,26374321.0,1510639418.16,1.0,0.7324,1.0,0.3484,-58.508448,6.519231,3.980455,111.634852,0.0
2022-08-18,sz.002714,1065.05663554,1065.05663554,1030.0425976,1030.9688949,1067.0944896,31449097.0,1765819624.62,1.0,0.8733,1.0,-3.3854,-56.527693,6.298528,3.8457,107.855548,0.0
2022-08-19,sz.002714,1024.67007326,1088.02880858,1024.29955434,1079.69213288,1030.9688949,51895331.0,2988962095.39,1.0,1.4411,1.0,4.726,-59.199173,6.596194,4.027447,112.952764,0.0
2022-08-22,sz.002714,1080.0626518,1118.0408411,1080.0626518,1089.51088426,1079.69213288,37474648.0,2217120999.71,1.0,1.0406,1.0,0.9094,-59.737532,6.65618,4.064072,113.97996,0.0
2022-08-23,sz.002714,1089.51088426,1111.00098162,1080.43317072,1094.69814914,1089.51088426,26099848.0,1549319331.75,1.0,0.7248,1.0,0.4761,-60.021948,6.687871,4.083422,114.522629,0.0
2022-08-24,sz.002714,1095.62444644,1122.11654922,1090.80770048,1097.47704104,1094.69814914,41610243.0,2480611893.91,1.0,1.1555,1.0,0.2539,-60.174314,6.704848,4.093787,114.813345,0.0
2022-08-25,sz.002714,1109.51890594,1113.4093546,1093.40133292,1104.88741944,1097.47704104,30930022.0,1840389390.14,1.0,0.8589,1.0,0.6752,-60.580622,6.750121,4.121429,115.588587,0.0
2022-08-26,sz.002714,1104.70215998,1104.70215998,1081.54472748,1093.030814,1104.88741944,23541993.0,1389138361.42,1.0,0.6537,1.0,-1.0731,-59.930528,6.677685,4.077202,114.3482,0.0
2022-08-29,sz.002714,1111.55676,1125.08070058,1078.2100572,1089.3256248,1093.030814,32933345.0,1954142315.53,1.0,0.9145,1.0,-0.339,-59.727374,6.655049,4.063381,113.960579,0.0
2022-08-30,sz.002714,1081.9152464,1101.3674897,1070.05864096,1095.99496536,1089.3256248,22037096.0,1290990718.29,1.0,0.612,1.0,0.6122,-60.093052,6.695794,4.088259,114.658296,0.0
2022-08-31,sz.002714,1085.6204356,1102.66430592,1077.83953828,1085.99095452,1095.99496536,26639941.0,1565717300.01,1.0,0.7398,1.0,-0.9128,-33.525877,7.008349,3.82243,184.590487,0.0
2022-09-01,sz.002714,1083.767841,1100.25593294,1076.3574626,1087.4730302,1085.99095452,21026406.0,1238463197.47,1.0,0.5839,1.0,0.1365,-33.57163,7.017913,3.827647,184.842402,0.0
2022-09-02,sz.002714,1091.54873832,1100.4411924,1076.91324098,1093.030814,1087.4730302,22729327.0,1338674616.6,1.0,0.6312,1.0,0.5111,-33.743206,7.05378,3.847209,185.787082,0.0
2022-09-05,sz.002714,1095.8097059,1114.3356519,1087.84354912,1112.66831676,1093.030814,36057171.0,2143565586.87,1.0,1.0013,1.0,1.7966,-34.34944,7.180509,3.916328,189.124952,0.0
2022-09-06,sz.002714,1112.85357622,1122.48706814,1104.51690052,1106.9252735,1112.66831676,26440469.0,1584157023.29,1.0,0.7342,1.0,-0.5162,-34.172145,7.143447,3.896114,188.148782,0.0
2022-09-07,sz.002714,1100.25593294,1104.1463816,1080.61843018,1085.99095452,1106.9252735,31679665.0,1865271672.32,1.0,0.8797,1.0,-1.8912,-33.525877,7.008349,3.82243,184.590487,0.0
2022-09-08,sz.002714,1085.99095452,1101.92326808,1078.76583558,1081.9152464,1085.99095452,22708249.0,1334069422.77,1.0,0.6306,1.0,-0.3753,-33.400055,6.982047,3.808085,183.897722,0.0
2022-09-09,sz.002714,1087.4730302,1087.4730302,1063.57455986,1083.767841,1081.9152464,21028724.0,1221601017.04,1.0,0.584,1.0,0.1712,-33.457279,6.994009,3.814609,184.212793,0.0
2022-09-13,sz.002714,1090.2519221,1128.2301114,1084.13835992,1123.04284652,1083.767841,44427142.0,2670775889.7,1.0,1.2337,1.0,3.6239,-34.669748,7.247467,3.952848,190.888539,0.0
2022-09-14,sz.002714,1117.48506272,1129.34166816,1111.92727892,1120.63447354,1123.04284652,20773300.0,1255001830.52,1.0,0.5769,1.0,-0.2145,-34.595398,7.231925,3.944371,190.479177,0.0
2022-09-15,sz.002714,1115.2619492,1121.7460303,1095.8097059,1100.25593294,1120.63447354,31855327.0,1900887044.45,1.0,0.8846,1.0,-1.8185,-33.966287,7.100414,3.872643,187.015347,0.0
2022-09-16,sz.002714,1100.99697078,1115.07668974,1091.1782194,1091.1782194,1100.25593294,29322526.0,1744973767.01,1.0,0.8143,1.0,-0.8251,-33.686047,7.041831,3.840692,185.472368,0.0
2022-09-19,sz.002714,1098.5885978,1126.3775168,1096.7360032,1112.11253838,1091.1782194,31488616.0,1890089785.29,1.0,0.8744,1.0,1.9185,-34.332315,7.176929,3.914376,189.030666,0.0
2022-09-20,sz.002714,1111.37150054,1115.2619492,1083.95310046,1090.80770048,1112.11253838,27270101.0,1612227099.56,1.0,0.7573,1.0,-1.9157,-33.674608,7.03944,3.839388,185.409389,0.0
2022-09-21,sz.002714,1090.80770048,1090.80770048,1045.97491116,1048.38328414,1090.80770048,31705280.0,1810067791.19,1.0,0.8804,1.0,-3.8893,-32.364913,6.765658,3.690064,178.198324,0.0
2022-09-22,sz.002714,1044.8633544,1057.46099768,1038.56453276,1041.1581652,1048.38328414,16824824.0,950238389.8,1.0,0.4672,1.0,-0.6892,-32.141864,6.719031,3.664633,176.970239,0.0
2022-09-23,sz.002714,1040.41712736,1043.0107598,1005.58834888,1033.7477868,1041.1581652,27509996.0,1524238711.47,1.0,0.7639,1.0,-0.7117,-31.913097,6.671209,3.63855,175.710664,0.0
2022-09-26,sz.002714,1022.81747866,1037.452976,996.6958948,997.6221921,1033.7477868,25002470.0,1368288616.07,1.0,0.6943,1.0,-3.4946,-30.797861,6.438077,3.511398,169.570279,0.0
2022-09-27,sz.002714,1000.401084,1018.74177054,989.2855164,1017.63021378,997.6221921,24277121.0,1315891135.68,1.0,0.6742,1.0,2.0056,-31.415534,6.567197,3.581821,172.971131,0.0
2022-09-28,sz.002714,1015.2218408,1031.15415436,1011.5166516,1013.18398674,1017.63021378,19782736.0,1089487967.81,1.0,0.5494,1.0,-0.4369,-31.278274,6.538503,3.566171,172.215386,0.0
2022-09-29,sz.002714,1022.6322192,1029.67207868,1001.14212184,1007.99672186,1013.18398674,16965296.0,929720910.44,1.0,0.4711,1.0,-0.512,-31.118136,6.505028,3.547913,171.333684,0.0
2022-09-30,sz.002714,1009.84931646,1014.85132188,991.138111,1010.03457592,1007.99672186,18970945.0,1029883444.06,1.0,0.5268,1.0,0.2022,-31.181048,6.518179,3.555086,171.680067,0.0
2022-10-10,sz.002714,1046.715949,1086.91725182,1038.56453276,1075.4311653,1010.03457592,54924119.0,3174572187.01,1.0,1.5252,1.0,6.4747,-33.199923,6.940211,3.785267,182.795816,0.0
2022-10-11,sz.002714,1074.504868,1083.767841,1056.71995984,1079.32161396,1075.4311653,22834317.0,1324130633.74,1.0,0.6341,1.0,0.3618,-33.320028,6.965318,3.798961,183.4571,0.0
2022-10-12,sz.002714,1081.9152464,1101.3674897,1070.7996788,1090.99295994,1079.32161396,29013357.0,1703392126.02,1.0,0.8057,1.0,1.0814,-33.680337,7.040638,3.840041,185.440931,0.0
2022-10-13,sz.002714,1083.767841,1106.9252735,1075.98694368,1091.36347886,1090.99295994,26869085.0,1583575037.59,1.0,0.7461,1.0,0.034,-33.691775,7.043029,3.841345,185.503909,0.0
2022-10-14,sz.002714,1093.030814,1097.6623005,1076.3574626,1083.02680316,1091.36347886,24931365.0,1460645752.09,1.0,0.6923,1.0,-0.7639,-33.434411,6.989229,3.812002,184.086887,0.0
2022-10-17,sz.002714,1068.76182474,1089.69614372,1058.7578139,1079.69213288,1083.02680316,22152705.0,1287471696.78,1.0,0.6152,1.0,-0.3079,-33.331466,6.967709,3.800265,183.520079,0.0
2022-10-18,sz.002714,1080.9889491,1108.7778681,1077.2837599,1087.4730302,1079.69213288,25475431.0,1499174430.73,1.0,0.7074,1.0,0.7207,-33.571672,7.017922,3.827652,184.842632,0.0
2022-10-19,sz.002714,1083.767841,1099.70015456,1048.5685436,1048.5685436,1087.4730302,30692545.0,1763419048.59,1.0,0.8523,1.0,-3.5775,-32.370641,6.766855,3.690717,178.229864,0.0
2022-10-20,sz.002714,1048.19802468,1056.9052193,1035.04460302,1038.00875438,1048.5685436,20720039.0,1167179245.46,1.0,0.5754,1.0,-1.0071,-32.044647,6.698708,3.653549,176.434969,0.0
2022-10-21,sz.002714,1034.6740841,1043.0107598,1025.59637056,1035.97090032,1038.00875438,18623902.0,1038930005.49,1.0,0.5172,1.0,-0.1963,-31.981736,6.685557,3.646376,176.088586,0.0
2022-10-24,sz.002714,1029.1163003,1037.26771654,998.5484894,1005.9588678,1035.97090032,30332464.0,1659891027.92,1.0,0.8423,1.0,-2.897,-31.055226,6.491877,3.540741,170.987307,0.0
2022-10-25,sz.002714,1011.5166516,1023.00273812,996.6958948,1004.29153266,1005.9588678,34313726.0,1867769396.73,1.0,0.9529,1.0,-0.1657,-1001.12821,5.44252,2.790774,216.35902,0.0
2022-10-26,sz.002714,1013.3692462,1015.2218408,917.034327,940.00650004,1004.29153266,76278495.0,3962371109.7,1.0,2.1182,1.0,-6.401,-937.045663,5.094142,2.612136,202.509808,0.0
2022-10-27,sz.002714,926.2973,935.37501354,898.508381,917.21958646,940.00650004,63768141.0,3149841444.74,1.0,1.7708,1.0,-2.4241,-914.330523,4.970654,2.548814,197.600721,0.0
2022-10-28,sz.002714,905.54824048,909.43868914,877.2035431,880.53821338,917.21958646,54755081.0,2627159371.43,1.0,1.5205,1.0,-3.9992,-877.76469,4.771868,2.446882,189.698289,0.0
2022-10-31,sz.002714,859.04811602,886.09599718,856.08396466,866.64375388,880.53821338,42485906.0,1999342156.38,1.0,1.1798,1.0,-1.578,-863.913995,4.69657,2.408272,186.704943,0.0
2022-11-01,sz.002714,866.27323496,899.61993776,866.27323496,898.13786208,866.64375388,38687309.0,1862319885.65,1.0,1.0743,1.0,3.634,-895.308903,4.867245,2.495789,193.48986,0.0
2022-11-02,sz.002714,896.6557864,903.1398675,885.5402188,893.8768945,898.13786208,33954393.0,1637714698.53,1.0,0.9429,1.0,-0.4744,-891.061356,4.844154,2.483948,192.5719,0.0
2022-11-03,sz.002714,889.245408,889.43066746,867.0142728,881.8350296,893.8768945,31956927.0,1517004648.34,1.0,0.8874,1.0,-1.3472,-879.057421,4.778896,2.450486,189.977668,0.0
2022-11-04,sz.002714,883.6876242,908.6976513,883.31710528,902.2135702,881.8350296,41296170.0,1999203937.33,1.0,1.1468,1.0,2.3109,-899.371773,4.889332,2.507115,194.367908,0.0
2022-11-07,sz.002714,907.58609454,929.0761919,903.51038642,918.8869216,902.2135702,37457249.0,1858784694.93,1.0,1.0402,1.0,1.848,-915.992607,4.97969,2.553447,197.959923,0.0
2022-11-08,sz.002714,918.8869216,932.41086218,895.17371072,904.9924621,918.8869216,30798459.0,1512215299.62,1.0,0.8552,1.0,-1.5121,-902.141912,4.904392,2.514837,194.966577,0.0
2022-11-09,sz.002714,897.21156478,902.95460804,890.54222422,891.0980026,904.9924621,20407052.0,985219459.96,1.0,0.5667,1.0,-1.5353,-888.291217,4.829094,2.476226,191.973231,0.0
2022-11-10,sz.002714,884.42866204,897.95260262,879.61191608,894.24741342,891.0980026,22805308.0,1092578878.75,1.0,0.6333,1.0,0.3534,-891.431154,4.846164,2.484979,192.651819,0.0
2022-11-11,sz.002714,917.034327,920.55425674,893.13585666,901.47253236,894.24741342,35653665.0,1736077913.63,1.0,0.9901,1.0,0.808,-898.633518,4.885319,2.505057,194.20836,0.0
2022-11-14,sz.002714,904.25142426,912.4028405,890.35696476,894.8031918,901.47253236,33453137.0,1628083871.55,1.0,0.929,1.0,-0.7398,-891.985182,4.849176,2.486524,192.771553,0.0
2022-11-15,sz.002714,894.24741342,903.1398675,886.65177556,902.02831074,894.8031918,32501438.0,1570976275.42,1.0,0.9025,1.0,0.8075,-899.187546,4.888331,2.506601,194.328094,0.0
2022-11-16,sz.002714,905.54824048,906.47453778,893.50637558,895.7294891,902.02831074,25405671.0,1232579862.33,1.0,0.7055,1.0,-0.6983,-892.908562,4.854196,2.489098,192.97111,0.0
2022-11-17,sz.002714,892.0242999,907.03031616,884.79918096,891.65378098,895.7294891,32379931.0,1560906381.74,1.0,0.8992,1.0,-0.455,-888.845689,4.832108,2.477772,192.093061,0.0
2022-11-18,sz.002714,891.65378098,894.98845126,873.4983539,874.4246512,891.65378098,36263604.0,1723432544.42,1.0,1.007,1.0,-1.9323,-871.670819,4.738739,2.429895,188.381311,0.0
2022-11-21,sz.002714,866.64375388,873.86887282,856.45448358,872.94257552,874.4246512,21990916.0,1027331978.92,1.0,0.6107,1.0,-0.1695,-870.193432,4.730708,2.425776,188.062025,0.0
2022-11-22,sz.002714,872.94257552,879.79717554,864.05012144,866.82901334,872.94257552,18043436.0,848358086.07,1.0,0.5011,1.0,-0.7003,-864.099123,4.697577,2.408788,186.744952,0.0
2022-11-23,sz.002714,865.1616782,865.1616782,844.59787814,852.00825654,866.82901334,30484888.0,1403594352.93,1.0,0.8465,1.0,-1.7098,-849.325041,4.617259,2.367603,183.552048,0.0
2022-11-24,sz.002714,852.193516,862.75330522,849.97040248,850.71144032,852.00825654,21285750.0,982018222.27,1.0,0.5911,1.0,-0.1522,-848.032309,4.610231,2.363999,183.272669,0.0
2022-11-25,sz.002714,849.22936464,872.94257552,847.00625112,868.49634848,850.71144032,26743093.0,1246961711.46,1.0,0.7426,1.0,2.0906,-865.761207,4.706612,2.413421,187.104154,0.0
2022-11-28,sz.002714,860.5301917,862.93856468,844.96839706,855.8987052,868.49634848,23719553.0,1093378379.74,1.0,0.6587,1.0,-1.4505,-853.203237,4.638342,2.378414,184.390186,0.0
2022-11-29,sz.002714,853.86085114,869.97842416,853.86085114,869.7931647,855.8987052,25476686.0,1191097027.18,1.0,0.7075,1.0,1.6234,-867.053939,4.71364,2.417025,187.383533,0.0
2022-11-30,sz.002714,871.6457593,903.69564588,871.27524038,890.54222422,869.7931647,42804326.0,2058240651.8,1.0,1.1886,1.0,2.3855,-887.737654,4.826085,2.474683,191.853598,0.0
2022-12-01,sz.002714,900.17571614,902.2135702,886.09599718,890.72748368,890.54222422,29748559.0,1434657900.92,1.0,0.8261,1.0,0.0208,-887.92233,4.827089,2.475198,191.893509,0.0
2022-12-02,sz.002714,891.0980026,912.58809996,886.83703502,905.9187594,890.72748368,38692287.0,1880484969.12,1.0,1.0745,1.0,1.7055,-903.065764,4.909414,2.517412,195.166235,0.0
2022-12-05,sz.002714,913.3291378,921.6658135,905.9187594,912.21758104,905.9187594,37586064.0,1850525404.85,1.0,1.0437,1.0,0.6953,-909.344749,4.943549,2.534916,196.52322,0.0
2022-12-06,sz.002714,917.034327,929.81722974,910.5502459,921.6658135,912.21758104,33092389.0,1644008488.06,1.0,0.9189,1.0,1.0357,-918.763226,4.994752,2.561171,198.558696,0.0
2022-12-07,sz.002714,922.03633242,948.34317574,918.51640268,925.3710027,921.6658135,41273373.0,2077714985.63,1.0,1.1461,1.0,0.402,-922.456747,5.014831,2.571467,199.356921,0.0
2022-12-08,sz.002714,917.59010538,920.7395162,899.99045668,902.02831074,925.3710027,37869983.0,1856339378.91,1.0,1.0516,1.0,-2.5225,-899.187568,4.888331,2.506601,194.328098,0.0
2022-12-09,sz.002714,904.0661648,906.8450567,890.1717053,903.88090534,902.02831074,28704601.0,1390161243.96,1.0,0.7971,1.0,0.2054,-901.034328,4.898371,2.511749,194.727211,0.0
2022-12-12,sz.002714,889.245408,902.2135702,886.4665161,891.46852152,903.88090534,23530195.0,1133136189.66,1.0,0.6534,1.0,-1.3732,-888.661034,4.831105,2.477257,192.053154,0.0
2022-12-13,sz.002714,904.62194318,919.44269998,896.28526748,909.25342968,891.46852152,41187235.0,2023534851.41,1.0,1.1437,1.0,1.995,-931.954972,5.066467,2.597945,201.409632,0.0
2022-12-14,sz.002714,907.771354,916.84906754,898.69364046,911.4765432,909.25342968,22656561.0,1111689262.97,1.0,0.6292,1.0,0.2445,-934.23359,5.078855,2.604297,201.902076,0.0
2022-12-15,sz.002714,911.84706212,920.18373782,896.6557864,899.06415938,911.4765432,22433088.0,1095080726.93,1.0,0.6229,1.0,-1.3618,-921.511304,5.009691,2.568832,199.152597,0.0
2022-12-16,sz.002714,895.17371072,897.21156478,885.16969988,895.7294891,899.06415938,20386050.0,981240508.77,1.0,0.5661,1.0,-0.3709,-918.093376,4.99111,2.559304,198.413931,0.0
2022-12-19,sz.002714,890.35696476,896.47052694,872.20153768,873.12783498,895.7294891,26719079.0,1269924892.56,1.0,0.742,1.0,-2.5233,-894.927421,4.865171,2.494726,193.407416,0.0
2022-12-20,sz.002714,874.60991066,883.13184582,854.9724079,856.8250025,873.12783498,24324537.0,1133824630.77,1.0,0.6755,1.0,-1.8672,-878.217552,4.77433,2.448145,189.796159,0.0
2022-12-21,sz.002714,856.8250025,882.39080798,853.67559168,873.12783498,856.8250025,26505116.0,1248227001.7,1.0,0.736,1.0,1.9027,-894.927421,4.865171,2.494726,193.407416,0.0
2022-12-22,sz.002714,877.2035431,904.62194318,877.2035431,894.98845126,873.12783498,34175589.0,1652799908.94,1.0,0.949,1.0,2.5037,-917.333843,4.986981,2.557186,198.249784,0.0
2022-12-23,sz.002714,895.7294891,899.61993776,884.24340258,887.20755394,894.98845126,15735269.0,755063184.83,1.0,0.437,1.0,-0.8694,-909.358678,4.943625,2.534955,196.52623,0.0
2022-12-26,sz.002714,895.91474856,907.40083508,892.0242999,897.95260262,887.20755394,19916634.0,967469531.0,1.0,0.5531,1.0,1.2111,-920.372001,5.003498,2.565656,198.906376,0.0
2022-12-27,sz.002714,897.95260262,913.69965672,895.91474856,908.88291076,897.95260262,23631300.0,1156746616.29,1.0,0.6562,1.0,1.2172,-931.575209,5.064403,2.596886,201.32756,0.0
2022-12-28,sz.002714,904.25142426,912.21758104,901.84305128,904.25142426,908.88291076,16881196.0,825730750.85,1.0,0.4688,1.0,-0.5096,-926.828087,5.038595,2.583653,200.301635,0.0
2022-12-29,sz.002714,902.2135702,904.0661648,890.1717053,892.9505972,904.25142426,15813497.0,763574908.78,1.0,0.4391,1.0,-1.2497,-915.24511,4.975626,2.551364,197.798377,0.0
2022-12-30,sz.002714,892.76533774,905.9187594,892.76533774,903.1398675,892.9505972,15146422.0,736335237.73,1.0,0.4206,1.0,1.1411,-925.688778,5.032402,2.580477,200.055413,0.0
2023-01-03,sz.002714,893.69163504,895.7294891,866.0879755,878.87087824,903.1398675,36821153.0,1739904923.3,1.0,1.0225,1.0,-2.6872,-900.813859,4.897172,2.511135,194.679565,0.0
2023-01-04,sz.002714,878.1298404,882.57606744,867.9405701,879.24139716,878.87087824,17901405.0,848422016.54,1.0,0.4971,1.0,0.0422,-901.193636,4.899237,2.512193,194.76164,0.0
2023-01-05,sz.002714,884.6139215,886.83703502,868.8668674,883.87288366,879.24139716,34307635.0,1621977890.3,1.0,0.9527,1.0,0.5268,-905.940758,4.925044,2.525427,195.787565,0.0
2023-01-06,sz.002714,881.09399176,890.91274314,874.05413228,879.79717554,883.87288366,21764444.0,1035632435.92,1.0,0.6044,1.0,-0.4611,-901.76329,4.902334,2.513781,194.884751,0.0
2023-01-09,sz.002714,881.64977014,909.43868914,872.5720566,902.02831074,879.79717554,41035803.0,1976032476.73,1.0,1.1394,1.0,2.5268,-924.54949,5.026208,2.577301,199.809195,0.0
2023-01-10,sz.002714,900.3609756,904.43668372,885.5402188,894.61793234,902.02831074,24794842.0,1194358617.03,1.0,0.6885,1.0,-0.8215,-916.954102,4.984917,2.556128,198.167716,0.0
2023-01-11,sz.002714,896.47052694,903.69564588,886.28125664,897.39682424,894.61793234,22862752.0,1105722830.27,1.0,0.6348,1.0,0.3106,-919.802375,5.000401,2.564068,198.783271,0.0
2023-01-12,sz.002714,898.508381,905.17772156,892.0242999,893.8768945,897.39682424,19769602.0,958459360.3,1.0,0.5489,1.0,-0.3922,-916.194562,4.980787,2.55401,198.003568,0.0
2023-01-13,sz.002714,895.17371072,923.33314864,892.9505972,915.1817324,893.8768945,42487103.0,2097498541.27,1.0,1.1797,1.0,2.3834,-938.031324,5.099501,2.614883,202.722824,0.0
2023-01-16,sz.002714,922.5921108,931.11404596,909.80920806,926.2973,915.1817324,35331630.0,1759614924.48,1.0,0.979,1.0,1.2146,-949.424417,5.161438,2.646643,205.185045,0.0
2023-01-17,sz.002714,927.2235973,929.44671082,909.43868914,915.73751078,926.2973,26426070.0,1306857634.55,1.0,0.7322,1.0,-1.14,-938.600978,5.102597,2.616471,202.845935,0.0
2023-01-18,sz.002714,915.55225132,915.55225132,898.32312154,899.4346783,915.73751078,23584117.0,1150359651.75,1.0,0.6535,1.0,-1.7803,-921.891109,5.011756,2.56989,199.234678,0.0
2023-01-19,sz.002714,899.4346783,899.4346783,882.94658636,889.06014854,899.4346783,27670931.0,1325506019.56,1.0,0.7667,1.0,-1.1535,-911.257567,4.953948,2.540248,196.936609,0.0
2023-01-20,sz.002714,892.58007828,895.7294891,887.76333232,891.0980026,889.06014854,19619406.0,944057140.93,1.0,0.5436,1.0,0.2292,-913.346301,4.965303,2.546071,197.388016,0.0
2023-01-30,sz.002714,894.8031918,905.36298102,885.72547826,892.0242999,891.0980026,44714514.0,2164689034.44,1.0,1.239,1.0,0.104,-914.295726,4.970465,2.548717,197.593201,0.0
2023-01-31,sz.002714,912.03232158,952.04836494,912.03232158,925.18574324,892.0242999,77287999.0,3876705220.25,1.0,2.1415,1.0,3.7175,-948.28512,5.155244,2.643467,204.938825,0.0
2023-02-01,sz.002714,926.48255946,942.60013248,926.48255946,935.560273,925.18574324,39457611.0,1989280742.28,1.0,1.0933,1.0,1.1213,-958.918674,5.213052,2.673109,207.236898,0.0
2023-02-02,sz.002714,938.3391649,941.1180568,922.5921108,935.74553246,935.560273,30906348.0,1553770161.12,1.0,0.8564,1.0,0.0198,-959.108559,5.214085,2.673639,207.277935,0.0
2023-02-03,sz.002714,932.04034326,950.19577034,926.2973,928.52041352,935.74553246,39189550.0,1975343006.23,1.0,1.0859,1.0,-0.7721,-951.703053,5.173825,2.652995,205.677493,0.0
2023-02-06,sz.002714,918.8869216,931.8550838,911.66180266,931.8550838,928.52041352,29421259.0,1465945850.24,1.0,0.8152,1.0,0.3591,-955.120981,5.192407,2.662523,206.416159,0.0
2023-02-07,sz.002714,932.7813811,938.89494328,917.034327,919.8132189,931.8550838,28955214.0,1445271104.53,1.0,0.8023,1.0,-1.2922,-942.778463,5.125308,2.628116,203.748753,0.0
2023-02-08,sz.002714,919.8132189,922.40685134,912.03232158,912.58809996,919.8132189,16086154.0,794922853.73,1.0,0.4457,1.0,-0.7855,-935.372953,5.085049,2.607473,202.14831,0.0
2023-02-09,sz.002714,912.58809996,918.14588376,909.25342968,915.36699186,912.58809996,18922645.0,932621243.06,1.0,0.5243,1.0,0.3045,-938.221226,5.100533,2.615413,202.763865,0.0
2023-02-10,sz.002714,914.62595402,921.11003512,905.9187594,909.06817022,915.36699186,23978065.0,1180710183.78,1.0,0.6644,1.0,-0.6881,-931.76514,5.065435,2.597415,201.368607,0.0
2023-02-13,sz.002714,914.99647294,919.25744052,903.69564588,911.29128374,909.06817022,28657913.0,1407812478.62,1.0,0.7941,1.0,0.2445,-934.043759,5.077823,2.603767,201.861051,0.0
2023-02-14,sz.002714,916.84906754,929.0761919,911.4765432,919.25744052,911.29128374,33742640.0,1674430095.39,1.0,0.9349,1.0,0.8742,-942.208809,5.122211,2.626529,203.625642,0.0
2023-02-15,sz.002714,915.92277024,916.84906754,897.5820837,900.17571614,919.25744052,35767480.0,1742950855.85,1.0,0.9911,1.0,-2.0758,-922.650704,5.015886,2.572008,199.398839,0.0
2023-02-16,sz.002714,899.4346783,908.14187292,882.57606744,890.54222422,900.17571614,32602679.0,1579586809.46,1.0,0.9034,1.0,-1.0702,-912.776689,4.962207,2.544483,197.264914,0.0
2023-02-17,sz.002714,891.0980026,895.17371072,887.3928134,887.94859178,890.54222422,19397002.0,932364255.4,1.0,0.5375,1.0,-0.2912,-910.118301,4.947755,2.537072,196.690396,0.0
2023-02-20,sz.002714,892.58007828,904.62194318,883.31710528,903.32512696,887.94859178,27419978.0,1324062597.29,1.0,0.7598,1.0,1.7317,-925.878747,5.033434,2.581006,200.096468,0.0
2023-02-21,sz.002714,902.2135702,923.14788918,897.21156478,915.36699186,903.32512696,35801029.0,1762818691.11,1.0,0.992,1.0,1.3331,-938.221265,5.100533,2.615413,202.763873,0.0
2023-02-22,sz.002714,915.1817324,949.26947304,914.62595402,942.9706514,915.36699186,76486896.0,3861109359.56,1.0,2.1193,1.0,3.0156,-966.514114,5.254344,2.694283,208.878388,0.0
2023-02-23,sz.002714,942.60013248,953.1599217,929.63197028,933.52241894,942.9706514,33953151.0,1720357427.68,1.0,0.9408,1.0,-1.002,-956.829985,5.201697,2.667287,206.785501,0.0
2023-02-24,sz.002714,933.52241894,935.560273,920.18373782,922.40685134,933.52241894,21716596.0,1085180046.74,1.0,0.6017,1.0,-1.1907,-945.436891,5.13976,2.635527,204.32328,0.0
2023-02-27,sz.002714,926.2973,932.04034326,910.73550536,913.51439726,922.40685134,21679101.0,1072481251.15,1.0,0.6007,1.0,-0.964,-936.322416,5.09021,2.610119,202.353503,0.0
2023-02-28,sz.002714,917.21958646,920.7395162,911.4765432,917.77536484,913.51439726,23601171.0,1167575861.61,1.0,0.6539,1.0,0.4664,-940.689769,5.113953,2.622294,203.297355,0.0
2023-03-01,sz.002714,917.9606243,930.18774866,916.1080297,929.63197028,917.77536484,26983673.0,1346738024.89,1.0,0.7477,1.0,1.2919,-952.842896,5.180022,2.656172,205.92383,0.0
2023-03-02,sz.002714,928.33515406,930.18774866,921.6658135,925.00048378,929.63197028,16106256.0,804443046.76,1.0,0.4463,1.0,-0.4982,-948.095771,5.154215,2.642939,204.897904,0.0
2023-03-03,sz.002714,925.00048378,928.1498946,914.44069456,921.85107296,925.00048378,19818384.0,983978274.27,1.0,0.5491,1.0,-0.3405,-944.867726,5.136666,2.633941,204.200275,0.0
2023-03-06,sz.002714,915.92277024,924.07418648,911.84706212,918.70166214,921.85107296,21262033.0,1052849581.92,1.0,0.5891,1.0,-0.3416,-941.639681,5.119117,2.624942,203.502645,0.0
2023-03-07,sz.002714,916.84906754,917.21958646,896.28526748,897.21156478,918.70166214,27271563.0,1332198716.04,1.0,0.7556,1.0,-2.3392,-919.613022,4.999372,2.56354,198.742349,0.0
2023-03-08,sz.002714,895.91474856,896.10000802,884.79918096,889.98644584,897.21156478,21898499.0,1051172739.59,1.0,0.6068,1.0,-0.8053,-912.207507,4.959112,2.542896,197.141905,0.0
2023-03-09,sz.002714,894.8031918,897.39682424,883.6876242,886.83703502,889.98644584,23526846.0,1128302706.3,1.0,0.6519,1.0,-0.3539,-908.979463,4.941563,2.533897,196.444276,0.0
2023-03-10,sz.002714,885.72547826,885.72547826,868.12582956,869.97842416,886.83703502,28347276.0,1335207458.71,1.0,0.7854,1.0,-1.901,-891.699928,4.847625,2.485728,192.709906,0.0
2023-03-13,sz.002714,867.19953226,891.0980026,865.53219712,887.76333232,869.97842416,25687145.0,1217812522.45,1.0,0.7117,1.0,2.0443,-909.928888,4.946725,2.536544,196.649461,0.0
2023-03-14,sz.002714,889.06014854,935.18975408,889.06014854,933.7076784,887.76333232,92000018.0,4601017405.49,1.0,2.5491,1.0,5.1753,-957.020377,5.202732,2.667818,206.826647,0.0
2023-03-15,sz.002714,935.560273,951.86310548,929.0761919,933.7076784,933.7076784,48322536.0,2446643228.42,1.0,1.3389,1.0,0.0,-957.020377,5.202732,2.667818,206.826647,0.0
2023-03-16,sz.002714,933.7076784,933.7076784,898.69364046,899.06415938,933.7076784,34972410.0,1718823824.53,1.0,0.969,1.0,-3.7103,-921.511883,5.009695,2.568833,199.152722,0.0
2023-03-17,sz.002714,908.51239184,910.17972698,883.31710528,888.50437016,899.06415938,42264559.0,2031057958.66,1.0,1.1711,1.0,-1.1745,-910.688438,4.950854,2.538661,196.813611,0.0
2023-03-20,sz.002714,888.50437016,890.1717053,872.94257552,875.53620796,888.50437016,32527078.0,1540070582.73,1.0,0.9013,1.0,-1.4595,-897.396488,4.878594,2.501608,193.941019,0.0
2023-03-21,sz.002714,875.72146742,882.20554852,872.38679714,880.9087323,875.53620796,23462259.0,1111165705.33,1.0,0.6501,1.0,0.6136,-902.903167,4.90853,2.516959,195.131096,0.0
2023-03-22,sz.002714,883.6876242,888.50437016,876.2772458,880.16769446,880.9087323,20622185.0,982051686.19,1.0,0.5714,1.0,-0.0841,-902.143627,4.904401,2.514842,194.966948,0.0
2023-03-23,sz.002714,875.3509485,884.05814312,874.05413228,879.42665662,880.16769446,21206104.0,1004470799.71,1.0,0.5876,1.0,-0.0842,-901.384087,4.900272,2.512724,194.802799,0.0
2023-03-24,sz.002714,880.9087323,885.91073772,875.16568904,879.79717554,879.42665662,18480190.0,877839391.04,1.0,0.5121,1.0,0.0421,-901.763857,4.902337,2.513783,194.884874,0.0
2023-03-27,sz.002714,879.61191608,899.61993776,874.05413228,898.32312154,879.79717554,37038670.0,1780136054.31,1.0,1.0185,1.0,2.1057,-920.752357,5.005565,2.566716,198.988577,0.0
2023-03-28,sz.002714,896.28526748,906.8450567,889.98644584,897.39682424,898.32312154,24301178.0,1179003503.22,1.0,0.6682,1.0,-0.1031,-919.802932,5.000404,2.564069,198.783392,0.0
2023-03-29,sz.002714,898.508381,901.10201344,881.09399176,883.13184582,897.39682424,20353917.0,973135204.22,1.0,0.5597,1.0,-1.5896,-905.181787,4.920918,2.523311,195.62354,0.0
2023-03-30,sz.002714,883.6876242,895.7294891,879.982435,891.46852152,883.13184582,19838778.0,951801629.47,1.0,0.5455,1.0,0.944,-913.726612,4.967371,2.547131,197.470207,0.0
2023-03-31,sz.002714,920.92477566,933.15190002,903.1398675,907.771354,891.46852152,62092193.0,3080036476.18,1.0,1.7074,1.0,1.8288,-930.436492,5.058212,2.593712,201.081466,0.0
2023-04-03,sz.002714,902.39882966,935.560273,898.508381,924.07418648,907.771354,52970436.0,2648090154.32,1.0,1.4566,1.0,1.7959,-947.146372,5.149053,2.640293,204.692725,0.0
2023-04-04,sz.002714,924.07418648,955.9388136,922.5921108,938.52442436,924.07418648,61779441.0,3135317382.07,1.0,1.6991,1.0,1.5638,-961.957769,5.229574,2.681581,207.893693,0.0
2023-04-06,sz.002714,933.52241894,957.05037036,922.22159188,929.63197028,938.52442436,38108651.0,1927450147.16,1.0,1.0481,1.0,-0.9475,-952.843286,5.180024,2.656173,205.923914,0.0
2023-04-07,sz.002714,926.2973,934.6339757,914.81121348,915.73751078,929.63197028,22977509.0,1143071315.19,1.0,0.6319,1.0,-1.4946,-938.601906,5.102602,2.616474,202.846136,0.0
2023-04-10,sz.002714,915.73751078,925.18574324,908.51239184,914.81121348,915.73751078,20693987.0,1022723427.96,1.0,0.5691,1.0,-0.1012,-937.65248,5.097441,2.613827,202.64095,0.0
2023-04-11,sz.002714,916.1080297,918.14588376,904.62194318,909.6239486,914.81121348,24755259.0,1216407329.34,1.0,0.6808,1.0,-0.567,-932.335698,5.068537,2.599006,201.491913,0.0
2023-04-12,sz.002714,910.5502459,912.58809996,896.47052694,901.10201344,909.6239486,23609521.0,1148632252.9,1.0,0.6493,1.0,-0.9369,-923.600985,5.021052,2.574657,199.604209,0.0
2023-04-13,sz.002714,897.76734316,904.80720264,893.50637558,897.5820837,901.10201344,18799959.0,911922843.42,1.0,0.517,1.0,-0.3906,-919.993169,5.001438,2.5646,198.824505,0.0
2023-04-14,sz.002714,901.65779182,902.2135702,889.245408,894.06215396,897.5820837,20717972.0,999398399.72,1.0,0.5698,1.0,-0.3922,-916.385352,4.981825,2.554542,198.044801,0.0
2023-04-17,sz.002714,894.24741342,901.84305128,889.61592692,901.84305128,894.06215396,24518448.0,1187010277.81,1.0,0.6743,1.0,0.8703,-924.360525,5.025181,2.576774,199.768357,0.0
2023-04-18,sz.002714,901.65779182,905.9187594,894.43267288,898.13786208,901.84305128,24874176.0,1207303185.55,1.0,0.6841,1.0,-0.4108,-920.140499,5.002239,2.56501,198.856345,0.0
2023-04-19,sz.002714,897.95260262,904.0661648,890.72748368,894.06215396,898.13786208,29274199.0,1413906520.49,1.0,0.8051,1.0,-0.4538,-915.964944,4.979539,2.55337,197.953944,0.0
2023-04-20,sz.002714,894.06215396,899.24941884,884.79918096,892.9505972,894.06215396,22347663.0,1075138936.57,1.0,0.6146,1.0,-0.1243,-914.826156,4.973348,2.550196,197.707835,0.0
2023-04-21,sz.002714,894.8031918,896.47052694,883.87288366,884.98444042,892.9505972,22571822.0,1081877385.91,1.0,0.6208,1.0,-0.8921,-906.664844,4.92898,2.527445,195.944051,0.0
2023-04-24,sz.002714,884.98444042,887.02229448,870.90472146,876.64776472,884.98444042,25118165.0,1189467646.33,1.0,0.6908,1.0,-0.942,-898.123936,4.882549,2.503636,194.098231,0.0
2023-04-25,sz.002714,874.4246512,884.42866204,872.5720566,884.42866204,876.64776472,19094231.0,905230639.92,1.0,0.5251,1.0,0.8876,-906.09545,4.925885,2.525858,195.820997,0.0
2023-04-26,sz.002714,883.50236474,885.91073772,876.2772458,879.982435,884.42866204,16088897.0,763869577.4,1.0,0.4425,1.0,-0.5027,-901.540299,4.901121,2.51316,194.836559,0.0
2023-04-27,sz.002714,879.0561377,883.31710528,873.12783498,883.13184582,879.982435,14572229.0,689883241.62,1.0,0.4008,1.0,0.3579,-904.766864,4.918662,2.522154,195.533869,0.0
2023-04-28,sz.002714,898.508381,900.3609756,882.02028906,886.83703502,883.13184582,22587894.0,1082816538.78,1.0,0.6212,1.0,0.4196,15.1805,3.7789,2.002636,27.412967,0.0
2023-05-04,sz.002714,884.24340258,884.24340258,870.16368362,872.38679714,886.83703502,23357777.0,1101432998.27,1.0,0.6424,1.0,-1.6294,14.933148,3.717326,1.970005,26.966297,0.0
2023-05-05,sz.002714,871.6457593,875.3509485,856.63974304,873.4983539,872.38679714,26355140.0,1232078261.75,1.0,0.7248,1.0,0.1274,14.952175,3.722063,1.972515,27.000656,0.0
2023-05-08,sz.002714,872.5720566,872.5720566,862.56804576,863.3090836,873.4983539,19384294.0,905362949.98,1.0,0.5331,1.0,-1.1665,14.777759,3.678645,1.949505,26.685696,0.0
2023-05-09,sz.002714,862.93856468,874.05413228,855.8987052,869.05212686,863.3090836,17513838.0,817930480.08,1.0,0.4817,1.0,0.6652,14.876066,3.703117,1.962474,26.863219,0.0
2023-05-10,sz.002714,868.8668674,868.8668674,857.01026196,861.456489,869.05212686,11982984.0,557239506.59,1.0,0.3296,1.0,-0.874,14.746047,3.670751,1.945322,26.628431,0.0
2023-05-11,sz.002714,861.27122954,868.8668674,857.7512998,867.9405701,861.456489,10089169.0,470939743.83,1.0,0.2775,1.0,0.7527,14.857039,3.69838,1.959964,26.82886,0.0
2023-05-12,sz.002714,867.0142728,875.3509485,863.67960252,865.34693766,867.9405701,11386094.0,533771708.16,1.0,0.3131,1.0,-0.2988,14.812642,3.687329,1.954107,26.748688,0.0
2023-05-15,sz.002714,861.82700792,863.3090836,849.04410518,855.71344574,865.34693766,21447415.0,989121016.18,1.0,0.5898,1.0,-1.1133,14.64774,3.646279,1.932353,26.450908,0.0
2023-05-16,sz.002714,855.8987052,860.5301917,852.37877546,853.1198133,855.71344574,11695354.0,540155364.06,1.0,0.3216,1.0,-0.3031,14.603344,3.635228,1.926496,26.370736,0.0
2023-05-17,sz.002714,852.193516,855.8987052,848.30306734,848.30306734,853.1198133,14475712.0,664296910.18,1.0,0.3981,1.0,-0.5646,14.520893,3.614703,1.915619,26.221846,0.0
2023-05-18,sz.002714,848.30306734,849.4146241,794.57782394,796.43041854,848.30306734,65911445.0,2899042388.34,1.0,1.8127,1.0,-6.1149,13.632958,3.393668,1.798482,24.618414,0.0
2023-05-19,sz.002714,786.61166716,793.46626718,776.2371374,791.61367258,796.43041854,30259532.0,1284130666.94,1.0,0.8322,1.0,-0.6048,13.550507,3.373144,1.787604,24.469523,0.0
2023-05-22,sz.002714,789.94633744,799.02405098,786.4264077,797.35671584,791.61367258,21306598.0,912800787.21,1.0,0.586,1.0,0.7255,13.648815,3.397616,1.800573,24.647048,0.0
2023-05-23,sz.002714,798.83879152,802.1734618,794.39256448,796.43041854,797.35671584,20017495.0,862745475.55,1.0,0.5505,1.0,-0.1162,13.632959,3.393669,1.798482,24.618415,0.0
2023-05-24,sz.002714,795.13360232,804.39657532,784.01803472,799.95034828,796.43041854,17976183.0,772033419.17,1.0,0.4944,1.0,0.442,13.693212,3.408667,1.80643,24.727219,0.0
2023-05-25,sz.002714,796.43041854,799.95034828,787.53796446,793.65152664,799.95034828,13060858.0,558791459.52,1.0,0.3592,1.0,-0.7874,13.585391,3.381828,1.792206,24.532517,0.0
2023-05-26,sz.002714,795.6893807,796.05989962,787.53796446,793.28100772,793.65152664,8538536.0,364521951.12,1.0,0.2348,1.0,-0.0467,13.579049,3.380249,1.79137,24.521064,0.0
2023-05-29,sz.002714,791.9841915,796.615678,759.563786,773.27298604,793.28100772,30264695.0,1261823845.59,1.0,0.8323,1.0,-2.5222,13.23656,3.294993,1.746188,23.902597,0.0
2023-05-30,sz.002714,773.27298604,780.8686239,760.86060222,774.3845428,773.27298604,16427336.0,681259135.74,1.0,0.4518,1.0,0.1437,13.255587,3.299729,1.748698,23.936956,0.0
2023-05-31,sz.002714,771.79091036,771.79091036,728.44019672,741.9641373,774.3845428,49716734.0,1999867665.7,1.0,1.3673,1.0,-4.1866,12.700629,3.161582,1.675487,22.934811,0.0
2023-06-01,sz.002714,737.88842918,761.23112114,733.81272106,747.70718056,741.9641373,30998059.0,1253344560.41,1.0,0.8525,1.0,0.774,12.798936,3.186054,1.688456,23.112334,0.0
2023-06-02,sz.002714,747.70718056,759.37852654,746.96614272,755.11755896,747.70718056,16292794.0,662844887.77,1.0,0.4481,1.0,0.9911,12.925783,3.217631,1.70519,23.341396,0.0
2023-06-05,sz.002714,755.8585968,756.97015356,739.37050486,748.07769948,755.11755896,15613830.0,628020756.75,1.0,0.4294,1.0,-0.9323,12.805278,3.187633,1.689293,23.123787,0.0
2023-06-06,sz.002714,747.89244002,753.26496436,742.8904346,745.48406704,748.07769948,13469116.0,543875866.44,1.0,0.3704,1.0,-0.3467,12.760881,3.176581,1.683436,23.043615,0.0
2023-06-07,sz.002714,747.15140218,749.18925624,739.1852454,740.48206162,745.48406704,11854713.0,475226281.91,1.0,0.326,1.0,-0.671,12.675259,3.155267,1.67214,22.888999,0.0
2023-06-08,sz.002714,739.55576432,763.2689752,736.22109404,754.19126166,740.48206162,28890884.0,1175496800.85,1.0,0.7946,1.0,1.8514,12.909927,3.213683,1.703098,23.312763,0.0
2023-06-09,sz.002714,753.82074274,757.89645086,743.44621298,755.67333734,754.19126166,20302614.0,824627610.07,1.0,0.5584,1.0,0.1965,12.935297,3.219999,1.706445,23.358575,0.0
2023-06-12,sz.002714,754.9322995,761.4163806,749.74503462,755.67333734,755.67333734,13632632.0,556037232.48,1.0,0.3749,1.0,0.0,12.935297,3.219999,1.706445,23.358575,0.0
2023-06-13,sz.002714,754.19126166,764.1952725,752.1534076,755.11755896,755.67333734,12667129.0,516979339.43,1.0,0.3484,1.0,-0.0735,12.925783,3.217631,1.70519,23.341396,0.0
2023-06-14,sz.002714,755.11755896,760.4900833,752.1534076,753.45022382,755.11755896,11352650.0,463412411.19,1.0,0.3122,1.0,-0.2208,12.897243,3.210526,1.701425,23.289857,0.0
2023-06-15,sz.002714,753.82074274,764.56579142,753.63548328,764.1952725,753.45022382,20485450.0,840471102.23,1.0,0.5634,1.0,1.4261,13.081172,3.256312,1.725689,23.621996,0.0
2023-06-16,sz.002714,765.1215698,788.64952122,765.1215698,786.05588878,764.1952725,30679477.0,1294556621.06,1.0,0.8437,1.0,2.8606,13.455373,3.349462,1.775054,24.297729,0.0
2023-06-19,sz.002714,784.38855364,802.54398072,779.20128876,786.05588878,786.05588878,25907833.0,1106523455.93,1.0,0.7125,1.0,0.0,13.455373,3.349462,1.775054,24.297729,0.0
2023-06-20,sz.002714,783.6475158,794.39256448,781.42440228,788.2790023,786.05588878,15724969.0,670192214.24,1.0,0.4325,1.0,0.2828,13.493427,3.358935,1.780074,24.366447,0.0
2023-06-21,sz.002714,783.6475158,792.9104888,778.27499146,780.8686239,788.2790023,12687161.0,537551132.24,1.0,0.3489,1.0,-0.9401,13.366579,3.327358,1.76334,24.137385,0.0
2023-06-26,sz.002714,780.68336444,788.64952122,771.97616982,784.20329418,780.8686239,17925551.0,754717459.66,1.0,0.493,1.0,0.427,13.423661,3.341568,1.770871,24.240463,0.0
2023-06-27,sz.002714,781.98018066,787.72322392,773.08772658,784.75907256,784.20329418,14584547.0,615578197.22,1.0,0.4011,1.0,0.0709,13.433174,3.343936,1.772126,24.257643,0.0
2023-06-28,sz.002714,782.16544012,787.352705,774.3845428,780.8686239,784.75907256,12052226.0,507488428.45,1.0,0.3315,1.0,-0.4958,13.366579,3.327358,1.76334,24.137385,0.0
2023-06-29,sz.002714,778.089732,796.43041854,773.27298604,778.089732,780.8686239,20576062.0,873375649.21,1.0,0.5659,1.0,-0.3559,13.319011,3.315517,1.757065,24.051487,0.0
2023-06-30,sz.002714,776.2371374,786.24114824,772.5319482,780.8686239,778.089732,12955115.0,546733119.34,1.0,0.3563,1.0,0.3571,13.355753,3.324663,1.761912,24.117836,0.0
2023-07-03,sz.002714,783.6475158,788.09374284,776.79291578,779.75706714,780.8686239,15020392.0,633291869.69,1.0,0.4131,1.0,-0.1423,13.347552,3.322622,1.76083,24.103026,0.0
2023-07-04,sz.002714,782.35069958,792.9104888,770.6793536,783.27699688,779.75706714,19547798.0,822578452.93,1.0,0.5376,1.0,0.4514,13.396945,3.334917,1.767346,24.192221,0.0
2023-07-05,sz.002714,781.7949212,781.7949212,758.82274816,761.23112114,783.27699688,23648850.0,976663719.64,1.0,0.6504,1.0,-2.8146,13.019879,3.241054,1.717603,23.511314,0.0
2023-07-06,sz.002714,757.34067248,771.79091036,754.19126166,762.89845628,761.23112114,18941137.0,780415771.16,1.0,0.5209,1.0,0.219,13.048397,3.248153,1.721365,23.562811,0.0
2023-07-07,sz.002714,759.00800762,779.38654822,755.48807788,772.16142928,762.89845628,22272076.0,925127317.85,1.0,0.6125,1.0,1.2142,13.206828,3.287591,1.742266,23.848906,0.0
2023-07-10,sz.002714,772.34668874,783.46225634,771.97616982,778.089732,772.16142928,15974177.0,670723181.92,1.0,0.4393,1.0,0.7678,13.308224,3.312832,1.755642,24.032007,0.0
2023-07-11,sz.002714,781.98018066,782.16544012,774.75506172,778.83076984,778.089732,11673456.0,490712586.73,1.0,0.321,1.0,0.0952,13.320898,3.315987,1.757314,24.054895,0.0
2023-07-12,sz.002714,778.089732,785.12959148,772.90246712,782.53595904,778.83076984,16566891.0,698681993.98,1.0,0.4556,1.0,0.4757,13.384271,3.331762,1.765674,24.169333,0.0
2023-07-13,sz.002714,787.24882944,790.8306608,781.78182368,789.13400384,782.53589344,13134150.0,548517302.97,1.0,0.3612,1.0,0.8432,13.263863,3.301789,1.74979,23.951901,0.0
2023-07-14,sz.002714,788.9454864,791.96176544,782.347376,784.04403296,789.13400384,11345791.0,472672376.82,1.0,0.312,1.0,-0.645,13.17831,3.280492,1.738504,23.797409,0.0
2023-07-17,sz.002714,784.04403296,819.1082768,780.83923648,808.7398176,784.04403296,28811375.0,1229954470.73,1.0,0.7924,1.0,3.1498,13.5934,3.383821,1.793263,24.546979,0.0
2023-07-18,sz.002714,804.78095136,811.75609664,798.93691072,801.95318976,808.7398176,17498082.0,747373356.72,1.0,0.4812,1.0,-0.8392,13.47933,3.355425,1.778215,24.34099,0.0
2023-07-19,sz.002714,798.18284096,809.49388736,795.5435968,800.2565328,801.95318976,11179445.0,475306884.24,1.0,0.3075,1.0,-0.2116,13.450812,3.348327,1.774452,24.289493,0.0
2023-07-20,sz.002714,800.06801536,805.912056,798.3713584,799.50246304,800.2565328,11051602.0,470165752.64,1.0,0.3039,1.0,-0.0942,13.438138,3.345171,1.77278,24.266606,0.0
2023-07-21,sz.002714,799.69098048,817.03458496,799.50246304,811.00202688,799.50246304,17779770.0,763960736.41,1.0,0.489,1.0,1.4383,13.631424,3.393286,1.798279,24.615642,0.0
2023-07-24,sz.002714,812.88720128,823.44417792,802.1417072,805.72353856,811.00202688,18949073.0,813406988.11,1.0,0.5211,1.0,-0.6509,13.542702,3.371201,1.786575,24.455429,0.0
2023-07-25,sz.002714,810.624992,812.32164896,795.5435968,804.9694688,805.72353856,19008453.0,807887275.51,1.0,0.5228,1.0,-0.0936,13.530028,3.368046,1.784903,24.432541,0.0
2023-07-26,sz.002714,804.9694688,812.5101664,803.0842944,811.19054432,804.9694688,12293007.0,527775866.52,1.0,0.3381,1.0,0.7728,13.634592,3.394075,1.798697,24.621364,0.0
2023-07-27,sz.002714,812.88720128,824.95231744,812.13313152,820.050864,811.19054432,20426327.0,888101563.18,1.0,0.5618,1.0,1.0923,13.783518,3.431147,1.818343,24.890293,0.0
2023-07-28,sz.002714,819.67382912,823.25566048,813.26423616,820.80493376,820.050864,17667936.0,767559086.79,1.0,0.4859,1.0,0.092,13.796192,3.434302,1.820016,24.913181,0.0
2023-07-31,sz.002714,827.40304416,838.902608,821.9360384,837.9600208,820.80493376,38082802.0,1678587166.03,1.0,1.0474,1.0,2.09,14.084537,3.50608,1.858054,25.433875,0.0
2023-08-01,sz.002714,829.476736,837.0174336,823.8212128,827.21452672,837.9600208,24273543.0,1066739346.36,1.0,0.6676,1.0,-1.2823,13.903925,3.461121,1.834228,25.107726,0.0
2023-08-02,sz.002714,827.40304416,829.28821856,810.624992,811.19054432,827.21452672,21079360.0,914079569.52,1.0,0.5797,1.0,-1.9371,13.634592,3.394075,1.798697,24.621364,0.0
2023-08-03,sz.002714,811.00202688,819.1082768,810.24795712,815.52644544,811.19054432,12890684.0,557258170.52,1.0,0.3545,1.0,0.5345,13.707471,3.412217,1.808311,24.752968,0.0
2023-08-04,sz.002714,820.9934512,821.9360384,812.32164896,816.46903264,815.52644544,14605280.0,632604589.06,1.0,0.4017,1.0,0.1156,13.723314,3.416161,1.810401,24.781577,0.0
2023-08-07,sz.002714,821.9360384,827.5915616,817.97717216,820.80493376,816.46903264,17698434.0,771789713.36,1.0,0.4867,1.0,0.5311,13.796192,3.434302,1.820016,24.913181,0.0
2023-08-08,sz.002714,819.1082768,819.29679424,804.9694688,807.7972304,820.80493376,18245077.0,783514451.09,1.0,0.5018,1.0,-1.5847,13.577557,3.379877,1.791173,24.51837,0.0
2023-08-09,sz.002714,802.51874208,809.11685248,801.76467232,804.78095136,807.7972304,10020251.0,427555854.51,1.0,0.2756,1.0,-0.3734,13.526859,3.367257,1.784485,24.42682,0.0
2023-08-10,sz.002714,802.1417072,817.60013728,801.38763744,816.46903264,804.78095136,14959879.0,644649655.05,1.0,0.4114,1.0,1.4523,13.723314,3.416161,1.810401,24.781578,0.0
2023-08-11,sz.002714,814.01830592,814.01830592,794.22397472,794.78952704,816.46903264,15089509.0,642487157.59,1.0,0.415,1.0,-2.6553,13.358922,3.325452,1.76233,24.123559,0.0
2023-08-14,sz.002714,786.30624224,791.773248,778.38850976,790.45362592,794.78952704,13439638.0,559279357.34,1.0,0.3696,1.0,-0.5455,13.286044,3.307311,1.752716,23.991955,0.0
2023-08-15,sz.002714,789.51103872,791.39621312,781.21627136,787.24882944,790.45362592,9130270.0,380879128.08,1.0,0.2511,1.0,-0.4054,13.232177,3.293902,1.74561,23.894682,0.0
2023-08-16,sz.002714,782.347376,788.0028992,776.31481792,777.06888768,787.24882944,9932478.0,411200456.11,1.0,0.2732,1.0,-1.2931,13.061072,3.251308,1.723037,23.585699,0.0
2023-08-17,sz.002714,772.921504,784.2325504,767.64301568,783.66699808,777.06888768,11586497.0,476304828.59,1.0,0.3187,1.0,0.8491,13.171973,3.278915,1.737668,23.785966,0.0
2023-08-18,sz.002714,783.85551552,785.92920736,772.921504,773.11002144,783.66699808,8147841.0,336454921.82,1.0,0.2241,1.0,-1.3471,13.053407,3.549437,1.692503,27.535415,0.0
2023-08-21,sz.002714,773.11002144,773.48705632,755.57789952,755.57789952,773.11002144,14072902.0,568763345.42,1.0,0.387,1.0,-2.2677,12.75739,3.468945,1.654121,26.910983,0.0
2023-08-22,sz.002714,757.8401088,762.93007968,747.66016704,755.57789952,755.57789952,12879319.0,515852216.48,1.0,0.3542,1.0,0.0,12.75739,3.468945,1.654121,26.910983,0.0
2023-08-23,sz.002714,755.57789952,759.53676576,749.356824,749.73385888,755.57789952,10996926.0,439482678.11,1.0,0.3024,1.0,-0.7735,12.658718,3.442114,1.641327,26.702839,0.0
2023-08-24,sz.002714,751.61903328,760.6678704,737.1031904,757.46307392,749.73385888,14533170.0,579814848.27,1.0,0.3997,1.0,1.0309,12.78922,3.4776,1.658248,26.978126,0.0
2023-08-25,sz.002714,757.8401088,783.66699808,757.8401088,768.96263776,757.46307392,21371653.0,874579395.24,1.0,0.5878,1.0,1.5182,12.983382,3.530396,1.683423,27.3877,0.0
2023-08-28,sz.002714,799.3139456,804.78095136,765.3808064,770.47077728,768.96263776,23037476.0,955652154.42,1.0,0.6336,1.0,0.1961,13.008846,3.53732,1.686725,27.441414,0.0
2023-08-29,sz.002714,769.71670752,779.5196144,761.79897504,775.56074816,770.47077728,14430067.0,592152905.81,1.0,0.3969,1.0,0.6606,13.094786,3.560689,1.697868,27.622701,0.0
2023-08-30,sz.002714,775.56074816,780.27368416,768.208568,768.208568,775.56074816,12113894.0,495331847.81,1.0,0.3332,1.0,-0.948,12.97065,3.526934,1.681773,27.360842,0.0
2023-08-31,sz.002714,769.1511552,772.35595168,763.87266688,765.00377152,768.208568,8537655.0,347473528.63,1.0,0.2348,1.0,-0.4172,12.916539,3.51222,1.674757,27.246699,0.0
2023-09-01,sz.002714,769.1511552,771.60188192,764.62673664,770.65929472,765.00377152,7596171.0,309761089.98,1.0,0.2089,1.0,0.7393,13.012029,3.538185,1.687138,27.448129,0.0
2023-09-04,sz.002714,771.9789168,772.54446912,762.17600992,771.9789168,770.65929472,14897538.0,607207643.54,1.0,0.4097,1.0,0.1712,13.034309,3.544244,1.690027,27.495129,0.0
2023-09-05,sz.002714,769.1511552,770.65929472,765.00377152,768.58560288,771.9789168,7791770.0,317170170.29,1.0,0.2143,1.0,-0.4396,12.977016,3.528665,1.682598,27.374271,0.0
2023-09-06,sz.002714,768.58560288,770.47077728,764.62673664,766.70042848,768.58560288,7810015.0,317849022.35,1.0,0.2148,1.0,-0.2453,12.945186,3.52001,1.678471,27.307128,0.0
2023-09-07,sz.002714,766.51191104,771.0363296,758.782696,758.97121344,766.70042848,11184040.0,453548995.72,1.0,0.3076,1.0,-1.0081,12.814684,3.484524,1.66155,27.031841,0.0
2023-09-08,sz.002714,755.0123472,757.65159136,750.67644608,755.9549344,758.97121344,7458820.0,298675922.39,1.0,0.2051,1.0,-0.3974,12.763756,3.470676,1.654947,26.924412,0.0
2023-09-11,sz.002714,755.9549344,766.70042848,755.9549344,766.13487616,755.9549344,10960114.0,443241889.62,1.0,0.3014,1.0,1.3466,12.935637,3.517413,1.677233,27.286985,0.0
2023-09-12,sz.002714,766.88894592,782.347376,764.4382192,775.56074816,766.13487616,19156932.0,788650660.76,1.0,0.5269,1.0,1.2303,13.094786,3.560689,1.697868,27.622701,0.0
2023-09-13,sz.002714,775.7492656,778.5770272,769.90522496,772.35595168,775.56074816,8717116.0,357443386.62,1.0,0.2397,1.0,-0.4132,13.040675,3.545975,1.690852,27.508557,0.0
2023-09-14,sz.002714,776.6918528,777.25740512,763.87266688,768.02005056,772.35595168,7513047.0,306461813.6,1.0,0.2066,1.0,-0.5614,12.967467,3.526068,1.68136,27.354128,0.0
2023-09-15,sz.002714,767.2659808,773.48705632,760.6678704,763.11859712,768.02005056,9025931.0,366570544.51,1.0,0.2482,1.0,-0.6382,12.884709,3.503565,1.670629,27.179556,0.0
2023-09-18,sz.002714,763.68414944,766.51191104,758.02862624,763.87266688,763.11859712,10407920.0,421105261.48,1.0,0.2862,1.0,0.0988,12.897441,3.507027,1.67228,27.206413,0.0
2023-09-19,sz.002714,764.06118432,768.39708544,758.59417856,762.36452736,763.87266688,8423066.0,340451655.52,1.0,0.2317,1.0,-0.1974,12.871977,3.500103,1.668979,27.152699,0.0
2023-09-20,sz.002714,765.00377152,770.0937424,759.91380064,761.98749248,762.36452736,13232373.0,537144623.68,1.0,0.3639,1.0,-0.0495,12.865611,3.498372,1.668153,27.13927,0.0
2023-09-21,sz.002714,761.6104576,762.93007968,744.643888,744.643888,761.98749248,15693285.0,626279451.93,1.0,0.4316,1.0,-2.2761,12.572777,3.418746,1.630184,26.521553,0.0
2023-09-22,sz.002714,744.643888,751.61903328,738.23429504,750.48792864,744.643888,14535837.0,575692010.89,1.0,0.3998,1.0,0.7848,12.67145,3.445576,1.642978,26.729697,0.0
2023-09-25,sz.002714,753.50420768,753.50420768,745.5864752,750.48792864,750.48792864,9564602.0,380137805.7,1.0,0.263,1.0,0.0,12.67145,3.445576,1.642978,26.729697,0.0
2023-09-26,sz.002714,748.22571936,750.86496352,745.96351008,748.79127168,750.48792864,6760569.0,268520758.96,1.0,0.1859,1.0,-0.2261,12.642803,3.437787,1.639264,26.669268,0.0
2023-09-27,sz.002714,748.60275424,751.80755072,743.88981824,748.4142368,748.79127168,9816107.0,389967288.26,1.0,0.27,1.0,-0.0504,12.636437,3.436056,1.638438,26.655839,0.0
2023-09-28,sz.002714,748.4142368,750.2994112,714.29258016,714.29258016,748.4142368,46648198.0,1794295857.67,1.0,1.2829,1.0,-4.5592,12.060317,3.279399,1.563739,25.440548,0.0
2023-10-09,sz.002714,707.50595232,707.50595232,650.19665056,659.81104,714.29258016,64893449.0,2291823206.63,1.0,1.7847,1.0,-7.6273,11.140435,3.029268,1.444467,23.50011,0.0
2023-10-10,sz.002714,659.81104,686.2034816,659.81104,679.22833632,659.81104,37272139.0,1337476557.83,1.0,1.0251,1.0,2.9429,11.468283,3.118415,1.486976,24.191685,0.0
2023-10-11,sz.002714,680.5479584,689.78531296,669.80246432,672.0646736,679.22833632,19826877.0,712217568.5,1.0,0.5453,1.0,-1.0547,11.347329,3.085526,1.471293,23.936541,0.0
2023-10-12,sz.002714,678.47426656,683.56423744,669.61394688,679.41685376,672.0646736,18535749.0,665487644.78,1.0,0.5098,1.0,1.094,11.471466,3.119281,1.487389,24.198399,0.0
2023-10-13,sz.002714,675.45798752,685.44941184,673.0072608,678.85130144,679.41685376,14516861.0,521720527.49,1.0,0.3992,1.0,-0.0832,11.461917,3.116684,1.48615,24.178256,0.0
2023-10-16,sz.002714,679.03981888,682.99868512,671.31060384,672.44170848,678.85130144,13951703.0,501092056.97,1.0,0.3837,1.0,-0.9442,11.353695,3.087257,1.472118,23.949969,0.0
2023-10-17,sz.002714,672.25319104,675.8350224,668.48284224,674.70391776,672.44170848,9362785.0,334051484.58,1.0,0.2575,1.0,0.3364,11.391891,3.097643,1.477071,24.030541,0.0
2023-10-18,sz.002714,674.8924352,675.64650496,661.31917952,663.95842368,674.70391776,16882007.0,597210953.66,1.0,0.4643,1.0,-1.5926,11.210461,3.04831,1.453547,23.647825,0.0
2023-10-19,sz.002714,661.31917952,661.31917952,597.6002848,606.0835696,663.95842368,89348786.0,2928723748.47,1.0,2.4573,1.0,-8.7166,10.233286,2.782599,1.326846,21.58653,0.0
2023-10-20,sz.002714,603.255808,617.20609856,592.69883136,596.46918016,606.0835696,41861766.0,1334193466.19,1.0,1.1513,1.0,-1.5863,10.070954,2.738459,1.305798,21.2441,0.0
2023-10-23,sz.002714,594.01845344,604.95246496,587.60886048,596.46918016,596.46918016,29828140.0,941615065.72,1.0,0.8203,1.0,0.0,10.070954,2.738459,1.305798,21.2441,0.0
2023-10-24,sz.002714,596.84621504,605.1409824,593.829936,598.542872,596.46918016,27124145.0,862101356.23,1.0,0.746,1.0,0.3477,10.105966,2.747979,1.310338,21.317957,0.0
2023-10-25,sz.002714,617.394616,638.1315344,613.24723232,635.49229024,598.542872,54734548.0,1821885518.37,1.0,1.5053,1.0,6.1732,10.729831,2.917618,1.391228,22.633963,0.0
2023-10-26,sz.002714,635.49229024,657.54883072,629.6482496,647.36888896,635.49229024,45785726.0,1564327724.11,1.0,1.2592,1.0,1.8689,10.930359,2.972145,1.417229,23.056965,0.0
2023-10-27,sz.002714,647.5574064,684.3183072,641.52484832,681.4905456,647.36888896,50478113.0,1787098280.45,1.0,1.3883,1.0,5.2708,11.506478,3.128802,1.491928,24.272257,0.0
2023-10-30,sz.002714,678.662784,713.5385104,675.8350224,712.78444064,681.4905456,46181544.0,1715773401.2,1.0,1.2701,1.0,4.592,20.848941,3.218634,1.626852,59.206862,0.0
2023-10-31,sz.002714,714.29258016,715.4236848,697.514528,711.84185344,712.78444064,29489107.0,1106400188.88,1.0,0.811,1.0,-0.1322,20.82137,3.214378,1.6247,59.128567,0.0
2023-11-01,sz.002714,707.8829872,723.15289984,705.24374304,713.72702784,711.84185344,23626210.0,896278803.63,1.0,0.6498,1.0,0.2648,20.876512,3.222891,1.629003,59.285157,0.0
2023-11-02,sz.002714,721.079208,730.69359744,711.653336,712.5959232,713.72702784,22267758.0,850528357.75,1.0,0.6124,1.0,-0.1585,20.843427,3.217783,1.626421,59.191203,0.0
2023-11-03,sz.002714,712.5959232,723.71845216,704.67819072,720.32513824,712.5959232,29361851.0,1112124200.5,1.0,0.8075,1.0,1.0847,21.069506,3.252685,1.644063,59.833224,0.0
2023-11-06,sz.002714,720.32513824,720.32513824,693.7441792,706.9404,720.32513824,31378942.0,1174189950.3,1.0,0.863,1.0,-1.8582,20.678003,3.192245,1.613513,58.721432,0.0
2023-11-07,sz.002714,703.92412096,710.33371392,697.514528,703.35856864,706.9404,20139916.0,751503523.08,1.0,0.5539,1.0,-0.5067,20.573234,3.176071,1.605338,58.42391,0.0
2023-11-08,sz.002714,702.60449888,705.62077792,693.7441792,698.83415008,703.35856864,15859240.0,587108851.47,1.0,0.4362,1.0,-0.6433,20.440895,3.155641,1.595012,58.048093,0.0
2023-11-09,sz.002714,698.64563264,708.8255744,694.12121408,701.66191168,698.83415008,13718559.0,511006125.31,1.0,0.3773,1.0,0.4046,20.523607,3.16841,1.601466,58.282978,0.0
2023-11-10,sz.002714,701.2848768,709.01409184,696.00638848,705.24374304,701.66191168,15852110.0,591448265.59,1.0,0.436,1.0,0.5105,20.628376,3.184584,1.609641,58.5805,0.0
2023-11-13,sz.002714,707.31743488,707.8829872,691.8590048,706.18633024,705.24374304,18700451.0,694592653.64,1.0,0.5143,1.0,0.1337,20.65595,3.18884,1.611793,58.658806,0.0
2023-11-14,sz.002714,705.9978128,713.72702784,702.227464,706.37484768,706.18633024,12584807.0,472377917.96,1.0,0.3461,1.0,0.0267,20.661464,3.189692,1.612223,58.674465,0.0
2023-11-15,sz.002714,706.37484768,712.40740576,701.2848768,706.18633024,706.37484768,12577062.0,470962852.98,1.0,0.3459,1.0,-0.0267,20.65595,3.18884,1.611793,58.658806,0.0
2023-11-16,sz.002714,706.18633024,709.57964416,699.3997024,699.77673728,706.18633024,9529064.0,355200888.99,1.0,0.2621,1.0,-0.9076,20.468469,3.159897,1.597163,58.126398,0.0
2023-11-17,sz.002714,697.70304544,702.227464,694.12121408,696.5719408,699.77673728,10533953.0,389345766.97,1.0,0.2897,1.0,-0.458,20.374729,3.145426,1.589849,57.860194,0.0
2023-11-20,sz.002714,696.76045824,722.39883008,696.76045824,718.62848128,696.5719408,31900174.0,1209444450.98,1.0,0.8773,1.0,3.1664,21.019883,3.245024,1.64019,59.692303,0.0
2023-11-21,sz.002714,719.38255104,732.01321952,716.74330688,721.64476032,718.62848128,25437473.0,977282820.76,1.0,0.6996,1.0,0.4197,21.108109,3.258644,1.647075,59.942848,0.0
2023-11-22,sz.002714,716.17775456,737.1031904,716.17775456,726.7347312,721.64476032,23930443.0,925495650.69,1.0,0.6581,1.0,0.7053,21.256991,3.281628,1.658692,60.365643,0.0
2023-11-23,sz.002714,727.6773184,732.3902544,720.1366208,725.60362656,726.7347312,14034587.0,540158390.1,1.0,0.386,1.0,-0.1556,21.223906,3.276521,1.65611,60.271688,0.0
2023-11-24,sz.002714,724.8495568,738.61132992,721.079208,734.08691136,725.60362656,23583649.0,916672506.72,1.0,0.6486,1.0,1.1691,21.472042,3.314828,1.675473,60.976346,0.0
2023-11-27,sz.002714,735.218016,749.92237632,733.89839392,742.94723104,734.08691136,28806123.0,1133251672.82,1.0,0.7922,1.0,1.207,21.731206,3.354837,1.695695,61.712321,0.0
2023-11-28,sz.002714,742.57019616,742.7587136,726.92324864,731.07063232,742.94723104,18399405.0,714378001.52,1.0,0.506,1.0,-1.5986,21.383816,3.301208,1.668588,60.725801,0.0
2023-11-29,sz.002714,724.09548704,737.48022528,724.09548704,732.01321952,731.07063232,16507397.0,637897510.14,1.0,0.454,1.0,0.1289,21.411386,3.305464,1.67074,60.804096,0.0
2023-11-30,sz.002714,735.218016,738.61132992,730.69359744,736.72615552,732.01321952,12827372.0,499689992.44,1.0,0.3528,1.0,0.6438,21.54924,3.326745,1.681496,61.195572,0.0
2023-12-01,sz.002714,736.72615552,736.72615552,725.98066144,727.30028352,736.72615552,13105211.0,507957227.32,1.0,0.3604,1.0,-1.2794,21.273533,3.284182,1.659983,60.41262,0.0
2023-12-04,sz.002714,725.792144,760.6678704,717.87441152,752.37310304,727.30028352,40882704.0,1619906788.05,1.0,1.1244,1.0,3.4474,22.006913,3.397401,1.717209,62.495274,0.0
2023-12-05,sz.002714,758.02862624,764.4382192,740.30798688,740.8735392,752.37310304,25336503.0,1011816989.14,1.0,0.6968,1.0,-1.5284,21.670551,3.345473,1.690962,61.540071,0.0
2023-12-06,sz.002714,738.61132992,772.73298656,735.218016,765.94635872,740.8735392,36832065.0,1476674882.84,1.0,1.013,1.0,3.3842,22.403931,3.458692,1.748188,63.622726,0.0
2023-12-07,sz.002714,762.17600992,774.05260864,756.33196928,770.65929472,765.94635872,27847371.0,1133177959.44,1.0,0.7659,1.0,0.6153,22.541784,3.479973,1.758945,64.014202,0.0
2023-12-08,sz.002714,771.0363296,775.18371328,755.0123472,755.9549344,770.65929472,21196716.0,856676740.81,1.0,0.583,1.0,-1.908,22.111682,3.413575,1.725384,62.792796,0.0
2023-12-11,sz.002714,752.1845856,771.0363296,744.83240544,768.02005056,755.9549344,18132524.0,731473458.11,1.0,0.4987,1.0,1.596,22.464586,3.468056,1.752921,63.794975,0.0
2023-12-12,sz.002714,768.02005056,770.65929472,754.06976,762.93007968,768.02005056,11476833.0,463273620.41,1.0,0.3156,1.0,-0.6627,22.315705,3.445071,1.741304,63.372181,0.0
2023-12-13,sz.002714,762.36452736,765.19228896,751.99606816,753.88124256,762.93007968,14786443.0,593065009.83,1.0,0.4067,1.0,-1.1861,22.051026,3.404211,1.720651,62.620546,0.0
2023-12-14,sz.002714,759.34824832,761.42194016,720.32513824,744.07833568,753.88124256,29212853.0,1146260522.04,1.0,0.8034,1.0,-1.3003,21.764291,3.359945,1.698277,61.806276,0.0
2023-12-15,sz.002714,745.5864752,748.03720192,733.3328416,742.57019616,744.07833568,15303213.0,602627019.95,1.0,0.4209,1.0,-0.2027,21.720178,3.353135,1.694835,61.681003,0.0
2023-12-18,sz.002714,740.8735392,760.29083552,737.29170784,753.50420768,742.57019616,17017014.0,678575835.38,1.0,0.468,1.0,1.4725,22.039998,3.402508,1.71979,62.589228,0.0
2023-12-19,sz.002714,750.2994112,755.38938208,742.00464384,750.48792864,753.50420768,9682566.0,385008046.06,1.0,0.2663,1.0,-0.4003,21.951772,3.388888,1.712906,62.338683,0.0
2023-12-20,sz.002714,750.67644608,753.31569024,735.78356832,738.9883648,750.48792864,12842407.0,506355061.09,1.0,0.3532,1.0,-1.5323,21.615409,3.336961,1.68666,61.383481,0.0
2023-12-21,sz.002714,735.40653344,748.03720192,724.28400448,744.83240544,738.9883648,16839406.0,658559071.24,1.0,0.4631,1.0,0.7908,21.786348,3.36335,1.699998,61.868912,0.0
2023-12-22,sz.002714,744.643888,759.53676576,740.49650432,752.37310304,744.83240544,15904140.0,635230652.67,1.0,0.4374,1.0,1.0124,22.006913,3.397401,1.717209,62.495274,0.0
2023-12-25,sz.002714,752.1845856,755.0123472,735.40653344,748.03720192,752.37310304,12251834.0,483200071.95,1.0,0.337,1.0,-0.5763,21.880088,3.377821,1.707313,62.135116,0.0
2023-12-26,sz.002714,745.02092288,750.2994112,740.8735392,743.88981824,748.03720192,9234697.0,365287368.81,1.0,0.254,1.0,-0.5544,21.758777,3.359094,1.697847,61.790617,0.0
2023-12-27,sz.002714,744.643888,772.73298656,744.643888,772.54446912,743.88981824,31647041.0,1280698494.97,1.0,0.8704,1.0,3.852,22.596926,3.488486,1.763248,64.170792,0.0
2023-12-28,sz.002714,772.35595168,774.42964352,763.87266688,768.77412032,772.54446912,18077904.0,738088220.24,1.0,0.4972,1.0,-0.488,22.486643,3.471461,1.754642,63.857611,0.0
2023-12-29,sz.002714,769.1511552,785.36365504,765.3808064,776.31481792,768.77412032,21017105.0,862967865.72,1.0,0.578,1.0,0.9809,22.707208,3.505511,1.771853,64.483973,0.0
2024-01-02,sz.002714,776.31481792,789.13400384,771.0363296,782.347376,776.31481792,17324253.0,718078086.45,1.0,0.4765,1.0,0.7771,22.883661,3.532752,1.785622,64.985063,0.0
2024-01-03,sz.002714,782.347376,792.7158352,768.58560288,774.24112608,782.347376,15142407.0,623769724.8,1.0,0.4164,1.0,-1.0361,22.646553,3.496147,1.76712,64.311724,0.0
2024-01-04,sz.002714,771.0363296,776.50333536,766.13487616,772.16743424,774.24112608,13103602.0,536174340.59,1.0,0.3604,1.0,-0.2678,22.585897,3.486783,1.762387,64.139475,0.0
2024-01-05,sz.002714,772.921504,772.921504,757.8401088,762.36452736,772.16743424,16109095.0,654743944.65,1.0,0.443,1.0,-1.2695,22.299162,3.442518,1.740013,63.325204,0.0
2024-01-08,sz.002714,761.6104576,766.13487616,736.53763808,736.53763808,762.36452736,25356529.0,1002625253.25,1.0,0.6974,1.0,-3.3877,21.543726,3.325894,1.681066,61.179914,0.0
2024-01-09,sz.002714,736.34912064,738.42281248,727.6773184,728.6199056,736.53763808,17449103.0,678445630.25,1.0,0.4799,1.0,-1.075,21.312132,3.290141,1.662995,60.522234,0.0
2024-01-10,sz.002714,728.24287072,732.20173696,664.523976,692.42455712,728.6199056,60063998.0,2200945357.6,1.0,1.6519,1.0,-4.9677,20.253418,3.126698,1.580383,57.515696,0.0
2024-01-11,sz.002714,687.90013856,715.61220224,687.90013856,696.00638848,692.42455712,38506924.0,1442995015.55,1.0,1.059,1.0,0.5173,20.358187,3.142872,1.588558,57.813218,0.0
2024-01-12,sz.002714,692.99010944,718.43996384,685.2608944,710.89926624,696.00638848,23938779.0,900464879.24,1.0,0.6584,1.0,2.1398,20.793804,3.210122,1.622549,59.050283,0.0
2024-01-15,sz.002714,707.31743488,718.62848128,696.5719408,698.08008032,710.89926624,18748295.0,698017609.22,1.0,0.5156,1.0,-1.8032,20.418842,3.152236,1.593291,57.985467,0.0
2024-01-16,sz.002714,694.6867664,712.40740576,694.6867664,708.26002208,698.08008032,20395842.0,765154165.0,1.0,0.5609,1.0,1.4583,20.716606,3.198204,1.616526,58.831056,0.0
2024-01-17,sz.002714,705.9978128,719.1940336,692.23603968,692.61307456,708.26002208,19078685.0,708228641.89,1.0,0.5247,1.0,-2.2092,20.258932,3.127549,1.580813,57.531355,0.0
2024-01-18,sz.002714,690.9164176,702.98153376,672.81874336,699.77673728,692.61307456,25548353.0,927214912.12,1.0,0.7026,1.0,1.0343,20.46847,3.159898,1.597163,58.126399,0.0
2024-01-19,sz.002714,699.3997024,704.86670816,688.088656,692.42455712,699.77673728,16137284.0,593825959.21,1.0,0.4438,1.0,-1.0506,20.253418,3.126698,1.580383,57.515696,0.0
2024-01-22,sz.002714,693.36714432,695.6293536,669.236912,676.02353984,692.42455712,22251928.0,808007969.7,1.0,0.612,1.0,-2.3686,19.773689,3.052638,1.542949,56.153358,0.0
2024-01-23,sz.002714,674.13836544,680.5479584,667.54025504,675.45798752,676.02353984,16702994.0,596971343.3,1.0,0.4594,1.0,-0.0837,19.757146,3.050084,1.541659,56.106381,0.0
2024-01-24,sz.002714,682.99868512,684.3183072,657.36031328,676.21205728,675.45798752,19821610.0,702929532.13,1.0,0.5451,1.0,0.1116,19.779203,3.053489,1.54338,56.169018,0.0
2024-01-25,sz.002714,679.22833632,681.30202816,669.04839456,679.22833632,676.21205728,18198660.0,653519331.49,1.0,0.5005,1.0,0.4461,19.867429,3.06711,1.550264,56.419562,0.0
2024-01-26,sz.002714,673.19577824,679.22833632,656.0406912,673.0072608,679.22833632,25390411.0,900326953.93,1.0,0.6983,1.0,-0.9159,19.685462,3.039018,1.536065,55.902814,0.0
2024-01-29,sz.002714,673.0072608,689.9738304,671.1220864,678.09723168,673.0072608,22066480.0,798617171.17,1.0,0.6069,1.0,0.7563,19.834344,3.062002,1.547682,56.325608,0.0
2024-01-30,sz.002714,676.7776096,688.088656,669.99098176,671.49912128,678.09723168,18057908.0,648318560.15,1.0,0.4966,1.0,-0.973,19.641349,3.032208,1.532623,55.777541,0.0
2024-01-31,sz.002714,662.6388016,672.0646736,651.89330752,664.523976,671.49912128,20974113.0,739091624.49,1.0,0.5768,1.0,-1.0387,19.437326,3.000711,1.516703,55.198156,0.0
2024-02-01,sz.002714,662.6388016,673.0072608,656.41772608,663.95842368,664.523976,20363248.0,717214844.5,1.0,0.56,1.0,-0.0851,19.420784,2.998157,1.515412,55.151179,0.0
2024-02-02,sz.002714,661.6962144,682.4331328,650.57368544,666.22063296,663.95842368,30053899.0,1068436284.16,1.0,0.8265,1.0,0.3407,19.486953,3.008372,1.520575,55.339088,0.0
2024-02-05,sz.002714,659.81104,678.662784,645.48371456,673.0072608,666.22063296,30715965.0,1083524600.19,1.0,0.8448,1.0,1.0187,19.685462,3.039018,1.536065,55.902814,0.0
2024-02-06,sz.002714,669.236912,699.3997024,665.4665632,697.70304544,673.0072608,28895657.0,1055019957.71,1.0,0.7947,1.0,3.6695,20.407814,3.150534,1.59243,57.954149,0.0
2024-02-07,sz.002714,697.514528,706.9404,686.2034816,706.56336512,697.70304544,27007851.0,1001099849.49,1.0,0.7428,1.0,1.2699,20.666978,3.190543,1.612653,58.690125,0.0
2024-02-08,sz.002714,702.79301632,716.55478944,699.77673728,712.78444064,706.56336512,21701643.0,814496335.39,1.0,0.5968,1.0,0.8805,20.848945,3.218635,1.626852,59.206874,0.0
2024-02-19,sz.002714,714.4810976,718.43996384,693.93269664,705.0552256,712.78444064,22247302.0,829516170.22,1.0,0.6118,1.0,-1.0844,20.622865,3.183733,1.609211,58.564853,0.0
2024-02-20,sz.002714,702.60449888,723.9069696,696.00638848,722.0217952,705.0552256,18589732.0,704443036.03,1.0,0.5113,1.0,2.4064,21.119138,3.260347,1.647935,59.974167,0.0
2024-02-21,sz.002714,721.45624288,731.4476672,716.366272,724.8495568,722.0217952,17762817.0,685364228.55,1.0,0.4885,1.0,0.3916,21.20185,3.273116,1.654389,60.209053,0.0
2024-02-22,sz.002714,722.58734752,727.86583584,718.81699872,725.03807424,724.8495568,10359488.0,397821537.68,1.0,0.2849,1.0,0.026,21.207364,3.273967,1.65482,60.224712,0.0
2024-02-23,sz.002714,726.7347312,728.6199056,717.68589408,723.52993472,725.03807424,11594872.0,443613465.49,1.0,0.3189,1.0,-0.208,21.163251,3.267157,1.651377,60.09944,0.0
2024-02-26,sz.002714,719.1940336,725.792144,713.16147552,718.62848128,723.52993472,14487911.0,553050840.99,1.0,0.3984,1.0,-0.6774,21.019883,3.245024,1.64019,59.692305,0.0
2024-02-27,sz.002714,715.98923712,740.11946944,715.23516736,732.57877184,718.62848128,16744954.0,649955221.07,1.0,0.4605,1.0,1.9412,21.427929,3.308018,1.67203,60.851074,0.0
2024-02-28,sz.002714,734.84098112,734.84098112,720.51365568,721.079208,732.57877184,16812383.0,647835620.57,1.0,0.4624,1.0,-1.5697,21.091567,3.256091,1.645784,59.895872,0.0
2024-02-29,sz.002714,720.89069056,728.80842304,719.38255104,725.60362656,721.079208,15084065.0,579465605.55,1.0,0.4148,1.0,0.6275,21.223906,3.276521,1.65611,60.271689,0.0
2024-03-01,sz.002714,725.792144,725.792144,708.63705696,719.57106848,725.60362656,23738161.0,900418053.91,1.0,0.6529,1.0,-0.8314,21.047454,3.24928,1.642342,59.7706,0.0
2024-03-04,sz.002714,719.57106848,719.57106848,707.31743488,710.89926624,719.57106848,21572305.0,814624558.38,1.0,0.5933,1.0,-1.2051,20.793804,3.210122,1.622549,59.050283,0.0
2024-03-05,sz.002714,706.9404,737.1031904,706.9404,735.218016,710.89926624,31752443.0,1229855474.99,1.0,0.8733,1.0,3.4208,21.505127,3.319935,1.678054,61.070301,0.0
2024-03-06,sz.002714,732.3902544,740.11946944,727.86583584,738.61132992,735.218016,15661355.0,609588626.54,1.0,0.4307,1.0,0.4615,21.604382,3.335258,1.685799,61.352164,0.0
2024-03-07,sz.002714,740.49650432,751.05348096,735.218016,743.7013008,738.61132992,23883218.0,941393459.38,1.0,0.6568,1.0,0.6891,21.753263,3.358242,1.697416,61.774958,0.0
2024-03-08,sz.002714,738.0457776,743.32426592,731.63618464,737.1031904,743.7013008,13207793.0,515839492.73,1.0,0.3632,1.0,-0.8872,21.560268,3.328448,1.682357,61.226892,0.0
2024-03-11,sz.002714,736.91467296,755.9549344,736.1606032,754.06976,737.1031904,20061458.0,797740135.0,1.0,0.5517,1.0,2.3018,22.056541,3.405062,1.721081,62.636206,0.0
2024-03-12,sz.002714,753.31569024,756.8975216,742.7587136,755.9549344,754.06976,18539211.0,737866797.25,1.0,0.5099,1.0,0.25,22.111682,3.413575,1.725384,62.792798,0.0
2024-03-13,sz.002714,754.06976,756.70900416,734.46394624,735.40653344,755.9549344,20814901.0,819320863.05,1.0,0.5725,1.0,-2.7182,21.510642,3.320787,1.678485,61.085961,0.0
2024-03-14,sz.002714,734.84098112,739.36539968,724.09548704,724.66103936,735.40653344,14158426.0,547694202.55,1.0,0.3894,1.0,-1.4612,21.196336,3.272265,1.653959,60.193395,0.0
2024-03-15,sz.002714,724.66103936,730.50508,719.94810336,723.9069696,724.66103936,12647667.0,485484381.91,1.0,0.3478,1.0,-0.1041,21.174279,3.26886,1.652238,60.130759,0.0
2024-03-18,sz.002714,725.60362656,729.37397536,709.7681616,726.92324864,723.9069696,22572501.0,863090732.98,1.0,0.6208,1.0,0.4167,21.262505,3.28248,1.659122,60.381304,0.0
2024-03-19,sz.002714,731.82470208,767.83153312,729.93952768,763.11859712,726.92324864,50368184.0,2014471176.94,1.0,1.3852,1.0,4.9793,22.321219,3.445923,1.741734,63.387842,0.0
2024-03-20,sz.002714,757.65159136,786.30624224,755.0123472,773.67557376,763.11859712,33140292.0,1357864977.56,1.0,0.9114,1.0,1.3834,22.630011,3.493594,1.765829,64.264748,0.0
2024-03-21,sz.002714,773.67557376,810.05943968,773.48705632,804.9694688,773.67557376,48854610.0,2074715552.75,1.0,1.3436,1.0,4.0448,23.545357,3.634904,1.837254,66.864151,0.0
2024-03-22,sz.002714,805.15798624,808.55130016,785.1751376,796.486184,804.9694688,34258553.0,1444459463.54,1.0,0.9422,1.0,-1.0539,23.297221,3.596597,1.817892,66.159494,0.0
2024-03-25,sz.002714,796.486184,801.19912,789.13400384,794.97804448,796.486184,22245501.0,939790335.09,1.0,0.6076,1.0,-0.1893,23.253108,3.589787,1.81445,66.034221,0.0
2024-03-26,sz.002714,795.92063168,813.64127104,790.64214336,794.6010096,794.97804448,26485109.0,1124849252.04,1.0,0.7234,1.0,-0.0474,23.24208,3.588084,1.813589,66.002903,0.0
2024-03-27,sz.002714,793.09287008,810.24795712,788.0028992,796.86321888,794.6010096,29674123.0,1258894823.12,1.0,0.8105,1.0,0.2847,23.30825,3.598299,1.818753,66.190812,0.0
2024-03-28,sz.002714,794.6010096,804.40391648,788.0028992,792.7158352,796.86321888,25170739.0,1061315440.1,1.0,0.6875,1.0,-0.5205,23.186939,3.579571,1.809287,65.846313,0.0
2024-03-29,sz.002714,792.7158352,813.4527536,787.62586432,813.4527536,792.7158352,31154571.0,1333095091.56,1.0,0.8509,1.0,2.6159,23.793494,3.673211,1.856616,67.568808,0.0
2024-04-01,sz.002714,813.26423616,845.31220096,811.37906176,841.54185216,813.4527536,39587868.0,1754186246.72,1.0,1.0813,1.0,3.4531,24.6151,3.800049,1.920727,69.902007,0.0
2024-04-02,sz.002714,838.902608,842.86147424,822.69010816,835.69781152,841.54185216,23953523.0,1061611861.94,1.0,0.6542,1.0,-0.6944,24.444161,3.77366,1.907388,69.416576,0.0
2024-04-03,sz.002714,831.3619104,859.26249152,831.3619104,853.22993344,835.69781152,31645855.0,1430505256.34,1.0,0.8645,1.0,2.0979,24.956976,3.852828,1.947403,70.872868,0.0
2024-04-08,sz.002714,848.32848,855.49214272,838.52557312,846.25478816,853.22993344,29321377.0,1317545233.21,1.0,0.801,1.0,-0.8175,24.752953,3.821331,1.931483,70.293483,0.0
2024-04-09,sz.002714,842.86147424,844.18109632,827.5915616,836.45188128,846.25478816,25011699.0,1107042176.21,1.0,0.6833,1.0,-1.1584,24.466218,3.777065,1.909109,69.479213,0.0
2024-04-10,sz.002714,836.45188128,846.06627072,824.7638,829.28821856,836.45188128,20050260.0,887332562.47,1.0,0.5477,1.0,-0.8564,24.256681,3.744717,1.892759,68.884169,0.0
2024-04-11,sz.002714,821.9360384,828.34563136,810.05943968,813.26423616,829.28821856,30319051.0,1312340188.99,1.0,0.8283,1.0,-1.9323,23.787979,3.672359,1.856186,67.553149,0.0
2024-04-12,sz.002714,813.07571872,818.35420704,791.773248,795.16656192,813.26423616,33041675.0,1407340339.89,1.0,0.9026,1.0,-2.2253,23.258622,3.590638,1.81488,66.04988,0.0
2024-04-15,sz.002714,790.26510848,810.05943968,790.26510848,800.82208512,795.16656192,23996766.0,1020663204.49,1.0,0.6555,1.0,0.7112,23.424046,3.616176,1.827788,66.519652,0.0
2024-04-16,sz.002714,795.35507936,820.9934512,795.16656192,807.23167808,800.82208512,25562310.0,1097933941.62,1.0,0.6983,1.0,0.8004,23.611527,3.645119,1.842418,67.05206,0.0
2024-04-17,sz.002714,807.42019552,820.050864,799.87949792,811.37906176,807.23167808,20347991.0,872570288.05,1.0,0.5559,1.0,0.5138,23.732838,3.663847,1.851883,67.396559,0.0
2024-04-18,sz.002714,808.36278272,831.17339296,800.2565328,821.55900352,811.37906176,23720029.0,1034570670.96,1.0,0.648,1.0,1.2546,24.030601,3.709815,1.875118,68.242148,0.0
2024-04-19,sz.002714,821.55900352,828.34563136,809.11685248,819.67382912,821.55900352,17269074.0,750213156.26,1.0,0.4718,1.0,-0.2295,23.97546,3.701302,1.870815,68.085557,0.0
2024-04-22,sz.002714,821.9360384,864.3524624,820.42789888,851.34475904,819.67382912,38657663.0,1742882573.33,1.0,1.056,1.0,3.8638,24.901835,3.844315,1.943101,70.716278,0.0
2024-04-23,sz.002714,851.34475904,859.26249152,845.5007184,848.13996256,851.34475904,22067242.0,996170428.45,1.0,0.6028,1.0,-0.3764,24.808094,3.829844,1.935786,70.450074,0.0
2024-04-24,sz.002714,851.72179392,851.72179392,826.6489744,833.2470848,848.13996256,20751073.0,917554271.52,1.0,0.5669,1.0,-1.7559,24.372478,3.762594,1.901795,69.213009,0.0
2024-04-25,sz.002714,828.15711392,838.902608,821.9360384,835.1322592,833.2470848,16781355.0,739692338.01,1.0,0.4584,1.0,0.2262,24.427627,3.771107,1.906098,69.369623,0.0
2024-04-26,sz.002714,834.94374176,847.57441024,830.60784064,837.77150336,835.1322592,20002840.0,890013956.96,1.0,0.5464,1.0,0.316,24.504825,3.783025,1.912122,69.58885,0.0
2024-04-29,sz.002714,831.73894528,837.0174336,822.31307328,822.31307328,837.77150336,25058736.0,1101244413.87,1.0,0.6846,1.0,-1.8452,-43.789974,3.962742,2.110947,-49.915512,0.0
2024-04-30,sz.002714,820.050864,837.9600208,818.73124192,822.31307328,822.31307328,17776998.0,781065760.91,1.0,0.4856,1.0,0.0,-43.789974,3.962742,2.110947,-49.915512,0.0
2024-05-06,sz.002714,837.0174336,838.71409056,817.2231024,833.2470848,822.31307328,22654614.0,998003889.14,1.0,0.6189,1.0,1.3297,-44.372234,4.015433,2.139015,-50.579222,0.0
2024-05-07,sz.002714,837.0174336,855.8691776,830.04228832,850.40217184,833.2470848,32836585.0,1474936371.11,1.0,0.897,1.0,2.0588,-45.28578,4.098104,2.183054,-51.620559,0.0
2024-05-08,sz.002714,848.89403232,889.04824704,840.7877824,882.82717152,850.40217184,53880659.0,2499336135.68,1.0,1.4719,1.0,3.8129,-47.012482,4.254361,2.266292,-53.5888,0.0
2024-05-09,sz.002714,880.3764448,887.72862496,874.34388672,885.0893808,882.82717152,27539001.0,1289352668.53,1.0,0.7523,1.0,0.2562,-47.13295,4.265262,2.272099,-53.726119,0.0
2024-05-10,sz.002714,883.01568896,902.81002016,879.62237504,891.49897376,885.0893808,28051590.0,1325043081.07,1.0,0.7663,1.0,0.7242,-47.474275,4.29615,2.288553,-54.11519,0.0
2024-05-13,sz.002714,872.8357472,903.75260736,868.49984608,898.85115392,891.49897376,44624221.0,2113438899.3,1.0,1.219,1.0,0.8247,-47.865795,4.331581,2.307427,-54.561477,0.0
2024-05-14,sz.002714,894.5152528,912.04737472,888.29417728,898.85115392,898.85115392,31564677.0,1504976955.99,1.0,0.8623,1.0,0.0,-47.865795,4.331581,2.307427,-54.561477,0.0
2024-05-15,sz.002714,898.85115392,908.46554336,879.05682272,879.99940992,898.85115392,23617607.0,1110519618.98,1.0,0.6452,1.0,-2.0973,-46.861898,4.240734,2.259033,-53.417151,0.0
2024-05-16,sz.002714,886.031968,889.23676448,873.7783344,882.82717152,879.99940992,14805580.0,693905779.48,1.0,0.4045,1.0,0.3213,-47.012482,4.254361,2.266292,-53.5888,0.0
2024-05-17,sz.002714,882.82717152,899.98225856,881.50754944,899.03967136,882.82717152,26805466.0,1271496228.05,1.0,0.7323,1.0,1.8364,-47.875834,4.332489,2.307911,-54.57292,0.0
2024-05-20,sz.002714,898.85115392,939.57092096,897.3430144,930.3335664,899.03967136,40661910.0,1998791681.15,1.0,1.1108,1.0,3.4808,-49.542302,4.483295,2.388245,-56.472502,0.0
2024-05-21,sz.002714,927.12876992,943.90682208,919.77658976,925.99766528,930.3335664,23889315.0,1177831783.05,1.0,0.6526,1.0,-0.4661,-49.311406,4.4624,2.377114,-56.209307,0.0
2024-05-22,sz.002714,931.84170592,935.9890896,904.883712,915.44068864,925.99766528,27836833.0,1349178459.06,1.0,0.7604,1.0,-1.1401,-48.749224,4.411526,2.350013,-55.568484,0.0
2024-05-23,sz.002714,917.51438048,923.54693856,893.5726656,898.2856016,915.44068864,23400561.0,1122599834.62,1.0,0.6393,1.0,-1.874,-47.835678,4.328855,2.305975,-54.527147,0.0
2024-05-24,sz.002714,898.85115392,923.735456,893.5726656,905.8262992,898.2856016,31450512.0,1518430211.45,1.0,0.8592,1.0,0.8395,-48.237236,4.365194,2.325332,-54.984878,0.0
2024-05-27,sz.002714,909.03109568,916.00624096,890.17935168,913.55551424,905.8262992,21782224.0,1047115343.01,1.0,0.595,1.0,0.8533,-48.648834,4.402441,2.345174,-55.454052,0.0
2024-05-28,sz.002714,914.309584,929.20246176,895.45784,904.12964224,913.55551424,20900939.0,1004546667.93,1.0,0.571,1.0,-1.0318,-48.146886,4.357018,2.320977,-54.881888,0.0
2024-05-29,sz.002714,901.1133632,915.81772352,895.83487488,904.883712,904.12964224,16224551.0,780012316.11,1.0,0.4432,1.0,0.0834,-48.187041,4.360652,2.322913,-54.927661,0.0
2024-05-30,sz.002714,909.78516544,913.74403168,884.1467936,893.76118304,904.883712,26076921.0,1235730416.52,1.0,0.7124,1.0,-1.2292,-47.594742,4.307052,2.29436,-54.252509,0.0
2024-05-31,sz.002714,892.44156096,896.4004272,880.3764448,888.8597296,893.76118304,20309701.0,956424527.35,1.0,0.5548,1.0,-0.5484,-47.333729,4.283432,2.281778,-53.954984,0.0
2024-06-03,sz.002714,887.35159008,917.70289792,887.35159008,911.4818224,888.8597296,31372452.0,1509635788.42,1.0,0.857,1.0,2.5451,-48.538405,4.392448,2.339851,-55.328176,0.0
2024-06-04,sz.002714,912.80144448,920.9076944,899.41670624,918.83400256,911.4818224,23372426.0,1131646156.42,1.0,0.6385,1.0,0.8066,-48.929925,4.427878,2.358724,-55.774463,0.0
2024-06-05,sz.002714,918.45696768,922.03879904,902.9985376,908.6540608,918.83400256,15440769.0,745394602.02,1.0,0.4218,1.0,-1.1079,-48.387821,4.378821,2.332591,-55.156527,0.0
2024-06-06,sz.002714,905.8262992,905.8262992,889.04824704,897.53153184,908.6540608,26333568.0,1253197265.09,1.0,0.7194,1.0,-1.2241,-47.795522,4.325221,2.304039,-54.481374,0.0
2024-06-07,sz.002714,903.37557248,910.5392352,892.6300784,902.43298528,897.53153184,20672966.0,987569015.89,1.0,0.5647,1.0,0.5461,-48.056535,4.348841,2.316621,-54.778899,0.0
2024-06-11,sz.002714,901.1133632,909.78516544,876.79461344,887.9171424,902.43298528,24089297.0,1133994257.81,1.0,0.6581,1.0,-1.6085,-47.283534,4.278889,2.279358,-53.897768,0.0
2024-06-12,sz.002714,887.9171424,897.15449696,878.67978784,882.2616192,887.9171424,15610280.0,732579842.04,1.0,0.4264,1.0,-0.6369,-46.982365,4.251635,2.26484,-53.55447,0.0
2024-06-13,sz.002714,876.79461344,877.17164832,828.5341488,838.52557312,882.2616192,61645855.0,2769327696.03,1.0,1.684,1.0,-4.9573,-44.653325,4.04087,2.152566,-50.899633,0.0
2024-06-14,sz.002714,837.0174336,851.34475904,820.42789888,848.89403232,838.52557312,43396136.0,1927073596.26,1.0,1.1855,1.0,1.2365,-45.205468,4.090836,2.179182,-51.529012,0.0
2024-06-17,sz.002714,848.89403232,854.9265904,837.20595104,851.34475904,848.89403232,16783064.0,754494074.18,1.0,0.4585,1.0,0.2887,-45.335975,4.102646,2.185474,-51.677775,0.0
2024-06-18,sz.002714,858.88545664,864.91801472,832.87004992,841.35333472,851.34475904,23576612.0,1053207285.26,1.0,0.6441,1.0,-1.1736,-44.80391,4.054497,2.159825,-51.071282,0.0
2024-06-19,sz.002714,838.902608,841.16481728,830.4193232,832.87004992,841.35333472,14872089.0,657789976.5,1.0,0.4063,1.0,-1.0083,-44.352156,4.013616,2.138048,-50.556335,0.0
2024-06-20,sz.002714,831.73894528,847.3858928,824.00973024,837.9600208,832.87004992,17169140.0,762992991.67,1.0,0.469,1.0,0.6111,-44.623208,4.038145,2.151114,-50.865303,0.0
2024-06-21,sz.002714,837.9600208,848.32848,827.5915616,827.78007904,837.9600208,33795114.0,1501546044.21,1.0,0.9232,1.0,-1.2148,-44.081104,3.989088,2.124981,-50.247367,0.0
2024-06-24,sz.002714,825.14083488,831.92746272,806.66612576,822.8786256,827.78007904,29911245.0,1301435938.57,1.0,0.7849,1.0,-0.5921,-43.820091,3.965467,2.112399,-49.949842,0.0
2024-06-25,sz.002714,823.06714304,833.62411968,816.65755008,820.23938144,822.8786256,14499922.0,634045039.63,1.0,0.3805,1.0,-0.3207,-43.679545,3.952749,2.105624,-49.789636,0.0
2024-06-26,sz.002714,817.41161984,820.23938144,799.87949792,814.3953408,820.23938144,20587253.0,881714193.87,1.0,0.5402,1.0,-0.7125,-43.368337,3.924586,2.090621,-49.434895,0.0
2024-06-27,sz.002714,808.7398176,819.29679424,806.10057344,814.3953408,814.3953408,14924118.0,644257533.32,1.0,0.3916,1.0,0.0,-43.368337,3.924586,2.090621,-49.434895,0.0
2024-06-28,sz.002714,810.624992,832.87004992,807.7972304,821.9360384,814.3953408,20498907.0,893488226.38,1.0,0.5379,1.0,0.9259,-43.769896,3.960925,2.109979,-49.892626,0.0
2024-07-01,sz.002714,827.5915616,853.41845088,827.5915616,848.13996256,821.9360384,23480614.0,1052696891.86,1.0,0.6162,1.0,3.1881,-45.165312,4.087202,2.177247,-51.483239,0.0
2024-07-02,sz.002714,847.95144512,853.9840032,832.3044976,835.88632896,848.13996256,15269081.0,679993964.88,1.0,0.4007,1.0,-1.4448,-44.51278,4.028152,2.145791,-50.739427,0.0
2024-07-03,sz.002714,832.3044976,843.615544,825.32935232,831.73894528,835.88632896,11394352.0,502292793.99,1.0,0.299,1.0,-0.4962,-44.291922,4.008166,2.135144,-50.487675,0.0
2024-07-04,sz.002714,831.73894528,837.0174336,814.77237568,826.27193952,831.73894528,16174611.0,706552871.12,1.0,0.4245,1.0,-0.6573,-44.000792,3.98182,2.12111,-50.155821,0.0
2024-07-05,sz.002714,824.7638,829.28821856,806.8546432,826.08342208,826.27193952,15465200.0,671560724.01,1.0,0.4058,1.0,-0.0228,-43.990753,3.980911,2.120626,-50.144378,0.0
2024-07-08,sz.002714,827.21452672,844.74664864,825.89490464,830.23080576,826.08342208,16292747.0,721560380.66,1.0,0.4276,1.0,0.5021,-44.211611,4.000898,2.131272,-50.396129,0.0
2024-07-09,sz.002714,825.7063872,828.15711392,797.99432352,806.66612576,830.23080576,29726924.0,1274481051.86,1.0,0.7801,1.0,-2.8383,-42.95674,3.887339,2.07078,-48.965722,0.0
2024-07-10,sz.002714,806.66612576,829.476736,799.12542816,823.63269536,806.66612576,26022176.0,1131624747.81,1.0,0.6829,1.0,2.1033,-43.860247,3.969101,2.114334,-49.995615,0.0
2024-07-11,sz.002714,835.32077664,840.22223008,825.7063872,831.55042784,823.63269536,21849282.0,965398485.37,1.0,0.5734,1.0,0.9613,-44.281883,4.007257,2.13466,-50.476232,0.0
2024-07-12,sz.002714,831.3619104,843.615544,808.7398176,811.37906176,831.55042784,27265927.0,1188125392.05,1.0,0.7155,1.0,-2.4258,-43.207714,3.910051,2.082878,-49.251803,0.0
2024-07-15,sz.002714,822.8786256,849.08254976,816.2805152,842.10740448,811.37906176,34622032.0,1536651440.72,1.0,0.9085,1.0,3.7872,-44.844065,4.058131,2.161761,-51.117055,0.0
2024-07-16,sz.002714,838.902608,870.9505728,837.0174336,853.9840032,842.10740448,33359159.0,1515304765.65,1.0,0.8754,1.0,1.4103,-45.47652,4.115365,2.192249,-51.83798,0.0
2024-07-17,sz.002714,848.32848,863.97542752,841.35333472,859.45100896,853.9840032,21601772.0,981932591.2,1.0,0.5669,1.0,0.6402,-45.76765,4.14171,2.206283,-52.169835,0.0
2024-07-18,sz.002714,855.8691776,863.22135776,848.70551488,859.26249152,859.45100896,16597680.0,754271757.73,1.0,0.4356,1.0,-0.0219,-45.757611,4.140802,2.205799,-52.158392,0.0
2024-07-19,sz.002714,855.8691776,867.74577632,844.5581312,864.91801472,859.26249152,20028439.0,913089938.21,1.0,0.5256,1.0,0.6582,-46.05878,4.168056,2.220317,-52.50169,0.0
2024-07-22,sz.002714,865.67208448,867.74577632,842.6729568,849.83661952,864.91801472,25119345.0,1132144964.63,1.0,0.6592,1.0,-1.7437,-45.255663,4.095379,2.181602,-51.586229,0.0
2024-07-23,sz.002714,851.1562416,857.56583456,823.8212128,825.32935232,849.83661952,18965386.0,841531594.06,1.0,0.4977,1.0,-2.8838,-43.950597,3.977278,2.11869,-50.098605,0.0
2024-07-24,sz.002714,824.7638,833.2470848,813.07571872,819.29679424,825.32935232,18820666.0,818260106.18,1.0,0.4939,1.0,-0.7309,-43.62935,3.948207,2.103204,-49.73242,0.0
2024-07-25,sz.002714,816.2805152,819.29679424,808.36278272,816.2805152,819.29679424,15394324.0,664815807.53,1.0,0.404,1.0,-0.3682,-43.468727,3.933671,2.095461,-49.549328,0.0
2024-07-26,sz.002714,816.2805152,821.37048608,800.2565328,811.37906176,816.2805152,20866231.0,896104679.51,1.0,0.5476,1.0,-0.6005,-43.207714,3.910051,2.082878,-49.251803,0.0
2024-07-29,sz.002714,811.37906176,816.09199776,786.1177248,795.16656192,811.37906176,22363051.0,943261628.55,1.0,0.5868,1.0,-1.9981,-42.344363,3.831923,2.041259,-48.267682,0.0
2024-07-30,sz.002714,793.6584224,813.26423616,787.24882944,810.24795712,795.16656192,16887972.0,719938662.98,1.0,0.4432,1.0,1.8966,-43.14748,3.9046,2.079975,-49.183144,0.0
2024-07-31,sz.002714,809.6824048,826.46045696,798.93691072,824.19824768,810.24795712,19919156.0,862339997.24,1.0,0.5227,1.0,1.7217,-43.890364,3.971827,2.115786,-50.029945,0.0
2024-08-01,sz.002714,823.8212128,837.39446848,815.90348032,818.91975936,824.19824768,15219099.0,665318735.85,1.0,0.3994,1.0,-0.6404,-43.609273,3.94639,2.102236,-49.709534,0.0
2024-08-02,sz.002714,816.09199776,845.5007184,812.88720128,833.43560224,818.91975936,22040784.0,975217342.28,1.0,0.5784,1.0,1.7726,-44.382273,4.016342,2.139499,-50.590665,0.0
2024-08-05,sz.002714,842.29592192,859.07397408,836.45188128,843.615544,833.43560224,32085286.0,1444544758.41,1.0,0.842,1.0,1.2214,-373.52456,3.878072,2.110988,-1546.33302,0.0
2024-08-06,sz.002714,847.57441024,849.83661952,830.79635808,842.48443936,843.615544,21249224.0,946876976.83,1.0,0.5576,1.0,-0.1341,-373.023772,3.872873,2.108157,-1544.259836,0.0
2024-08-07,sz.002714,840.7877824,842.48443936,817.03458496,817.60013728,842.48443936,19334534.0,844439929.71,1.0,0.5074,1.0,-2.9537,-362.00584,3.758481,2.045889,-1498.647328,0.0
2024-08-08,sz.002714,817.03458496,830.79635808,816.46903264,824.7638,817.60013728,14497191.0,634292007.8,1.0,0.3804,1.0,0.8762,-365.177669,3.791412,2.063815,-1511.778202,0.0
2024-08-09,sz.002714,824.95231744,828.91118368,815.52644544,816.2805152,824.7638,12506445.0,544344128.56,1.0,0.3282,1.0,-1.0286,-361.421556,3.752414,2.042587,-1496.228483,0.0
2024-08-12,sz.002714,822.50159072,845.12368352,816.09199776,836.82891616,816.2805152,29461330.0,1307489228.81,1.0,0.7731,1.0,2.5173,-370.519697,3.846875,2.094006,-1533.893357,0.0
2024-08-13,sz.002714,835.88632896,852.0988288,828.91118368,837.0174336,836.82891616,17401720.0,775587686.09,1.0,0.4567,1.0,0.0225,-370.603166,3.847741,2.094477,-1534.238906,0.0
2024-08-14,sz.002714,837.0174336,837.58298592,820.23938144,829.476736,837.0174336,13353853.0,586110873.19,1.0,0.3504,1.0,-0.9009,-367.264399,3.813077,2.075608,-1520.416934,0.0
2024-08-15,sz.002714,829.28821856,839.8451952,818.73124192,824.95231744,829.476736,19675402.0,866405528.55,1.0,0.5163,1.0,-0.5455,-365.261138,3.792278,2.064287,-1512.123751,0.0
2024-08-16,sz.002714,820.23938144,821.9360384,806.10057344,809.87092224,824.95231744,18058488.0,776052876.18,1.0,0.4739,1.0,-1.8282,-358.583605,3.72295,2.026548,-1484.479812,0.0
2024-08-19,sz.002714,802.1417072,807.7972304,788.0028992,791.58473056,809.87092224,26087564.0,1099299957.11,1.0,0.6846,1.0,-2.2579,-350.487095,3.638889,1.980791,-1450.96153,0.0
2024-08-20,sz.002714,789.8880736,790.8306608,762.93007968,769.52819008,791.58473056,28082342.0,1152448842.41,1.0,0.7369,1.0,-2.7864,-340.7212,3.537496,1.925598,-1410.532261,0.0
2024-08-21,sz.002714,764.06118432,765.3808064,739.930952,743.13574848,769.52819008,39548394.0,1571554018.34,1.0,1.0378,1.0,-3.4297,-329.035515,3.41617,1.859556,-1362.155359,0.0
2024-08-22,sz.002714,739.17688224,742.94723104,724.47252192,740.8735392,743.13574848,28534830.0,1110087608.32,1.0,0.7488,1.0,-0.3044,-328.033885,3.405771,1.853895,-1358.008767,0.0
2024-08-23,sz.002714,738.9883648,745.5864752,724.66103936,726.92324864,740.8735392,23051608.0,895419151.68,1.0,0.6049,1.0,-1.883,-321.857165,3.341642,1.818988,-1332.438118,0.0
2024-08-26,sz.002714,725.98066144,736.72615552,719.75958592,728.99694048,726.92324864,20459500.0,790131838.84,1.0,0.5369,1.0,0.2853,-322.775326,3.351175,1.824177,-1336.239161,0.0
2024-08-27,sz.002714,725.792144,728.24287072,704.48967328,708.07150464,728.99694048,25698398.0,969655998.06,1.0,0.6744,1.0,-2.8704,-313.510247,3.254981,1.771815,-1297.883188,0.0
2024-08-28,sz.002714,705.0552256,717.49737664,699.58821984,716.366272,708.07150464,20418158.0,769674582.13,1.0,0.5358,1.0,1.1715,-317.182891,3.293112,1.792571,-1313.087357,0.0
2024-08-29,sz.002714,715.4236848,719.94810336,707.31743488,711.84185344,716.366272,16866190.0,638695591.03,1.0,0.4426,1.0,-0.6316,-315.179631,3.272313,1.781249,-1304.794174,0.0
2024-08-30,sz.002714,709.7681616,735.218016,703.35856864,726.92324864,711.84185344,36995652.0,1422783054.98,1.0,0.9708,1.0,2.1186,-321.857165,3.341642,1.818988,-1332.438118,0.0
2024-09-02,sz.002714,725.792144,734.65246368,720.51365568,724.8495568,726.92324864,22896286.0,882674122.13,1.0,0.6008,1.0,-0.2853,-320.939004,3.332109,1.813799,-1328.637076,0.0
2024-09-03,sz.002714,720.51365568,744.643888,720.32513824,739.36539968,724.8495568,20538081.0,802987723.34,1.0,0.539,1.0,2.0026,-327.366131,3.398838,1.850122,-1355.244372,0.0
2024-09-04,sz.002714,736.1606032,742.00464384,717.3088592,718.2514464,739.36539968,18740169.0,722466621.09,1.0,0.4918,1.0,-2.8557,-318.017583,3.301778,1.797288,-1316.54285,0.0
2024-09-05,sz.002714,722.0217952,725.03807424,710.7107488,718.06292896,718.2514464,15118111.0,574743848.45,1.0,0.3967,1.0,-0.0262,-317.934114,3.300911,1.796816,-1316.197301,0.0
2024-09-06,sz.002714,720.32513824,728.24287072,717.3088592,718.2514464,718.06292896,13119680.0,503277519.34,1.0,0.3443,1.0,0.0263,-318.017583,3.301778,1.797288,-1316.54285,0.0
2024-09-09,sz.002714,712.40740576,730.50508,705.43226048,727.30028352,718.2514464,19422558.0,742946016.15,1.0,0.5097,1.0,1.2598,-322.024104,3.343375,1.819931,-1333.129217,0.0
2024-09-10,sz.002714,727.11176608,737.29170784,718.43996384,726.16917888,727.30028352,15835988.0,611744318.96,1.0,0.4156,1.0,-0.1555,-321.523288,3.338176,1.817101,-1331.055921,0.0
2024-09-11,sz.002714,723.71845216,732.3902544,713.16147552,725.22659168,726.16917888,11355989.0,436641149.48,1.0,0.298,1.0,-0.1298,-321.105943,3.333843,1.814742,-1329.328175,0.0
2024-09-12,sz.002714,725.60362656,728.05435328,706.37484768,706.56336512,725.22659168,20950950.0,792511850.74,1.0,0.5498,1.0,-2.5734,-312.842494,3.248048,1.768041,-1295.118793,0.0
2024-09-13,sz.002714,700.90784192,713.16147552,694.6867664,705.24374304,706.56336512,15840565.0,593363526.64,1.0,0.4157,1.0,-0.1868,-312.258209,3.241982,1.764739,-1292.699948,0.0
2024-09-18,sz.002714,704.48967328,706.9404,678.662784,681.67906304,705.24374304,26019547.0,947796703.02,1.0,0.6828,1.0,-3.3414,-301.824562,3.133656,1.705773,-1249.506285,0.0
2024-09-19,sz.002714,684.3183072,702.98153376,676.40057472,689.40827808,681.67906304,28863119.0,1057947879.07,1.0,0.7574,1.0,1.1338,-305.246798,3.169187,1.725113,-1263.673807,0.0
2024-09-20,sz.002714,688.46569088,688.46569088,660.18807488,677.34316192,689.40827808,38008336.0,1356978718.99,1.0,0.9974,1.0,-1.7501,-299.90477,3.113724,1.694923,-1241.558651,0.0
2024-09-23,sz.002714,667.3517376,684.12978976,662.6388016,671.68763872,677.34316192,17898688.0,641402519.73,1.0,0.4697,1.0,-0.835,-297.400695,3.087726,1.680771,-1231.192172,0.0
2024-09-24,sz.002714,683.18720256,723.9069696,679.6053712,723.34141728,671.68763872,39721096.0,1480779103.43,1.0,1.0424,1.0,7.6901,-320.271251,3.325176,1.810025,-1325.872682,0.0
2024-09-25,sz.002714,735.40653344,742.19316128,722.21031264,723.52993472,723.34141728,30319545.0,1177980133.63,1.0,0.7956,1.0,0.0261,-320.35472,3.326043,1.810496,-1326.218231,0.0
2024-09-26,sz.002714,725.60362656,753.50420768,720.51365568,752.93865536,723.52993472,38881843.0,1526597622.42,1.0,1.0203,1.0,4.0646,-333.375912,3.461234,1.884086,-1380.123922,0.0
2024-09-27,sz.002714,791.773248,825.7063872,791.773248,813.64127104,752.93865536,66673504.0,2851506285.58,1.0,1.7496,1.0,8.0621,-360.252989,3.740282,2.035983,-1491.390798,0.0
2024-09-30,sz.002714,831.3619104,884.71234592,825.51786976,873.02426464,813.64127104,94400538.0,4275593467.31,1.0,2.4772,1.0,7.2984,-386.545781,4.013264,2.184578,-1600.238829,0.0
2024-10-08,sz.002714,957.29156032,957.29156032,814.77237568,850.2136544,873.02426464,154155616.0,7195262700.54,1.0,4.0453,1.0,-2.6128,-376.44601,3.908404,2.127498,-1558.427364,0.0
2024-10-09,sz.002714,838.902608,838.902608,788.56845152,791.58473056,850.2136544,78325005.0,3372269925.83,1.0,2.0554,1.0,-6.8958,-350.487106,3.638889,1.980791,-1450.961579,0.0
2024-10-10,sz.002714,837.0174336,856.62324736,817.60013728,819.86234656,791.58473056,107493270.0,4780888627.55,1.0,2.8208,1.0,3.5723,-363.007484,3.76888,2.05155,-1502.793976,0.0
2024-10-11,sz.002714,819.67382912,819.67382912,788.75696896,797.05173632,819.86234656,39728925.0,1689715822.4,1.0,1.0426,1.0,-2.7822,-352.907713,3.664021,1.994471,-1460.982509,0.0
2024-10-14,sz.002714,799.3139456,821.18196864,794.6010096,816.09199776,797.05173632,42295067.0,1819548471.26,1.0,1.1099,1.0,2.3888,-361.3381,3.751548,2.042115,-1495.88299,0.0
2024-10-15,sz.002714,814.3953408,821.37048608,791.96176544,792.90435264,816.09199776,36113531.0,1541808473.51,1.0,0.9477,1.0,-2.8413,-351.071391,3.644955,1.984093,-1453.380424,0.0
2024-10-16,sz.002714,787.060312,798.3713584,777.25740512,788.0028992,792.90435264,28993448.0,1212380324.79,1.0,0.7608,1.0,-0.6182,-348.901192,3.622423,1.971828,-1444.396142,0.0
2024-10-17,sz.002714,790.45362592,797.05173632,777.25740512,777.44592256,788.0028992,23929812.0,999569806.65,1.0,0.628,1.0,-1.3397,-344.226918,3.573893,1.945411,-1425.04538,0.0
2024-10-18,sz.002714,774.8066784,809.87092224,769.33967264,795.35507936,777.44592256,47189356.0,1966180089.8,1.0,1.2383,1.0,2.3036,-352.15649,3.656221,1.990225,-1457.872565,0.0
2024-10-21,sz.002714,830.60784064,830.60784064,805.34650368,814.77237568,795.35507936,58005365.0,2506888594.4,1.0,1.5222,1.0,2.4413,-360.753816,3.745482,2.038813,-1493.464145,0.0
2024-10-22,sz.002714,810.624992,834.189672,807.04316064,829.09970112,814.77237568,42822628.0,1864905135.35,1.0,1.1237,1.0,1.7584,-367.097474,3.811344,2.074665,-1519.725893,0.0
2024-10-23,sz.002714,836.26336384,836.82891616,816.65755008,825.32935232,829.09970112,41112932.0,1795820818.17,1.0,1.0789,1.0,-0.4548,-365.428091,3.794012,2.06523,-1512.814907,0.0
2024-10-24,sz.002714,820.23938144,829.476736,811.37906176,813.82978848,825.32935232,22057135.0,957917918.0,1.0,0.5788,1.0,-1.3933,-360.33647,3.741149,2.036455,-1491.736398,0.0
2024-10-25,sz.002714,812.5101664,828.34563136,810.81350944,812.5101664,813.82978848,36762858.0,1595891750.9,1.0,0.9647,1.0,-0.1621,-359.752186,3.735082,2.033153,-1489.317553,0.0
2024-10-28,sz.002714,811.19054432,823.44417792,803.0842944,820.61641632,812.5101664,42015262.0,1813376261.95,1.0,1.1026,1.0,0.9977,-363.341361,3.772347,2.053437,-1504.176174,0.0
2024-10-29,sz.002714,820.80493376,821.74752096,804.21539904,811.94461408,820.61641632,35648931.0,1534390567.76,1.0,0.9355,1.0,-1.0567,-359.501778,3.732483,2.031737,-1488.280905,0.0
2024-10-30,sz.002714,822.8786256,840.03371264,808.36278272,827.5915616,811.94461408,72055888.0,3141849992.72,1.0,1.8909,1.0,1.9271,29.767435,3.368013,1.924556,97.188869,0.0
2024-10-31,sz.002714,828.15711392,832.3044976,818.54272448,822.69010816,827.5915616,49093319.0,2144887530.23,1.0,1.2883,1.0,-0.5923,29.591135,3.348065,1.913158,96.613263,0.0
2024-11-01,sz.002714,822.69010816,844.36961376,820.80493376,829.476736,822.69010816,54234187.0,2399444227.77,1.0,1.4232,1.0,0.8249,29.835242,3.375685,1.92894,97.410256,0.0
2024-11-04,sz.002714,830.60784064,833.62411968,817.2231024,830.98487552,829.476736,32980767.0,1446881826.08,1.0,0.8655,1.0,0.1818,29.889488,3.381822,1.932447,97.587366,0.0
2024-11-05,sz.002714,829.476736,839.46816032,823.63269536,839.09112544,830.98487552,53452107.0,2357083442.33,1.0,1.4027,1.0,0.9755,30.181059,3.414812,1.951298,98.539329,0.0
2024-11-06,sz.002714,835.1322592,847.19737536,829.476736,839.8451952,839.09112544,57053952.0,2532908686.4,1.0,1.4972,1.0,0.0899,30.208182,3.417881,1.953052,98.627884,0.0
2024-11-07,sz.002714,836.45188128,864.91801472,833.62411968,864.91801472,839.8451952,67608082.0,3067913125.81,1.0,1.7742,1.0,2.9854,31.11002,3.519919,2.011358,101.572331,0.0
2024-11-08,sz.002714,869.25391584,872.8357472,845.12368352,846.25478816,864.91801472,60562662.0,2739624297.83,1.0,1.5893,1.0,-2.1578,30.438727,3.443966,1.967957,99.3806,0.0
2024-11-11,sz.002714,832.11598016,842.29592192,828.72266624,841.16481728,846.25478816,43131981.0,1912907221.84,1.0,1.1319,1.0,-0.6015,30.255648,3.423251,1.95612,98.782855,0.0
2024-11-12,sz.002714,840.7877824,855.49214272,831.3619104,835.1322592,841.16481728,45742947.0,2048183396.14,1.0,1.2004,1.0,-0.7172,30.038664,3.398701,1.942092,98.074417,0.0
2024-11-13,sz.002714,830.60784064,836.45188128,820.9934512,832.49301504,835.1322592,33529597.0,1474363028.67,1.0,0.8799,1.0,-0.316,29.943734,3.38796,1.935954,97.764475,0.0
2024-11-14,sz.002714,827.78007904,835.88632896,811.5675792,812.69868384,832.49301504,33888657.0,1480018979.3,1.0,0.8893,1.0,-2.3777,29.231756,3.307404,1.889923,95.439912,0.0
2024-11-15,sz.002714,810.624992,818.1656896,793.28138752,794.41249216,812.69868384,30596422.0,1305804962.56,1.0,0.8029,1.0,-2.2501,28.574025,3.232985,1.847398,93.292459,0.0
2024-11-18,sz.002714,794.03545728,806.66612576,788.37993408,790.8306608,794.41249216,31467265.0,1328872001.7,1.0,0.8258,1.0,-0.4509,28.445191,3.218408,1.839069,92.871824,0.0
2024-11-19,sz.002714,792.15028288,800.63356768,777.63444,791.96176544,790.8306608,25327783.0,1058506301.76,1.0,0.6646,1.0,0.143,28.485875,3.223012,1.841699,93.004656,0.0
2024-11-20,sz.002714,787.81438176,794.03545728,784.60958528,792.33880032,791.96176544,19756559.0,827662266.0,1.0,0.5184,1.0,0.0476,28.499437,3.224546,1.842576,93.048933,0.0
2024-11-21,sz.002714,791.773248,800.2565328,790.07659104,798.55987584,792.33880032,22208799.0,937949936.59,1.0,0.5828,1.0,0.7852,28.723201,3.249864,1.857043,93.77951,0.0
2024-11-22,sz.002714,797.05173632,798.3713584,771.22484704,772.16743424,798.55987584,27414460.0,1139088808.25,1.0,0.7194,1.0,-3.305,27.773898,3.142456,1.795668,90.680093,0.0
2024-11-25,sz.002714,770.0937424,778.5770272,759.53676576,763.87266688,772.16743424,24233303.0,988638808.6,1.0,0.6359,1.0,-1.0742,27.475545,3.108699,1.776378,89.70599,0.0
2024-11-26,sz.002714,765.00377152,774.05260864,762.17600992,766.51191104,763.87266688,17594674.0,715765189.19,1.0,0.4617,1.0,0.3455,27.570476,3.11944,1.782516,90.015932,0.0
2024-11-27,sz.002714,763.495632,772.73298656,759.53676576,772.73298656,766.51191104,16622791.0,676742523.78,1.0,0.4362,1.0,0.8116,27.79424,3.144757,1.796983,90.746509,0.0
2024-11-28,sz.002714,772.921504,772.921504,761.79897504,763.495632,772.73298656,19080236.0,775266368.54,1.0,0.5007,1.0,-1.1954,27.461984,3.107164,1.775502,89.661713,0.0
2024-11-29,sz.002714,765.56932384,771.41336448,759.7252832,767.83153312,763.495632,24117546.0,980649147.88,1.0,0.6329,1.0,0.5679,27.617941,3.12481,1.785585,90.170903,0.0
2024-12-02,sz.002714,765.3808064,775.93778304,758.782696,772.16743424,767.83153312,26566690.0,1085091695.16,1.0,0.6972,1.0,0.5647,27.773898,3.142456,1.795668,90.680093,0.0
2024-12-03,sz.002714,770.0937424,784.2325504,767.64301568,771.60188192,772.16743424,29503918.0,1211283230.8,1.0,0.7742,1.0,-0.0732,27.753556,3.140154,1.794353,90.613677,0.0
2024-12-04,sz.002714,767.64301568,769.52819008,758.02862624,760.85638784,771.60188192,24833999.0,1005463140.85,1.0,0.6517,1.0,-1.3926,27.367054,3.096424,1.769364,89.351771,0.0
2024-12-05,sz.002714,755.9549344,764.24970176,751.05348096,762.36452736,760.85638784,25628951.0,1029836372.88,1.0,0.6725,1.0,0.1982,27.421304,3.102562,1.772871,89.528894,0.0
2024-12-06,sz.002714,759.34824832,768.208568,759.34824832,761.79897504,762.36452736,23434886.0,949272873.71,1.0,0.615,1.0,-0.0742,27.400962,3.10026,1.771556,89.462478,0.0
2024-12-09,sz.002714,760.29083552,760.47935296,742.38167872,745.5864752,761.79897504,34768362.0,1382780852.86,1.0,0.9124,1.0,-2.1282,26.817818,3.034281,1.733854,87.55855,0.0
2024-12-10,sz.002714,765.75784128,774.42964352,749.16830656,749.356824,745.5864752,47245315.0,1907810343.07,1.0,1.2398,1.0,0.5057,26.953433,3.049625,1.742622,88.001324,0.0
2024-12-11,sz.002714,749.73385888,768.208568,748.79127168,764.81525408,749.356824,32940650.0,1331620278.74,1.0,0.8644,1.0,2.0629,27.509453,3.112535,1.778571,89.816698,0.0
2024-12-12,sz.002714,766.3233936,780.08516672,760.85638784,778.76554464,764.81525408,34912493.0,1430502136.23,1.0,0.9162,1.0,1.824,28.011228,3.169308,1.811012,91.454961,0.0
2024-12-13,sz.002714,774.05260864,774.61816096,760.47935296,760.47935296,778.76554464,32357622.0,1312778876.22,1.0,0.8491,1.0,-2.3481,27.353496,3.09489,1.768487,89.307507,0.0
2024-12-16,sz.002714,760.6678704,763.87266688,748.79127168,752.75013792,760.47935296,23978067.0,959076763.31,1.0,0.6292,1.0,-1.0164,27.075486,3.063434,1.750513,88.399821,0.0
2024-12-17,sz.002714,752.75013792,758.782696,748.03720192,750.67644608,752.75013792,20308313.0,811088626.75,1.0,0.5329,1.0,-0.2755,27.000898,3.054995,1.745691,88.156295,0.0
2024-12-18,sz.002714,752.1845856,754.44679488,742.7587136,744.643888,750.67644608,23019025.0,911370047.89,1.0,0.6041,1.0,-0.8036,26.783914,3.030445,1.731662,87.447857,0.0
2024-12-19,sz.002714,739.17688224,747.66016704,732.57877184,745.20944032,744.643888,23354553.0,916371565.85,1.0,0.6129,1.0,0.0759,26.804257,3.032746,1.732977,87.514273,0.0
2024-12-20,sz.002714,744.643888,750.67644608,733.89839392,733.89839392,745.20944032,34896434.0,1374477757.97,1.0,0.9157,1.0,-1.5178,26.3849,2.985298,1.705865,86.145098,0.0
2024-12-23,sz.002714,734.08691136,742.38167872,730.50508,736.53763808,733.89839392,25569148.0,998583618.44,1.0,0.671,1.0,0.3596,26.479785,2.996034,1.711999,86.454893,0.0
2024-12-24,sz.002714,736.72615552,749.92237632,732.95580672,741.43909152,736.53763808,27136822.0,1068466600.44,1.0,0.7121,1.0,0.6655,26.656005,3.015973,1.723393,87.030242,0.0
2024-12-25,sz.002714,745.77499264,746.5290624,733.70987648,736.53763808,741.43909152,19918432.0,778688732.54,1.0,0.5227,1.0,-0.6611,26.47979,2.996035,1.712,86.454908,0.0
2024-12-26,sz.002714,736.72615552,740.68502176,732.20173696,733.70987648,736.53763808,21144810.0,824079614.48,1.0,0.5549,1.0,-0.3839,26.378127,2.984532,1.705427,86.122985,0.0
2024-12-27,sz.002714,733.89839392,749.356824,725.98066144,742.00464384,733.70987648,31005309.0,1214610715.93,1.0,0.8136,1.0,1.1305,26.676338,3.018273,1.724707,87.096626,0.0
2024-12-30,sz.002714,744.50759349,748.55069136,733.14841376,744.50759349,742.00472338,31322793.0,1211430206.65,1.0,0.822,1.0,0.3373,26.208689,2.965361,1.694472,85.56978,0.0
2024-12-31,sz.002714,741.61966644,755.67424475,739.88691021,740.07943868,744.50759349,27798047.0,1077820759.79,1.0,0.7295,1.0,-0.5948,26.052806,2.947724,1.684394,85.060831,0.0
2025-01-02,sz.002714,740.46449562,747.0104636,720.44153474,723.71451873,740.07943868,29709942.0,1133209447.59,1.0,0.7796,1.0,-2.2112,25.476716,2.882543,1.647148,83.179934,0.0
2025-01-03,sz.002714,725.44727496,733.14841376,716.2059084,718.51625004,723.71451873,24418067.0,919700249.7,1.0,0.6408,1.0,-0.7183,25.293739,2.86184,1.635318,82.582524,0.0
2025-01-06,sz.002714,722.75187638,729.87542977,717.74613616,721.78923403,718.51625004,23842709.0,895302752.08,1.0,0.6257,1.0,0.4555,25.408957,2.874876,1.642767,82.958703,0.0
2025-01-07,sz.002714,722.94440485,732.18577141,716.2059084,725.44727496,721.78923403,21210188.0,799239248.71,1.0,0.5566,1.0,0.5068,25.53773,2.889446,1.651093,83.37914,0.0
2025-01-08,sz.002714,722.36681944,729.29784436,714.47315217,717.16855075,725.44727496,24028083.0,899959632.41,1.0,0.6305,1.0,-1.1412,25.246296,2.856472,1.632251,82.427626,0.0
2025-01-09,sz.002714,727.7576166,734.88116999,713.12545288,718.1311931,717.16855075,48934489.0,1834910494.23,1.0,1.2841,1.0,0.1342,25.280184,2.860306,1.634441,82.538267,0.0
2025-01-10,sz.002714,714.85820911,715.82085146,695.99041905,696.9530614,718.1311931,40826460.0,1494123541.55,1.0,1.0714,1.0,-2.9491,24.534656,2.775954,1.586241,80.104163,0.0
2025-01-13,sz.002714,689.44445107,706.5794849,687.71169484,697.91570375,696.9530614,25238098.0,914789614.81,1.0,0.6623,1.0,0.1381,24.568543,2.779788,1.588432,80.214804,0.0
2025-01-14,sz.002714,698.49328916,713.31798135,694.06513435,713.12545288,697.91570375,34342340.0,1259618929.8,1.0,0.9012,1.0,2.1793,25.103968,2.840368,1.623049,81.962933,0.0
2025-01-15,sz.002714,709.65994042,711.39269665,696.9530614,700.22604539,713.12545288,31732001.0,1156462608.72,1.0,0.8327,1.0,-1.8089,24.649874,2.78899,1.59369,80.480343,0.0
2025-01-16,sz.002714,700.99615927,713.31798135,695.79789058,701.38121621,700.22604539,34711431.0,1269580785.81,1.0,0.9109,1.0,0.165,24.690539,2.793591,1.596319,80.613112,0.0
2025-01-17,sz.002714,701.18868774,710.4300543,695.99041905,706.38695643,701.38121621,27396415.0,1003481730.25,1.0,0.7189,1.0,0.7137,24.866754,2.813529,1.607712,81.188446,0.0
2025-01-20,sz.002714,710.4300543,721.9817625,706.96454184,716.78349381,706.38695643,36418049.0,1351625621.94,1.0,0.9557,1.0,1.4718,25.232741,2.854938,1.631374,82.38337,0.0
2025-01-21,sz.002714,720.0564778,720.24900627,706.77201337,710.4300543,716.78349381,22195324.0,819623151.04,1.0,0.5824,1.0,-0.8864,25.009083,2.829633,1.616914,81.653138,0.0
2025-01-22,sz.002714,708.88982654,708.88982654,699.07087457,703.11397244,710.4300543,21341008.0,779868037.7,1.0,0.56,1.0,-1.0298,24.751536,2.800493,1.600263,80.812266,0.0
2025-01-23,sz.002714,709.46741195,715.05073758,706.19442796,708.69729807,703.11397244,27018512.0,998096811.73,1.0,0.709,1.0,0.7941,24.948085,2.822731,1.61297,81.453984,0.0
2025-01-24,sz.002714,706.96454184,712.16281053,703.88408632,710.04499736,708.69729807,20464997.0,753329005.27,1.0,0.537,1.0,0.1902,24.995528,2.828099,1.616038,81.608882,0.0
2025-01-27,sz.002714,710.81511124,725.44727496,710.81511124,716.39843687,710.04499736,26804282.0,1001340493.55,1.0,0.7034,1.0,0.8948,25.219187,2.853405,1.630498,82.339116,0.0
2025-02-05,sz.002714,719.09383545,720.63406321,706.77201337,708.88982654,716.39843687,23284742.0,859393163.17,1.0,0.611,1.0,-1.0481,24.954863,2.823498,1.613408,81.476115,0.0
2025-02-06,sz.002714,709.08235501,709.65994042,699.26340304,708.5047696,708.88982654,27194483.0,995917817.35,1.0,0.7136,1.0,-0.0543,24.941308,2.821964,1.612532,81.431858,0.0
2025-02-07,sz.002714,705.80937102,714.85820911,699.84098845,708.88982654,708.5047696,43310795.0,1591357172.56,1.0,1.1366,1.0,0.0543,24.954863,2.823498,1.613408,81.476115,0.0
2025-02-10,sz.002714,706.96454184,708.5047696,701.38121621,704.26914326,708.88982654,32852613.0,1200884268.8,1.0,0.8621,1.0,-0.6518,24.792202,2.805094,1.602892,80.945038,0.0
2025-02-11,sz.002714,704.46167173,707.54212725,696.56800446,697.72317528,704.26914326,31359971.0,1140191301.05,1.0,0.8229,1.0,-0.9295,24.561766,2.779022,1.587994,80.192678,0.0
2025-02-12,sz.002714,695.0277767,699.26340304,689.82950801,699.07087457,697.72317528,34610751.0,1246572014.78,1.0,0.9082,1.0,0.1932,24.609209,2.784389,1.591061,80.347576,0.0
2025-02-13,sz.002714,697.14558987,740.27196715,695.99041905,735.65128387,699.07087457,108772945.0,4098649186.15,1.0,2.8544,1.0,5.2327,25.89694,2.930089,1.674317,84.551938,0.0
2025-02-14,sz.002714,727.7576166,733.14841376,720.24900627,726.02486037,735.65128387,48913936.0,1845601272.09,1.0,1.2836,1.0,-1.3086,25.558063,2.891747,1.652407,83.445527,0.0
2025-02-17,sz.002714,725.44727496,733.34094223,716.78349381,728.91278742,726.02486037,41564234.0,1563059457.87,1.0,1.0907,1.0,0.3978,25.659726,2.903249,1.65898,83.77745,0.0
2025-02-18,sz.002714,729.6829013,732.76335682,714.2806237,715.62832299,728.91278742,36163362.0,1359734479.42,1.0,0.949,1.0,-1.8225,25.192077,2.850337,1.628745,82.250603,0.0
2025-02-19,sz.002714,714.47315217,721.78923403,708.69729807,720.0564778,715.62832299,43671440.0,1621780540.29,1.0,1.146,1.0,0.6188,25.34796,2.867975,1.638823,82.759552,0.0
2025-02-20,sz.002714,719.67142086,719.67142086,710.4300543,710.81511124,720.0564778,30487063.0,1129984559.26,1.0,0.8,1.0,-1.2834,25.022638,2.831167,1.61779,81.697397,0.0
2025-02-21,sz.002714,712.355339,732.76335682,710.04499736,712.355339,710.81511124,52021573.0,1940455376.07,1.0,1.3651,1.0,0.2167,25.076859,2.837301,1.621296,81.874423,0.0
2025-02-24,sz.002714,719.47889239,728.52773048,712.93292441,716.2059084,712.355339,53492523.0,2000143785.09,1.0,1.4037,1.0,0.5405,25.212409,2.852638,1.63006,82.316987,0.0
2025-02-25,sz.002714,712.74039594,712.74039594,702.92144397,704.46167173,716.2059084,33633047.0,1233074277.43,1.0,0.8826,1.0,-1.6398,24.79898,2.805861,1.60333,80.967166,0.0
2025-02-26,sz.002714,704.6542002,709.46741195,700.41857386,709.08235501,704.46167173,29251400.0,1069654401.94,1.0,0.7676,1.0,0.6559,24.961641,2.824265,1.613847,81.498243,0.0
2025-02-27,sz.002714,708.5047696,710.23752583,698.30076069,702.92144397,709.08235501,34096566.0,1244872035.91,1.0,0.8948,1.0,-0.8689,24.74476,2.799726,1.599825,80.79014,0.0
2025-02-28,sz.002714,702.15133009,713.89556676,696.9530614,698.68581763,702.92144397,42785294.0,1567322314.46,1.0,1.1228,1.0,-0.6026,24.595654,2.782856,1.590185,80.303319,0.0
2025-03-03,sz.002714,698.68581763,713.70303829,695.22030517,706.00189949,698.68581763,43188314.0,1586158717.82,1.0,1.1333,1.0,1.0471,24.8532,2.811996,1.606836,81.144192,0.0
2025-03-04,sz.002714,706.19442796,718.32372157,698.49328916,713.70303829,706.00189949,36546477.0,1341874738.89,1.0,0.959,1.0,1.0908,25.124301,2.842669,1.624363,82.02932,0.0
2025-03-05,sz.002714,714.2806237,715.43579452,703.11397244,704.26914326,713.70303829,28675671.0,1052043572.25,1.0,0.7525,1.0,-1.3218,24.792202,2.805094,1.602892,80.945038,0.0
2025-03-06,sz.002714,706.5794849,711.39269665,700.8036308,709.46741195,704.26914326,31755910.0,1167139353.13,1.0,0.8333,1.0,0.7381,24.975196,2.825799,1.614723,81.5425,0.0
2025-03-07,sz.002714,707.54212725,717.36107922,705.03925714,710.4300543,709.46741195,37778193.0,1395578820.56,1.0,0.9914,1.0,0.1357,25.009083,2.829633,1.616914,81.653141,0.0
2025-03-10,sz.002714,721.9817625,723.71451873,711.58522512,718.32372157,710.4300543,48554197.0,1810704828.85,1.0,1.2741,1.0,1.1111,25.286962,2.861073,1.63488,82.560398,0.0
2025-03-11,sz.002714,710.62258277,734.11105611,709.65994042,733.5334707,718.32372157,69737007.0,2637006243.87,1.0,1.83,1.0,2.1174,25.822387,2.921653,1.669497,84.308527,0.0
2025-03-12,sz.002714,733.72599917,735.07369846,727.37255966,731.03060059,733.5334707,38051346.0,1445912639.49,1.0,0.9985,1.0,-0.3412,25.734279,2.911685,1.6638,84.02086,0.0
2025-03-13,sz.002714,730.64554365,735.65128387,728.91278742,732.18577141,731.03060059,33598862.0,1277747803.81,1.0,0.8817,1.0,0.158,25.774944,2.916286,1.666429,84.15363,0.0
2025-03-14,sz.002714,735.26622693,744.50759349,732.57082835,741.2346095,732.18577141,48949416.0,1880506020.95,1.0,1.2845,1.0,1.2359,26.093488,2.952327,1.687024,85.193656,0.0
2025-03-17,sz.002714,747.58804901,761.83515579,744.50759349,754.90413087,741.2346095,53219416.0,2087564857.88,1.0,1.3966,1.0,1.8442,26.574693,3.006772,1.718135,86.76476,0.0
2025-03-18,sz.002714,754.51907393,754.51907393,741.2346095,743.73747961,754.90413087,42143288.0,1629191862.02,1.0,1.1059,1.0,-1.4792,26.181596,2.962296,1.692721,85.481323,0.0
2025-03-19,sz.002714,743.1598942,746.04782125,736.99898316,745.85529278,743.73747961,30869276.0,1189734353.58,1.0,0.8101,1.0,0.2848,26.256149,2.970731,1.697541,85.724734,0.0
2025-03-20,sz.002714,752.7863177,752.7863177,736.42139775,736.61392622,745.85529278,42559901.0,1638821168.35,1.0,1.1168,1.0,-1.239,11.688522,2.943134,1.515116,-224.293035,0.0
2025-03-21,sz.002714,736.61392622,755.67424475,726.21738884,742.77483726,736.61392622,54262198.0,2082103680.81,1.0,1.4239,1.0,0.8364,11.786283,2.967749,1.527788,-226.168983,0.0
2025-03-24,sz.002714,735.4587554,738.92426786,723.13693332,736.42139775,742.77483726,30536884.0,1165570218.97,1.0,0.8013,1.0,-0.8554,11.685467,2.942364,1.51472,-224.234411,0.0
2025-03-25,sz.002714,737.19151163,743.1598942,731.03060059,743.1598942,736.42139775,30488245.0,1168050003.83,1.0,0.8001,1.0,0.915,11.792393,2.969288,1.52858,-226.28623,0.0
2025-03-26,sz.002714,743.54495114,773.9644494,741.2346095,769.53629459,743.1598942,93708369.0,3714046976.67,1.0,2.4591,1.0,3.5492,12.210931,3.074675,1.582833,-234.317632,0.0
2025-03-27,sz.002714,768.95870918,772.61675011,764.53055437,766.07078213,769.53629459,35483251.0,1414412250.83,1.0,0.9311,1.0,-0.4503,12.155941,3.060828,1.575705,-233.262411,0.0
2025-03-28,sz.002714,766.07078213,766.2633106,758.36964333,763.18285508,766.07078213,27824853.0,1100633024.68,1.0,0.7302,1.0,-0.377,12.110116,3.04929,1.569764,-232.383061,0.0
2025-03-31,sz.002714,759.71734262,768.38112377,744.31506502,745.66276431,763.18285508,35170760.0,1375551578.6,1.0,0.9229,1.0,-2.2957,11.832108,2.979288,1.533728,-227.048334,0.0
2025-04-01,sz.002714,745.27770737,759.13975721,744.31506502,746.62540666,745.66276431,30732073.0,1197449941.0,1.0,0.8065,1.0,0.1291,11.847383,2.983134,1.535708,-227.34145,0.0
2025-04-02,sz.002714,747.0104636,754.32654546,747.0104636,751.63114688,746.62540666,26366688.0,1028632600.07,1.0,0.6919,1.0,0.6704,11.926814,3.003135,1.546004,-228.865658,0.0
2025-04-03,sz.002714,745.0851789,763.76044049,745.0851789,760.29492803,751.63114688,36821985.0,1450500682.48,1.0,0.9663,1.0,1.1527,12.06429,3.037751,1.563824,-231.50371,0.0
2025-04-07,sz.002714,747.97310595,773.77192093,722.55934791,746.62540666,760.29492803,107445371.0,4187117663.28,1.0,2.8196,1.0,-1.7979,11.847383,2.983134,1.535708,-227.34145,0.0
2025-04-08,sz.002714,746.62540666,808.619574,729.87542977,796.10522345,746.62540666,134812554.0,5416628552.65,1.0,3.5377,1.0,6.6271,12.632525,3.180831,1.637481,-242.407658,0.0
2025-04-09,sz.002714,807.65693165,837.4988445,781.28053126,812.4701434,796.10522345,140982325.0,5960158637.07,1.0,3.6996,1.0,2.0556,12.892202,3.246216,1.671142,-247.390645,0.0
2025-04-10,sz.002714,789.366727,814.01037116,782.62823055,807.46440318,812.4701434,94211537.0,3938993853.11,1.0,2.4723,1.0,-0.6161,12.812771,3.226216,1.660846,-245.866437,0.0
2025-04-11,sz.002714,805.15406154,805.92417542,781.28053126,788.01902771,807.46440318,60811885.0,2494837428.64,1.0,1.5958,1.0,-2.4082,12.504214,3.148522,1.620849,-239.945476,0.0
2025-04-14,sz.002714,788.01902771,793.2172964,783.20581596,784.36098678,788.01902771,43321575.0,1768657633.34,1.0,1.1368,1.0,-0.4642,12.446168,3.133907,1.613325,-238.831632,0.0
2025-04-15,sz.002714,782.82075902,783.39834443,774.54203481,781.85811667,784.36098678,34963311.0,1414608507.43,1.0,0.9175,1.0,-0.3191,12.406453,3.123906,1.608177,-238.069528,0.0
2025-04-16,sz.002714,775.8897341,789.366727,768.1885953,785.5161576,781.85811667,49517917.0,2002334542.12,1.0,1.2994,1.0,0.4679,12.464498,3.138522,1.615701,-239.183372,0.0
2025-04-17,sz.002714,779.7403035,786.09374301,774.34950634,784.93857219,785.5161576,30616481.0,1241778021.21,1.0,0.8034,1.0,-0.0735,12.455333,3.136214,1.614513,-239.007502,0.0
2025-04-18,sz.002714,780.89547432,783.20581596,773.57939246,777.23743339,784.93857219,21271045.0,859017723.75,1.0,0.5582,1.0,-0.9811,12.333132,3.105444,1.598673,-236.662567,0.0
2025-04-21,sz.002714,775.31214869,780.31788891,771.46157929,779.7403035,777.23743339,20172909.0,813943881.57,1.0,0.5294,1.0,0.322,12.372848,3.115445,1.603821,-237.424671,0.0
2025-04-22,sz.002714,778.39260421,786.09374301,775.11962022,778.58513268,779.7403035,23851877.0,966192587.25,1.0,0.6259,1.0,-0.1481,12.354517,3.110829,1.601445,-237.072931,0.0
2025-04-23,sz.002714,779.35524656,779.35524656,764.3380259,777.23743339,778.58513268,41256824.0,1650090976.45,1.0,1.0827,1.0,-0.1731,12.333132,3.105444,1.598673,-236.662567,0.0
2025-04-24,sz.002714,773.9644494,793.2172964,773.9644494,780.12536044,777.23743339,34562425.0,1407003245.33,1.0,0.907,1.0,0.3716,12.378958,3.116983,1.604613,-237.541918,0.0
2025-04-25,sz.002714,785.5161576,790.90695476,770.30640847,770.69146541,780.12536044,29794653.0,1204558954.15,1.0,0.7819,1.0,-1.2093,8.834886,2.902923,1.480171,53.963139,0.0
2025-04-28,sz.002714,770.69146541,773.38686399,764.3380259,764.91561131,770.69146541,22724137.0,907193098.32,1.0,0.5963,1.0,-0.7494,8.768674,2.881168,1.469078,53.558719,0.0
2025-04-29,sz.002714,764.3380259,764.3380259,756.6368871,760.4874565,764.91561131,23926397.0,943735089.84,1.0,0.6279,1.0,-0.5789,8.717911,2.864488,1.460573,53.248663,0.0
2025-04-30,sz.002714,760.29492803,765.49319672,758.36964333,763.76044049,760.4874565,22581329.0,893800463.91,1.0,0.5926,1.0,0.4304,8.755431,2.876817,1.466859,53.477835,0.0
2025-05-06,sz.002714,763.95296896,768.1885953,760.67998497,764.72308284,763.76044049,26206671.0,1041261868.97,1.0,0.6877,1.0,0.126,8.766467,2.880443,1.468708,53.545238,0.0
2025-05-07,sz.002714,768.76618071,769.53629459,762.02768426,764.91561131,764.72308284,25239605.0,1003775558.5,1.0,0.6623,1.0,0.0252,8.768674,2.881168,1.469078,53.558719,0.0
2025-05-08,sz.002714,765.87825366,773.00180705,762.79779814,764.3380259,764.91561131,27452649.0,1093765800.9,1.0,0.7204,1.0,-0.0755,8.762053,2.878992,1.467968,53.518277,0.0
2025-05-09,sz.002714,764.3380259,766.64836754,758.17711486,758.94722874,764.3380259,20972498.0,828681743.79,1.0,0.5504,1.0,-0.7053,8.700255,2.858687,1.457615,53.140818,0.0
2025-05-12,sz.002714,759.52481415,759.71734262,751.63114688,755.48171628,758.94722874,25665873.0,1006720340.73,1.0,0.6735,1.0,-0.4566,8.660527,2.845634,1.450959,52.898166,0.0
2025-05-13,sz.002714,756.6368871,759.33228568,752.59378923,757.40700098,755.48171628,22314001.0,875757561.27,1.0,0.5856,1.0,0.2548,8.682598,2.852885,1.454657,53.032972,0.0
2025-05-14,sz.002714,757.40700098,770.30640847,753.74896005,769.53629459,757.40700098,34749172.0,1378563275.54,1.0,0.9119,1.0,1.6014,8.821643,2.898572,1.477952,53.882255,0.0
2025-05-15,sz.002714,765.30066825,770.88399388,764.14549743,765.10813978,769.53629459,23042142.0,918609124.69,1.0,0.6047,1.0,-0.5754,8.770881,2.881893,1.469448,53.572199,0.0
2025-05-16,sz.002714,764.3380259,766.2633106,753.74896005,755.67424475,765.10813978,21240460.0,835021311.98,1.0,0.5574,1.0,-1.233,8.662735,2.846359,1.451329,52.911646,0.0
2025-05-19,sz.002714,753.74896005,758.5621718,752.59378923,755.28918781,755.67424475,15660109.0,614820948.35,1.0,0.4109,1.0,-0.051,8.65832,2.844908,1.450589,52.884685,0.0
2025-05-20,sz.002714,755.28918781,765.10813978,752.59378923,761.45009885,755.28918781,19827965.0,782429542.62,1.0,0.5203,1.0,0.8157,8.728947,2.868114,1.462422,53.316067,0.0
2025-05-21,sz.002714,761.45009885,776.46731951,760.67998497,769.92135153,761.45009885,33754023.0,1350649283.67,1.0,0.8858,1.0,1.1125,8.826057,2.900023,1.478692,53.909216,0.0
2025-05-22,sz.002714,770.30640847,772.0391647,762.79779814,767.41848142,769.92135153,14644873.0,583231826.67,1.0,0.3843,1.0,-0.3251,8.797366,2.890595,1.473885,53.733967,0.0
2025-05-23,sz.002714,766.2633106,773.38686399,760.4874565,760.67998497,767.41848142,19329334.0,769595776.92,1.0,0.5072,1.0,-0.8781,8.720118,2.865214,1.460943,53.262144,0.0
2025-05-26,sz.002714,760.4874565,763.56791202,753.94148852,758.17711486,760.67998497,17350923.0,683323958.07,1.0,0.4553,1.0,-0.329,8.691426,2.855786,1.456136,53.086895,0.0
2025-05-27,sz.002714,756.6368871,762.79779814,746.81793513,746.81793513,758.17711486,19988114.0,782201654.06,1.0,0.5245,1.0,-1.4982,8.56121,2.813,1.43432,52.291535,0.0
2025-05-28,sz.002714,746.43287819,749.70586218,738.53921092,739.3093248,746.81793513,19706363.0,760865626.25,1.0,0.5171,1.0,-1.0054,8.475134,2.784718,1.419899,51.765789,0.0
2025-05-29,sz.002714,738.15415398,745.0851789,734.68864152,744.31506502,739.3093248,19588113.0,753319699.61,1.0,0.514,1.0,0.6771,8.532518,2.803573,1.429513,52.116287,0.0
2025-05-30,sz.002714,747.78057748,782.82075902,746.81793513,778.58513268,744.31506502,82428749.0,3304627602.45,1.0,2.1631,1.0,4.6042,8.925375,2.932656,1.495331,54.515847,0.0
2025-06-03,sz.002714,771.26905082,804.38394766,770.69146541,799.76326438,778.58513268,63680086.0,2623707151.77,1.0,1.6711,1.0,2.7201,9.168153,3.012427,1.536005,55.998721,0.0
2025-06-04,sz.002714,797.26039427,803.99889072,787.05638536,803.80636225,799.76326438,47224622.0,1953060783.3,1.0,1.2393,1.0,0.5055,9.214501,3.027655,1.54377,56.281815,0.0
2025-06-05,sz.002714,800.9184352,803.61383378,783.97592984,785.5161576,803.80636225,27288598.0,1120815343.75,1.0,0.7161,1.0,-2.2754,9.00483,2.958763,1.508643,55.001151,0.0
2025-06-06,sz.002714,789.366727,797.83797968,783.5908729,792.06212558,785.5161576,27227178.0,1120598837.79,1.0,0.7145,1.0,0.8333,9.07987,2.983419,1.521215,55.459494,0.0
2025-06-09,sz.002714,792.06212558,827.29483559,788.98167006,824.59943701,792.06212558,62232061.0,2647502375.52,1.0,1.6331,1.0,4.1079,9.452864,3.105976,1.583705,57.737728,0.0
2025-06-10,sz.002714,824.0218516,828.83506335,809.38968788,815.35807045,824.59943701,29521347.0,1253632494.38,1.0,0.7747,1.0,-1.1207,9.346925,3.071167,1.565956,57.090655,0.0
2025-06-11,sz.002714,817.86094056,858.29191926,815.35807045,854.44134986,815.35807045,76039163.0,3346929345.88,1.0,1.9954,1.0,4.7934,9.794959,3.21838,1.641019,59.827232,0.0
2025-06-12,sz.002714,847.125268,852.32353669,838.26895838,842.88964166,854.44134986,29607721.0,1296650496.35,1.0,0.777,1.0,-1.352,9.662535,3.174868,1.618833,59.018392,0.0
2025-06-13,sz.002714,839.80918614,849.0505527,830.76034805,842.88964166,842.88964166,37650374.0,1638899733.03,1.0,0.988,1.0,0.0,9.662535,3.174868,1.618833,59.018392,0.0
2025-06-16,sz.002714,839.61665767,839.61665767,826.13966477,827.10230712,842.88964166,33700801.0,1454401356.74,1.0,0.8844,1.0,-1.873,9.481556,3.115403,1.588512,57.912977,0.0
2025-06-17,sz.002714,827.872421,835.95861674,824.59943701,828.64253488,827.10230712,17807652.0,768350585.56,1.0,0.4673,1.0,0.1862,9.499213,3.121205,1.59147,58.020822,0.0
2025-06-18,sz.002714,827.48736406,833.07068969,817.09082668,818.05346903,828.64253488,19377202.0,826645431.76,1.0,0.5085,1.0,-1.2779,9.377824,3.081319,1.571133,57.279385,0.0
2025-06-19,sz.002714,819.97875373,825.9471363,807.65693165,814.3954281,818.05346903,20569690.0,871201087.79,1.0,0.5398,1.0,-0.4472,9.33589,3.067541,1.564107,57.023252,0.0
2025-06-20,sz.002714,816.12818433,822.0965669,805.34659001,805.34659001,814.3954281,28251961.0,1196303105.42,1.0,0.7414,1.0,-1.1111,9.232158,3.033457,1.546728,56.38966,0.0
2025-06-23,sz.002714,808.81210247,824.59943701,798.9931505,802.45866296,805.34659001,23626421.0,986917256.31,1.0,0.62,1.0,-0.3586,9.199052,3.022579,1.541182,56.18745,0.0
2025-06-24,sz.002714,805.73164695,812.85520034,794.75752416,805.15406154,802.45866296,24976951.0,1045018165.54,1.0,0.6554,1.0,0.3359,9.229951,3.032732,1.546359,56.37618,0.0
2025-06-25,sz.002714,804.57647613,810.35233023,796.29775192,809.19715941,805.15406154,28252576.0,1178629931.93,1.0,0.7414,1.0,0.5022,9.276299,3.047961,1.554124,56.659274,0.0
2025-06-26,sz.002714,810.75812805,824.22198144,807.24581847,815.6363358,809.19710157,26903601.0,1124225625.95,1.0,0.706,1.0,0.7958,9.225536,3.031281,1.545619,56.349218,0.0
2025-06-27,sz.002714,815.44120749,821.09992848,809.97761481,813.09966777,815.6363358,17683370.0,739571321.29,1.0,0.464,1.0,-0.311,9.196845,3.021854,1.540812,56.17397,0.0
2025-06-30,sz.002714,815.83146411,823.63659651,811.34351298,819.73403031,813.09966777,20327341.0,851060321.95,1.0,0.5334,1.0,0.8159,9.271885,3.04651,1.553384,56.632312,0.0
2025-07-01,sz.002714,819.92915862,825.3927513,812.90453946,819.34377369,819.73403031,18509377.0,776784111.53,1.0,0.4857,1.0,-0.0476,9.267471,3.04506,1.552645,56.605351,0.0
2025-07-02,sz.002714,819.538902,831.83198553,817.5876189,830.66121567,819.34377369,32766854.0,1385865143.88,1.0,0.8599,1.0,1.3813,9.39548,3.087121,1.574091,57.38723,0.0
2025-07-03,sz.002714,835.34429511,850.36917498,827.3440344,846.46660878,830.66121567,41001223.0,1768292764.69,1.0,1.076,1.0,1.9027,9.574253,3.145861,1.604042,58.479165,0.0
2025-07-04,sz.002714,842.56404258,855.63763935,838.46634807,853.29609963,846.46660878,33184159.0,1445047077.62,1.0,0.8708,1.0,0.8068,9.6515,3.171242,1.616984,58.950988,0.0
2025-07-07,sz.002714,850.7594316,855.63763935,844.12506906,847.63737864,853.29609963,20208028.0,880343021.51,1.0,0.5303,1.0,-0.6632,9.587495,3.150212,1.606261,58.560049,0.0
2025-07-08,sz.002714,847.83250695,855.44251104,838.85660469,852.12532977,847.63737864,31998554.0,1388832867.86,1.0,0.8397,1.0,0.5295,9.638258,3.166891,1.614765,58.870104,0.0
2025-07-09,sz.002714,851.73507315,889.7850936,851.34481653,880.0286781,852.12532977,68798779.0,3097354095.86,1.0,1.8055,1.0,3.2746,9.953868,3.270593,1.667642,60.797841,0.0
2025-07-10,sz.002714,897.590226,897.98048262,872.2235457,884.12637261,880.0286781,60399954.0,2735934115.85,1.0,1.5851,1.0,0.4656,10.000217,3.285822,1.675407,61.080935,0.0
2025-07-11,sz.002714,894.85842966,914.37126066,887.44355388,891.54124839,884.12637261,49602135.0,2284530079.84,1.0,1.3017,1.0,0.8387,10.084085,3.313379,1.689458,61.593201,0.0
2025-07-14,sz.002714,891.7363767,896.61458445,882.95560275,888.02893881,891.54124839,34033733.0,1551127282.51,1.0,0.8931,1.0,-0.394,10.044358,3.300326,1.682802,61.350548,0.0
2025-07-15,sz.002714,890.37047853,892.90714656,872.2235457,875.93098359,888.02893881,37813134.0,1705195662.81,1.0,0.9923,1.0,-1.3623,9.90752,3.255364,1.659877,60.514747,0.0
2025-07-16,sz.002714,873.78457218,881.58970458,867.93072288,880.80919134,875.93098359,27443601.0,1230783565.28,1.0,0.7202,1.0,0.5569,9.962696,3.273494,1.669121,60.851763,0.0
2025-07-17,sz.002714,880.80919134,901.88304882,880.80919134,883.54098768,880.80919134,24165661.0,1099343102.29,1.0,0.6342,1.0,0.3101,9.993595,3.283646,1.674298,61.040493,0.0
2025-07-18,sz.002714,884.51662923,907.54176981,882.56534613,898.37073924,883.54098768,33523290.0,1543184128.15,1.0,0.8797,1.0,1.6784,10.161332,3.338761,1.7024,62.065024,0.0
2025-07-21,sz.002714,900.90740727,926.8594725,900.12689403,923.54229123,898.37073924,52633820.0,2469501783.01,1.0,1.3813,1.0,2.8019,10.446044,3.43231,1.750099,63.804031,0.0
2025-07-22,sz.002714,922.56664968,946.17717519,917.49331362,944.81127702,923.54229123,49976235.0,2392338405.83,1.0,1.3115,1.0,2.303,10.686614,3.511355,1.790404,65.273425,0.0
2025-07-23,sz.002714,967.44616098,977.20257648,950.46999801,957.88487379,944.81127702,80808810.0,3978845458.37,1.0,2.1206,1.0,1.3837,10.834488,3.559943,1.815178,66.17663,0.0
2025-07-24,sz.002714,946.3723035,947.73820167,935.05486152,941.88435237,957.88487379,44909168.0,2164956560.88,1.0,1.1785,1.0,-1.6704,10.653508,3.500477,1.784857,65.071215,0.0
2025-07-25,sz.002714,943.05512223,960.0312852,942.27460899,947.93332998,941.88435237,40359799.0,1963176553.25,1.0,1.0591,1.0,0.6422,10.721927,3.522958,1.79632,65.489115,0.0
2025-07-28,sz.002714,944.4210204,956.128719,937.59152955,943.25025054,947.93332998,35214330.0,1705176993.88,1.0,0.9241,1.0,-0.494,10.668958,3.505554,1.787446,65.165579,0.0
2025-07-29,sz.002714,938.5671711,942.85999392,919.0543401,922.56664968,943.25025054,43622032.0,2068463634.64,1.0,1.1448,1.0,-2.1928,10.435009,3.428684,1.748251,63.736628,0.0
2025-07-30,sz.002714,922.56664968,942.4697373,914.95664559,922.37152137,922.56664968,41754116.0,1983188376.18,1.0,1.0957,1.0,-0.0212,10.432802,3.427959,1.747881,63.723147,0.0
2025-07-31,sz.002714,912.81023418,916.90792869,899.5415091,904.61484516,922.37152137,39540983.0,1839261779.63,1.0,1.0377,1.0,-1.9251,10.231959,3.361967,1.714232,62.496406,0.0
2025-08-01,sz.002714,905.59048671,909.10279629,891.7363767,893.88278811,904.61484516,29846989.0,1376368369.05,1.0,0.7833,1.0,-1.1864,10.11057,3.322081,1.693895,61.754969,0.0
2025-08-04,sz.002714,893.6876598,900.90740727,890.56560684,895.83407121,893.88278811,22682436.0,1041612800.55,1.0,0.5952,1.0,0.2183,10.132641,3.329333,1.697593,61.889775,0.0
2025-08-05,sz.002714,901.29766389,906.37099995,895.24868628,902.66356206,895.83407121,26578739.0,1229395510.47,1.0,0.6975,1.0,0.7624,10.209891,3.354716,1.710535,62.361618,0.0
2025-08-06,sz.002714,902.27330544,919.0543401,899.5415091,912.61510587,902.66356206,31199504.0,1455030339.55,1.0,0.8188,1.0,1.1025,10.322451,3.3917,1.729393,63.049132,0.0
2025-08-07,sz.002714,912.81023418,924.32280447,904.02946023,910.66382277,912.61510587,21322460.0,995846638.56,1.0,0.5596,1.0,-0.2138,10.300381,3.384448,1.725695,62.914326,0.0
2025-08-08,sz.002714,914.95664559,924.71306109,909.2979246,916.12741545,910.66382277,25851675.0,1214658754.36,1.0,0.6784,1.0,0.6,10.362179,3.404754,1.736049,63.291784,0.0
2025-08-11,sz.002714,921.39587982,921.39587982,903.4440753,912.22484925,916.12741545,26552387.0,1240327590.78,1.0,0.6968,1.0,-0.426,10.318037,3.39025,1.728654,63.022171,0.0
2025-08-12,sz.002714,912.22484925,921.98126475,911.2492077,917.49331362,912.22484925,23440999.0,1102111390.95,1.0,0.6152,1.0,0.5775,10.377628,3.40983,1.738637,63.386149,0.0
2025-08-13,sz.002714,918.46895517,924.51793278,901.4927922,914.95664559,917.49331362,32375959.0,1510311102.43,1.0,0.8496,1.0,-0.2765,10.348936,3.400403,1.73383,63.2109,0.0
2025-08-14,sz.002714,911.44433601,922.17639306,905.78561502,906.76125657,914.95664559,26490589.0,1240066360.5,1.0,0.6952,1.0,-0.8957,10.256239,3.369945,1.7183,62.644712,0.0
2025-08-15,sz.002714,902.85869037,907.93202643,892.90714656,898.95612417,906.76125657,39907663.0,1839459948.25,1.0,1.0473,1.0,-0.8608,10.167957,3.340937,1.70351,62.105485,0.0
2025-08-18,sz.002714,898.95612417,904.02946023,891.93150501,904.02946023,898.95612417,38658011.0,1779679123.58,1.0,1.0145,1.0,0.5644,10.22534,3.359792,1.713123,62.455982,0.0
2025-08-19,sz.002714,905.00510178,924.51793278,904.61484516,911.44433601,904.02946023,38348433.0,1798218096.91,1.0,1.0064,1.0,0.8202,10.309209,3.387349,1.727174,62.968248,0.0
2025-08-20,sz.002714,915.1517739,929.98152546,902.27330544,926.8594725,911.44433601,40971245.0,1930273582.78,1.0,1.0752,1.0,1.6913,10.483567,3.444639,1.756386,64.033222,0.0
2025-08-21,sz.002714,968.42180253,1009.98413256,943.64050716,979.73924451,926.8594725,115120911.0,5763666205.42,1.0,3.0211,1.0,5.7053,9.944364,3.542595,1.741015,150.044115,0.0
2025-08-22,sz.002714,985.00770888,990.08104494,967.44616098,982.47104085,979.73924451,56957170.0,2852098769.38,1.0,1.4947,1.0,0.2788,9.972092,3.552473,1.74587,150.462481,0.0
2025-08-25,sz.002714,982.86129747,1003.93515495,977.5928331,1002.56925678,982.47104085,60264648.0,3062052407.09,1.0,1.5815,1.0,2.0457,10.176089,3.625145,1.781585,153.540462,0.0
2025-08-26,sz.002714,1000.81310199,1097.20648713,993.39822621,1074.37647486,1002.56925678,114327903.0,6213958331.98,1.0,3.0003,1.0,7.1623,10.904933,3.884789,1.909187,164.537521,0.0
2025-08-27,sz.002714,1067.3518557,1092.52340769,1061.88826302,1063.4492895,1074.37647486,65769715.0,3620935996.45,1.0,1.726,1.0,-1.0171,10.794022,3.845278,1.889769,162.864056,0.0
2025-08-28,sz.002714,1059.5467233,1069.3031388,1043.9364585,1063.4492895,1063.4492895,57073146.0,3088030914.31,1.0,1.4977,1.0,0.0,10.794022,3.845278,1.889769,162.864056,0.0
2025-08-29,sz.002714,1063.4492895,1082.9621205,1059.5467233,1072.42519176,1063.4492895,40805017.0,2239599637.24,1.0,1.0708,1.0,0.844,10.885127,3.877734,1.90572,164.238688,0.0
2025-09-01,sz.002714,1077.69365613,1082.57186388,1053.30261738,1069.3031388,1072.42519176,40504726.0,2212184540.95,1.0,1.063,1.0,-0.2911,10.853439,3.866445,1.900172,163.760555,0.0
2025-09-02,sz.002714,1064.42493105,1101.49930995,1063.4492895,1068.32749725,1069.3031388,56515914.0,3136069948.52,1.0,1.4831,1.0,-0.0912,10.843536,3.862917,1.898438,163.611139,0.0
2025-09-03,sz.002714,1068.32749725,1089.79161135,1045.8877416,1050.57082104,1068.32749725,35867073.0,1944934808.84,1.0,0.9412,1.0,-1.6621,10.663305,3.798712,1.866884,160.891757,0.0
2025-09-04,sz.002714,1050.76594935,1056.42467034,1015.64285355,1030.86286173,1050.57082104,48217920.0,2549417717.13,1.0,1.2654,1.0,-1.8759,10.463269,3.727451,1.831863,157.873543,0.0
2025-09-05,sz.002714,1032.03363159,1047.8390247,1015.05746862,1047.8390247,1030.86286173,32301296.0,1711214212.98,1.0,0.8477,1.0,1.6468,10.635578,3.788834,1.86203,160.473391,0.0
2025-09-08,sz.002714,1063.4492895,1098.5723853,1063.4492895,1085.88904515,1047.8390247,57340990.0,3188024926.22,1.0,1.5048,1.0,3.6313,11.021786,3.926417,1.929645,166.300637,0.0
2025-09-09,sz.002714,1085.69391684,1090.18186797,1056.22954203,1065.01031598,1085.88904515,45024446.0,2476388792.72,1.0,1.1816,1.0,-1.9227,10.809866,3.850923,1.892543,163.103122,0.0
2025-09-10,sz.002714,1057.5954402,1072.42519176,1036.52158272,1061.4980064,1065.01031598,34254175.0,1851947132.28,1.0,0.8989,1.0,-0.3298,10.774216,3.838223,1.886302,162.565223,0.0
2025-09-11,sz.002714,1072.23006345,1141.30548519,1071.83980683,1121.01214095,1061.4980064,93201834.0,5359035949.84,1.0,2.4459,1.0,5.6066,11.378286,4.053417,1.99206,171.679633,0.0
2025-09-12,sz.002714,1120.0364994,1140.72010026,1114.1826501,1122.76829574,1121.01214095,56295244.0,3250664548.59,1.0,1.4773,1.0,0.1567,11.396111,4.059767,1.99518,171.948583,0.0
2025-09-15,sz.002714,1121.9877825,1164.52575408,1114.76803503,1146.76907787,1122.76829574,69812273.0,4100408986.31,1.0,1.8321,1.0,2.1376,11.639719,4.146551,2.03783,175.62423,0.0
2025-09-16,sz.002714,1147.3544628,1148.52523266,1098.96264192,1119.06085785,1146.76907787,63067730.0,3609801694.99,1.0,1.6551,1.0,-2.4162,11.35848,4.046362,1.988592,171.3808,0.0
2025-09-17,sz.002714,1119.25598616,1123.54880898,1085.10853191,1096.42597389,1119.06085785,54702873.0,3075589379.42,1.0,1.4355,1.0,-2.0227,11.128736,3.964517,1.94837,167.914336,0.0
2025-09-18,sz.002714,1096.6211022,1102.4749515,1058.57108175,1068.32749725,1096.42597389,50084380.0,2771898584.38,1.0,1.3143,1.0,-2.5627,10.843536,3.862917,1.898438,163.611139,0.0
2025-09-19,sz.002714,1059.5467233,1072.23006345,1048.42440963,1061.10774978,1068.32749725,44078688.0,2392336910.28,1.0,1.1567,1.0,-0.6758,10.770255,3.836812,1.885609,162.505456,0.0
2025-09-22,sz.002714,1050.57082104,1050.57082104,1025.39926905,1045.10722836,1061.10774978,41808555.0,2219200340.78,1.0,1.0972,1.0,-1.5079,10.60785,3.778956,1.857175,160.055024,0.0
2025-09-23,sz.002714,1036.1313261,1058.57108175,1028.71645032,1038.47286582,1045.10722836,39244643.0,2090627899.98,1.0,1.0299,1.0,-0.6348,10.540511,3.754967,1.845386,159.038992,0.0
2025-09-24,sz.002714,1036.1313261,1058.57108175,1030.47260511,1052.91236076,1038.47286582,37008852.0,1981926989.44,1.0,0.9712,1.0,1.3905,10.687072,3.807178,1.871045,161.250357,0.0
2025-09-25,sz.002714,1053.10748907,1057.5954402,1022.08208778,1031.05799004,1052.91236076,41027399.0,2170047496.87,1.0,1.0767,1.0,-2.0756,10.46525,3.728156,1.83221,157.903426,0.0
2025-09-26,sz.002714,1028.91157863,1039.05825075,1020.5210613,1023.83824257,1031.05799004,35013880.0,1850912040.37,1.0,0.9189,1.0,-0.7002,10.391969,3.702051,1.81938,156.797743,0.0
2025-09-29,sz.002714,1010.7646458,1037.10696765,996.52027917,1034.180043,1023.83824257,49505526.0,2577664659.89,1.0,1.2992,1.0,1.0101,10.496939,3.739445,1.837757,158.381559,0.0
2025-09-30,sz.002714,1031.83850328,1040.81440554,1013.88669876,1034.180043,1034.180043,39590406.0,2088295989.81,1.0,1.039,1.0,0.0,10.496939,3.739445,1.837757,158.381559,0.0
2025-10-09,sz.002714,1013.49644214,1032.2287599,987.3492486,1031.25311835,1034.180043,62696236.0,3247997689.89,1.0,1.6453,1.0,-0.283,10.46723,3.728862,1.832556,157.933309,0.0
2025-10-10,sz.002714,1029.69209187,1055.44902879,1021.30157454,1038.47286582,1031.25311835,54987291.0,2929512306.54,1.0,1.443,1.0,0.7001,10.540513,3.754968,1.845386,159.039021,0.0
2025-10-13,sz.002714,1019.93567637,1057.20518358,1019.93567637,1036.1313261,1038.47286582,51517607.0,2732369415.06,1.0,1.352,1.0,-0.2255,10.516746,3.746501,1.841225,158.680422,0.0
2025-10-14,sz.002714,1038.0826092,1061.4980064,1031.83850328,1047.8390247,1036.1313261,58971789.0,3168934287.66,1.0,1.5476,1.0,1.1299,10.63558,3.788835,1.86203,160.473421,0.0
2025-10-15,sz.002714,1046.08286991,1053.692874,1025.00901243,1039.44850737,1047.8390247,35168456.0,1871493154.69,1.0,0.9229,1.0,-0.8007,10.550416,3.758496,1.84712,159.188438,0.0
2025-10-16,sz.002714,1046.00101536,1046.19957288,1019.19575016,1019.19575016,1039.4486172,31718515.0,1647098961.66,1.0,0.8324,1.0,-1.9484,10.166188,3.621618,1.779851,153.391074,0.0
2025-10-17,sz.002714,1014.6289272,1022.17411296,1000.33278576,1005.09816624,1019.19575016,32161387.0,1635658058.94,1.0,0.844,1.0,-1.3832,10.025569,3.571523,1.755232,151.269359,0.0
2025-10-20,sz.002714,1004.7010512,1008.6722016,977.30011344,982.46260896,1005.09816624,39460165.0,1968849043.56,1.0,1.0355,1.0,-2.2521,9.799785,3.49109,1.715703,147.86266,0.0
2025-10-21,sz.002714,982.46260896,993.18471504,976.50588336,982.06549392,982.46260896,30627749.0,1517816850.24,1.0,0.8038,1.0,-0.0404,9.795824,3.489679,1.715009,147.802894,0.0
2025-10-22,sz.002714,982.06549392,988.41933456,962.40829944,966.9751224,982.06549392,36451906.0,1785669848.97,1.0,0.9566,1.0,-1.5366,9.645302,3.436057,1.688657,145.531761,0.0
2025-10-23,sz.002714,968.16646752,975.31453824,956.65013136,967.17367992,966.9751224,21465576.0,1044344009.96,1.0,0.5633,1.0,0.0205,9.647283,3.436762,1.689003,145.561645,0.0
2025-10-24,sz.002714,973.32896304,985.63952928,962.0111844,970.15204272,967.17367992,29528258.0,1444493490.65,1.0,0.7749,1.0,0.3079,9.676991,3.447346,1.694205,146.009895,0.0
2025-10-27,sz.002714,970.54915776,1004.50249368,964.9895472,997.751538,970.15204272,44921961.0,2240376937.96,1.0,1.1789,1.0,2.8449,9.952288,3.545418,1.742402,150.163676,0.0
2025-10-28,sz.002714,997.55298048,1012.24623696,992.7876,1001.12701584,997.751538,27267336.0,1376841720.53,1.0,0.7156,1.0,0.3383,9.985958,3.557412,1.748297,150.671692,0.0
2025-10-29,sz.002714,995.36884776,1010.85633432,994.57461768,1000.7299008,1001.12701584,21661875.0,1091607698.15,1.0,0.5685,1.0,-0.0397,9.981996,3.556001,1.747604,150.611926,0.0
2025-10-30,sz.002714,1002.715476,1003.7082636,981.07270632,986.43375936,1000.7299008,29675196.0,1478651026.57,1.0,0.7788,1.0,-1.4286,9.839397,3.505201,1.722638,148.460327,0.0
2025-10-31,sz.002714,993.18471504,1026.14526336,993.18471504,998.7443256,986.43375936,44199841.0,2245630883.04,1.0,1.1599,1.0,1.248,12.389025,3.62249,1.796379,180.346912,0.0
2025-11-03,sz.002714,999.7371132,1031.30775888,999.7371132,1016.41594488,998.7443256,49345356.0,2527457058.12,1.0,1.295,1.0,1.7694,12.608234,3.686585,1.828164,183.537941,0.0
2025-11-04,sz.002714,1012.643352,1014.82748472,979.8813612,982.859724,1016.41594488,42011412.0,2096385080.04,1.0,1.1025,1.0,-3.3014,12.191983,3.564875,1.767809,177.478572,0.0
2025-11-05,sz.002714,973.9246356,990.40490976,968.36502504,981.46982136,982.859724,24137829.0,1192756478.9,1.0,0.6334,1.0,-0.1414,12.174741,3.559834,1.765309,177.227592,0.0
2025-11-06,sz.002714,977.10155592,992.7876,972.33617544,977.895786,981.46982136,29438529.0,1455791667.92,1.0,0.7725,1.0,-0.3642,12.130407,3.546871,1.75888,176.582215,0.0
2025-11-07,sz.002714,979.08713112,998.54576808,975.71165328,987.02943192,977.895786,28554161.0,1422908494.11,1.0,0.7493,1.0,0.934,12.243706,3.579999,1.775309,178.231511,0.0
2025-11-10,sz.002714,1000.13422824,1028.5279536,983.05828152,1025.94670584,987.02943192,54980316.0,2808041634.73,1.0,1.4428,1.0,3.9429,12.726459,3.721154,1.845307,185.258946,0.0
2025-11-11,sz.002714,1025.5495908,1025.5495908,1001.92124592,1004.30393616,1025.94670584,37340427.0,1897813606.92,1.0,0.9799,1.0,-2.1095,12.45799,3.642655,1.806379,181.350832,0.0
2025-11-12,sz.002714,1000.92845832,1009.46643168,990.40490976,995.56740528,1004.30393616,24490691.0,1232610039.43,1.0,0.6427,1.0,-0.8699,12.349616,3.610967,1.790665,179.773244,0.0
2025-11-13,sz.002714,994.7731752,1006.28951136,985.8380868,1004.10537864,995.56740528,28544502.0,1431070011.25,1.0,0.7491,1.0,0.8576,12.455527,3.641934,1.806022,181.314977,0.0
2025-11-14,sz.002714,996.36163536,1007.28229896,990.20635224,990.20635224,1004.10537864,24878685.0,1248191035.47,1.0,0.6529,1.0,-1.3842,12.283115,3.591522,1.781023,178.805179,0.0
2025-11-17,sz.002714,984.8452992,985.8380868,945.72946776,962.20974192,990.20635224,44517500.0,2152111373.34,1.0,1.1683,1.0,-2.8274,11.935828,3.489977,1.730667,173.749729,0.0
2025-11-18,sz.002714,953.076096,971.9390604,952.28186592,964.9895472,962.20974192,21946017.0,1067274666.49,1.0,0.5759,1.0,0.2889,11.97031,3.50006,1.735667,174.251689,0.0
2025-11-19,sz.002714,964.9895472,967.37223744,954.46599864,962.0111844,964.9895472,15878137.0,768695743.31,1.0,0.4167,1.0,-0.3086,11.933365,3.489257,1.73031,173.713875,0.0
2025-11-20,sz.002714,962.0111844,970.9462728,955.26022872,957.44436144,962.0111844,16998656.0,823539141.12,1.0,0.4461,1.0,-0.4747,11.876715,3.472693,1.722096,172.889227,0.0
2025-11-21,sz.002714,953.076096,972.33617544,949.89917568,950.89196328,957.44436144,30323444.0,1463907260.29,1.0,0.7958,1.0,-0.6844,11.795435,3.448927,1.71031,171.706037,0.0
2025-11-24,sz.002714,979.68280368,1008.87075912,972.33617544,982.06549392,950.89196328,48848543.0,2429511913.97,1.0,1.2819,1.0,3.2783,12.182131,3.561995,1.76638,177.335155,0.0
2025-11-25,sz.002714,977.10155592,1004.7010512,967.17367992,989.41212216,982.06549392,43328370.0,2166308782.43,1.0,1.137,1.0,0.7481,12.273263,3.588641,1.779594,178.661762,0.0
2025-11-26,sz.002714,992.7876,1010.26066176,983.25683904,984.8452992,989.41212216,24838855.0,1242430794.14,1.0,0.6518,1.0,-0.4616,12.216613,3.572077,1.77138,177.837115,0.0
2025-11-27,sz.002714,987.02943192,1002.715476,976.9029984,990.8020248,984.8452992,22994301.0,1149734028.52,1.0,0.6034,1.0,0.6048,12.290504,3.593683,1.782094,178.912742,0.0
2025-11-28,sz.002714,992.98615752,1008.6722016,988.41933456,1007.679414,990.8020248,28042473.0,1416516101.31,1.0,0.7359,1.0,1.7034,12.499861,3.654898,1.81245,181.960354,0.0
2025-12-01,sz.002714,1011.84912192,1012.24623696,980.27847624,986.8308744,1007.679414,37088106.0,1847549212.71,1.0,0.9733,1.0,-2.069,12.241243,3.579279,1.774951,178.195657,0.0
2025-12-02,sz.002714,983.8525116,989.21356464,974.12319312,975.51309576,986.8308744,17582863.0,868342705.55,1.0,0.4614,1.0,-1.1469,12.100851,3.538229,1.754595,176.151964,0.0
2025-12-03,sz.002714,972.931848,978.69001608,965.78377728,968.9606976,975.51309576,19142099.0,936243093.47,1.0,0.5023,1.0,-0.6717,12.019571,3.514463,1.742809,174.968774,0.0
2025-12-04,sz.002714,966.9751224,979.68280368,966.9751224,972.13761792,968.9606976,15039396.0,738538742.54,1.0,0.3947,1.0,0.3279,12.058979,3.525986,1.748524,175.542442,0.0
2025-12-05,sz.002714,970.35060024,978.69001608,965.38666224,969.55637016,972.13761792,17687098.0,864592480.33,1.0,0.4642,1.0,-0.2655,12.02696,3.516624,1.743881,175.076337,0.0
2025-12-08,sz.002714,968.36502504,970.54915776,955.0616712,960.62128176,969.55637016,27116427.0,1310126882.41,1.0,0.7116,1.0,-0.9216,11.916124,3.484216,1.72781,173.462895,0.0
2025-12-09,sz.002714,962.60685696,975.11598072,950.69340576,953.076096,960.62128176,27302781.0,1317115433.01,1.0,0.7165,1.0,-0.7854,11.822529,3.456849,1.714239,172.100433,0.0
2025-12-10,sz.002714,949.1049456,954.46599864,940.1698572,952.87753848,953.076096,19169542.0,916715188.24,1.0,0.5031,1.0,-0.0208,11.820066,3.456129,1.713882,172.064579,0.0
2025-12-11,sz.002714,950.69340576,951.0905208,930.83765376,939.97129968,952.87753848,35034924.0,1656692088.84,1.0,0.9194,1.0,-1.3544,11.659969,3.409317,1.690668,169.734052,0.0
2025-12-12,sz.002714,940.1698572,972.13761792,935.60303424,968.56358256,939.97129968,42584551.0,2058970904.65,1.0,1.1175,1.0,3.0418,12.014645,3.513023,1.742095,174.897069,0.0
2025-12-15,sz.002714,967.96791,990.8020248,965.38666224,977.895786,968.56358256,29471049.0,1457974720.33,1.0,0.7734,1.0,0.9635,12.130407,3.546871,1.758881,176.582219,0.0
2025-12-16,sz.002714,978.09434352,984.64674168,968.16646752,974.12319312,977.895786,17109785.0,839063704.79,1.0,0.449,1.0,-0.3858,12.08361,3.533188,1.752095,175.900988,0.0
2025-12-17,sz.002714,987.823662,990.40490976,959.0328216,984.64674168,974.12319312,27264277.0,1342167426.83,1.0,0.7155,1.0,1.0803,12.21415,3.571357,1.771023,177.801264,0.0
2025-12-18,sz.002714,976.50588336,995.56740528,972.73329048,982.46260896,984.64674168,22506863.0,1117033287.88,1.0,0.5906,1.0,-0.2218,12.187057,3.563435,1.767095,177.406867,0.0
2025-12-19,sz.002714,980.8741488,996.7587504,973.9246356,976.70444088,982.46260896,36131067.0,1798701209.97,1.0,0.9482,1.0,-0.5861,12.115629,3.54255,1.756738,176.367094,0.0
2025-12-22,sz.002714,982.859724,990.00779472,967.37223744,984.64674168,976.70444088,35988887.0,1771196021.97,1.0,0.9444,1.0,0.8132,12.21415,3.571357,1.771023,177.801264,0.0
2025-12-23,sz.002714,983.8525116,988.8164496,977.30011344,979.68280368,984.64674168,19714986.0,975466909.28,1.0,0.5174,1.0,-0.5041,12.152574,3.553353,1.762095,176.904907,0.0
2025-12-24,sz.002714,976.30732584,978.29290104,945.1337952,955.45878624,979.68280368,42107310.0,2024096242.97,1.0,1.105,1.0,-2.4726,11.852085,3.465491,1.718524,172.530688,0.0
2025-12-25,sz.002714,951.0905208,955.26022872,947.51648544,952.0833084,955.45878624,24053201.0,1151219273.95,1.0,0.6312,1.0,-0.3533,11.810214,3.453248,1.712453,171.921166,0.0
2025-12-26,sz.002714,949.1049456,954.66455616,944.93523768,952.0833084,952.0833084,23195924.0,1109880959.15,1.0,0.6087,1.0,0.0,11.810214,3.453248,1.712453,171.921166,0.0
2025-12-29,sz.002714,955.0616712,1004.50249368,955.0616712,990.8020248,952.0833084,67166231.0,3339037738.66,1.0,1.7626,1.0,4.0667,12.290504,3.593683,1.782094,178.912746,0.0
2025-12-30,sz.002714,992.7876,1019.5928652,991.39769736,1010.45921928,990.8020248,46030861.0,2340281645.15,1.0,1.208,1.0,1.984,12.534344,3.66498,1.81745,182.462317,0.0
2025-12-31,sz.002714,1002.715476,1008.07652904,993.18471504,1004.30393616,1010.45921928,26662980.0,1342276139.2,1.0,0.6997,1.0,-0.6092,12.45799,3.642655,1.806379,181.350835,0.0
2026-01-05,sz.002714,1004.7010512,1007.08374144,988.41933456,994.7731752,1004.30393616,29938518.0,1499133589.69,1.0,0.786,1.0,-0.949,12.339765,3.608086,1.789237,179.629831,0.0
2026-01-06,sz.002714,989.41212216,1021.5784404,982.66116648,1020.18853776,994.7731752,43576227.0,2207428595.23,1.0,1.1441,1.0,2.5549,12.655032,3.700269,1.83495,184.219176,0.0
2026-01-07,sz.002714,1016.41594488,1029.5207412,1006.28951136,1008.6722016,1020.18853776,35848353.0,1835579416.08,1.0,0.9412,1.0,-1.1288,12.512176,3.658499,1.814236,182.13963,0.0
2026-01-08,sz.002714,1018.20296256,1018.99719264,993.97894512,995.96452032,1008.6722016,25923948.0,1308244520.15,1.0,0.6806,1.0,-1.2598,12.354543,3.612407,1.79138,179.844957,0.0
2026-01-09,sz.002714,994.7731752,1003.11259104,984.44818416,988.02221952,995.96452032,34581700.0,1724805909.09,1.0,0.9079,1.0,-0.7974,12.256022,3.5836,1.777094,178.410787,0.0
2026-01-12,sz.002714,988.02221952,988.61789208,968.9606976,979.8813612,988.02221952,35757479.0,1760330349.17,1.0,0.9388,1.0,-0.824,12.155038,3.554073,1.762452,176.940763,0.0
2026-01-13,sz.002714,981.8669364,983.25683904,955.0616712,956.65013136,979.8813612,49896353.0,2432129615.71,1.0,1.31,1.0,-2.3708,11.866863,3.469812,1.720667,172.745814,0.0
2026-01-14,sz.002714,956.84868888,966.77656488,951.0905208,961.0183968,956.65013136,42783083.0,2066927661.32,1.0,1.1233,1.0,0.4566,11.92105,3.485656,1.728524,173.534608,0.0
2026-01-15,sz.002714,962.60685696,967.57079496,956.65013136,959.0328216,961.0183968,35899731.0,1738850786.91,1.0,0.9425,1.0,-0.2066,11.89642,3.478454,1.724953,173.176065,0.0
2026-01-16,sz.002714,959.23137912,961.21695432,935.60303424,939.77274216,959.0328216,57598199.0,2742952274.37,1.0,1.5122,1.0,-2.0083,11.657506,3.408597,1.690311,169.698202,0.0
2026-01-19,sz.002714,939.77274216,948.31071552,933.220344,936.79437936,939.77274216,37402663.0,1770150064.85,1.0,0.982,1.0,-0.3169,11.620561,3.397794,1.684954,169.160389,0.0
2026-01-20,sz.002714,937.78716696,941.36120232,928.256406,930.04342368,936.79437936,39677417.0,1864526967.65,1.0,1.0417,1.0,-0.7206,11.536818,3.373308,1.672811,167.941344,0.0
2026-01-21,sz.002714,930.83765376,932.42611392,915.74728224,918.72564504,930.04342368,45589060.0,2120707871.43,1.0,1.1969,1.0,-1.2169,11.396425,3.332258,1.652455,165.897651,0.0
2026-01-22,sz.002714,917.93141496,924.2852556,903.23815848,905.81940624,918.72564504,50343402.0,2303499733.76,1.0,1.3218,1.0,-1.4048,11.236329,3.285447,1.629241,163.567124,0.0
2026-01-23,sz.002714,905.81940624,913.56314952,902.4439284,913.56314952,905.81940624,44381570.0,2029289756.92,1.0,1.1652,1.0,0.8549,11.332387,3.313534,1.643169,164.96544,0.0
2026-01-26,sz.002714,913.364592,930.83765376,903.83383104,923.49102552,913.56314952,59143036.0,2736721028.19,1.0,1.5528,1.0,1.0867,11.455538,3.349543,1.661026,166.758153,0.0
2026-01-27,sz.002714,923.49102552,923.68958304,893.50884,894.10451256,923.49102552,58339881.0,2644550477.66,1.0,1.5317,1.0,-3.1821,11.09101,3.242956,1.60817,161.451723,0.0
2026-01-28,sz.002714,891.12614976,900.06123816,877.6242384,896.28864528,894.10451256,61603438.0,2751040146.5,1.0,1.6174,1.0,0.2443,11.118103,3.250878,1.612099,161.84612,0.0
2026-01-29,sz.002714,890.5304772,920.51266272,886.5593268,919.91699016,896.28864528,61784476.0,2824031663.04,1.0,1.6222,1.0,2.6362,11.411203,3.336579,1.654598,166.112777,0.0
2026-01-30,sz.002714,915.3501672,948.90638808,910.98190176,913.364592,919.91699016,91333571.0,4288734117.37,1.0,2.398,1.0,-0.7123,11.329924,3.312814,1.642812,164.929589,0.0
2026-02-02,sz.002714,913.96026456,919.91699016,891.72182232,895.4944152,913.364592,57938569.0,2638164852.83,1.0,1.5212,1.0,-1.9565,11.108251,3.247998,1.61067,161.702706,0.0
2026-02-03,sz.002714,893.70739752,907.60642392,886.5593268,907.01075136,895.4944152,37435385.0,1691231855.54,1.0,0.9829,1.0,1.286,11.251107,3.289768,1.631384,163.782253,0.0
2026-02-04,sz.002714,908.400654,932.42611392,903.03960096,930.44053872,907.01075136,53840092.0,2503880762.86,1.0,1.4136,1.0,2.5832,11.541744,3.374749,1.673526,168.013055,0.0
2026-02-05,sz.002714,930.04342368,942.94966248,921.3068928,927.85929096,930.44053872,41535903.0,1951278348.54,1.0,1.0905,1.0,-0.2774,11.509725,3.365387,1.668883,167.54695,0.0
2026-02-06,sz.002714,915.15160968,934.2131316,914.3573796,921.50545032,927.85929096,35901968.0,1666070820.42,1.0,0.9426,1.0,-0.6848,11.430908,3.342341,1.657455,166.399615,0.0
2026-02-09,sz.002714,916.54151232,938.97851208,914.95305216,926.2708308,921.50545032,33471965.0,1561810510.15,1.0,0.8788,1.0,0.5171,12.066231,3.528106,1.749575,175.648011,0.0
2026-02-10,sz.002714,922.49823792,932.02899888,909.98911416,911.77613184,926.2708308,29733808.0,1369389166.73,1.0,0.7807,1.0,-1.5648,11.877414,3.472897,1.722197,172.899393,0.0
2026-02-11,sz.002714,910.98190176,916.74006984,900.4583532,913.96026456,911.77613184,28609864.0,1308787202.05,1.0,0.7512,1.0,0.2395,11.905866,3.481216,1.726322,173.313568,0.0
2026-02-12,sz.002714,909.59199912,914.95305216,896.88431784,898.27422048,913.96026456,27639138.0,1254800555.99,1.0,0.7257,1.0,-1.7163,11.701529,3.421469,1.696694,170.339036,0.0
2026-02-13,sz.002714,898.27422048,914.95305216,893.90595504,900.4583532,898.27422048,29893378.0,1361870914.03,1.0,0.7849,1.0,0.2431,11.729981,3.429788,1.70082,170.753211,0.0
2026-02-24,sz.002714,903.63527352,910.58478672,881.5953888,884.77230912,900.4583532,39137606.0,1752206260.67,1.0,1.0276,1.0,-1.742,11.525643,3.370041,1.671191,167.778679,0.0
2026-02-25,sz.002714,883.77952152,895.29585768,881.79394632,889.33913208,884.77230912,28359170.0,1270976854.47,1.0,0.7446,1.0,0.5162,11.585134,3.387436,1.679817,168.644682,0.0
2026-02-26,sz.002714,894.10451256,912.96747696,891.72182232,896.09008776,889.33913208,38872497.0,1767240332.68,1.0,1.0206,1.0,0.7591,11.673077,3.41315,1.692569,169.924861,0.0
2026-02-27,sz.002714,896.4872028,934.41168912,896.4872028,931.2347688,896.09008776,71846970.0,3345129695.52,1.0,1.8863,1.0,3.922,12.130895,3.547014,1.758951,176.589319,0.0
2026-03-02,sz.002714,923.292468,955.85590128,921.70400784,929.44775112,931.2347688,51336918.0,2419022911.19,1.0,1.3479,1.0,-0.1919,12.107616,3.540207,1.755576,176.250448,0.0
2026-03-03,sz.002714,927.2636184,943.14822,922.49823792,923.88814056,929.44775112,44967844.0,2109667382.46,1.0,1.1806,1.0,-0.5982,12.035193,3.519031,1.745075,175.196184,0.0
2026-03-04,sz.002714,927.06506088,937.78716696,918.52708752,935.80159176,923.88814056,54724688.0,2558352927.95,1.0,1.4368,1.0,1.2895,12.190386,3.564408,1.767577,177.455322,0.0
2026-03-05,sz.002714,935.80159176,936.79437936,916.93862736,929.2491936,935.80159176,32351345.0,1509164199.63,1.0,0.8494,1.0,-0.7002,12.10503,3.539451,1.755201,176.212796,0.0
2026-03-06,sz.002714,926.66794584,983.45539656,924.2852556,979.68280368,929.2491936,90999749.0,4424914815.77,1.0,2.3892,1.0,5.4274,12.762012,3.731549,1.850462,185.776482,0.0
2026-03-09,sz.002714,984.8452992,1007.87797152,977.10155592,981.07270632,979.68280368,83824293.0,4184045761.47,1.0,2.2008,1.0,0.1419,12.780118,3.736843,1.853087,186.040048,0.0
2026-03-10,sz.002714,970.54915776,983.8525116,956.84868888,959.62849416,981.07270632,49294962.0,2399023648.81,1.0,1.2942,1.0,-2.1858,12.57981,3.678274,1.824043,183.124167,0.0
2026-03-11,sz.002714,959.82705168,988.41933456,957.44436144,979.08713112,959.62849416,47550234.0,2332330031.11,1.0,1.2484,1.0,2.0277,12.834894,3.75286,1.861029,186.83743,0.0
2026-03-12,sz.002714,982.859724,1006.28951136,972.931848,1004.50249368,979.08713112,62914622.0,3153533829.01,1.0,1.6518,1.0,2.5958,13.168065,3.850277,1.909339,191.687398,0.0
2026-03-13,sz.002714,1002.715476,1007.679414,984.24962664,988.61789208,1004.50249368,37632642.0,1883566594.96,1.0,0.988,1.0,-1.5813,12.959833,3.789391,1.879145,188.656168,0.0
2026-03-16,sz.002714,993.38327256,1008.6722016,985.63952928,987.62510448,988.61789208,38514278.0,1928526880.39,1.0,1.0112,1.0,-0.1004,12.946819,3.785586,1.877258,188.466716,0.0
2026-03-17,sz.002714,983.05828152,1022.17411296,976.9029984,997.55298048,987.62510448,52046374.0,2640848091.09,1.0,1.3665,1.0,1.0052,13.076964,3.82364,1.896129,190.361235,0.0
2026-03-18,sz.002714,996.36163536,1007.08374144,981.46982136,986.63231688,997.55298048,31488430.0,1568005948.98,1.0,0.8267,1.0,-1.0947,12.933804,3.78178,1.875371,188.277264,0.0
2026-03-19,sz.002714,983.05828152,988.61789208,964.19531712,968.9606976,986.63231688,35395692.0,1732381114.59,1.0,0.9293,1.0,-1.7911,12.702146,3.714045,1.841781,184.905021,0.0
2026-03-20,sz.002714,971.54194536,990.8020248,965.38666224,981.8669364,968.9606976,47235621.0,2319646293.22,1.0,1.2402,1.0,1.332,12.871335,3.763515,1.866313,187.367895,0.0
2026-03-23,sz.002714,963.003972,964.39387464,888.74345952,897.4799904,981.8669364,92662586.0,4257260911.17,1.0,2.4329,1.0,-8.5945,11.765103,3.440058,1.705912,171.264487,0.0
2026-03-24,sz.002714,897.4799904,903.436716,839.8983096,863.725212,897.4799904,99338194.0,4293925172.71,1.0,2.6081,1.0,-3.7611,11.32261,3.310675,1.641752,164.823123,0.0
2026-03-25,sz.002714,856.18002624,891.12614976,854.19445104,883.97807904,863.725212,45832056.0,2030698093.74,1.0,1.2033,1.0,2.3448,11.588106,3.388305,1.680248,168.687941,0.0
2026-03-26,sz.002714,880.20548616,889.5376896,871.6675128,873.653088,883.97807904,31247851.0,1381424058.68,1.0,0.8204,1.0,-1.168,11.452755,3.348729,1.660623,166.717642,0.0
2026-03-27,sz.002714,868.29203496,903.23815848,864.91655712,897.4799904,873.653088,35499402.0,1597741544.15,1.0,0.932,1.0,2.7273,11.765103,3.440058,1.705912,171.264487,0.0
2026-03-30,sz.002714,889.14057456,889.5376896,854.19445104,858.36415896,897.4799904,53300705.0,2327743199.12,1.0,1.3994,1.0,-4.3584,16.114697,3.254985,1.731358,-3753.133348,0.0
2026-03-31,sz.002714,856.37858376,860.7468492,818.65265496,828.18341592,858.36415896,65797009.0,2762797197.47,1.0,1.7275,1.0,-3.5161,15.548092,3.140537,1.670482,-3621.170297,0.0
2026-04-01,sz.002714,832.9487964,840.8910972,822.22669032,837.9127344,828.18341592,37685693.0,1581985410.54,1.0,0.9894,1.0,1.1748,15.730747,3.177432,1.690107,-3663.711017,0.0
2026-04-02,sz.002714,838.11129192,883.18384896,837.11850432,866.7035748,837.9127344,57703515.0,2522510218.25,1.0,1.5184,1.0,3.436,16.271259,3.286609,1.748179,-3789.596851,0.0
2026-04-03,sz.002714,862.33530936,863.725212,847.8406104,851.8117608,866.7035748,26413427.0,1135984174.03,1.0,0.6951,1.0,-1.7182,15.991684,3.230138,1.718142,-3724.483503,0.0
2026-04-07,sz.002714,852.20887584,890.72903472,841.8838848,862.7324244,851.8117608,47710862.0,2085471368.34,1.0,1.2555,1.0,1.2821,16.196706,3.27155,1.740169,-3772.233292,0.0
2026-04-08,sz.002714,867.6963624,886.5593268,858.16560144,880.40404368,862.7324244,41118357.0,1820012102.42,1.0,1.082,1.0,2.0483,16.528468,3.338562,1.775814,-3849.501131,0.0
2026-04-09,sz.002714,872.26318536,875.6386632,863.725212,869.6819376,880.40404368,23174396.0,1014010531.22,1.0,0.6098,1.0,-1.2179,16.327174,3.297903,1.754187,-3802.619521,0.0
2026-04-10,sz.002714,870.27761016,873.653088,850.62041568,853.99589352,869.6819376,44010493.0,1901612898.34,1.0,1.1581,1.0,-1.8037,16.032688,3.23842,1.722547,-3734.033461,0.0
2026-04-13,sz.002714,853.797336,883.580964,846.8478228,877.02856584,853.99589352,51063215.0,2243900798.78,1.0,1.3437,1.0,2.697,16.465098,3.325762,1.769005,-3834.742106,0.0
2026-04-14,sz.002714,877.22712336,915.3501672,869.6819376,908.99632656,877.02856584,69644583.0,3155202286.79,1.0,1.8327,1.0,3.645,17.065252,3.446986,1.833485,-3974.518759,0.0
2026-04-15,sz.002714,908.59921152,920.90977776,897.4799904,914.3573796,908.99632656,50189182.0,2299952495.46,1.0,1.3207,1.0,0.5898,17.165899,3.467316,1.844299,-3997.959564,0.0
2026-04-16,sz.002714,915.3501672,926.66794584,909.3934416,922.10112288,914.3573796,34993381.0,1620125505.93,1.0,0.9208,1.0,0.8469,17.311278,3.496681,1.859918,-4031.818505,0.0
2026-04-17,sz.002714,916.54151232,917.93141496,900.25979568,904.03238856,922.10112288,38998170.0,1781876797.73,1.0,1.0262,1.0,-1.9595,16.97206,3.428163,1.823473,-3952.81431,0.0
2026-04-20,sz.002714,912.17324688,917.73285744,897.4799904,899.86268064,904.03238856,33732333.0,1536158922.39,1.0,0.8876,1.0,-0.4612,16.893779,3.412351,1.815062,-3934.582572,0.0
2026-04-21,sz.002714,900.25979568,916.54151232,896.09008776,903.03960096,899.86268064,31166493.0,1419849016.24,1.0,0.8201,1.0,0.353,16.953422,3.424398,1.82147,-3948.47342,0.0
2026-04-22,sz.002714,902.64248592,922.2996804,882.38961888,887.94922944,903.03960096,54952922.0,2486938574.13,1.0,1.4461,1.0,-1.6711,26.395002,2.992826,1.871091,-34.65761,0.0
2026-04-23,sz.002714,881.5953888,886.36076928,857.96704392,863.52665448,887.94922944,48246459.0,2108010386.28,1.0,1.2696,1.0,-2.7504,25.669021,2.91051,1.819628,-33.704371,0.0
2026-04-24,sz.002714,863.32809696,863.725212,851.41464576,856.57714128,863.52665448,30392884.0,1309660150.92,1.0,0.7998,1.0,-0.8048,25.462442,2.887087,1.804984,-33.433124,0.0
2026-04-27,sz.002714,853.99589352,854.7901236,837.51561936,839.10407952,856.57714128,40943508.0,1738238731.38,1.0,1.0774,1.0,-2.0399,24.943041,2.828194,1.768165,-32.751132,0.0
2026-04-28,sz.002714,839.30263704,863.52665448,836.32427424,859.7540616,839.10407952,45467974.0,1945343139.02,1.0,1.1965,1.0,2.461,25.556878,2.897794,1.811678,-33.557123,0.0
2026-04-29,sz.002714,862.53386688,901.25258328,861.54107928,885.96365424,859.7540616,69496713.0,3083446084.09,1.0,1.8288,1.0,3.0485,26.335979,2.986134,1.866907,-34.580111,0.0
2026-04-30,sz.002714,873.653088,901.05402576,869.88049512,887.5521144,885.96365424,43324850.0,1941286550.75,1.0,1.1401,1.0,0.1793,26.383197,2.991488,1.870255,-34.64211,0.0
2026-05-06,sz.002714,881.39683128,888.544902,873.653088,886.36076928,887.5521144,48114282.0,2138951833.7,1.0,1.2661,1.0,-0.1342,26.347784,2.987472,1.867744,-34.595611,0.0
2026-05-07,sz.002714,883.18384896,885.76509672,867.89491992,875.04299064,886.36076928,40919800.0,1800751141.65,1.0,1.0768,1.0,-1.2769,26.011354,2.949326,1.843895,-34.153866,0.0
2026-05-08,sz.002714,878.617026,884.97086664,861.93819432,863.92376952,875.04299064,31723953.0,1388550833.57,1.0,0.8348,1.0,-1.2707,25.680826,2.911849,1.820465,-33.719871,0.0
2026-05-11,sz.002714,870.6747252,895.4944152,857.7684864,880.00692864,863.92376952,64378847.0,2855891073.71,1.0,1.6941,1.0,1.8616,26.158911,2.966057,1.854355,-34.347614,0.0
2026-05-12,sz.002714,879.6098136,879.80837112,850.02474312,852.40743336,880.00692864,54587669.0,2359383385.54,1.0,1.4364,1.0,-3.1363,25.338494,2.873033,1.796198,-33.270376,0.0
2026-05-13,sz.002714,849.62762808,855.38579616,839.8983096,841.48676976,852.40743336,38894684.0,1650881392.06,1.0,1.0235,1.0,-1.2812,25.013868,2.836225,1.773185,-32.844131,0.0
2026-05-14,sz.002714,843.86946,865.11511464,843.07522992,846.45070776,841.48676976,58997829.0,2537283732.23,1.0,1.5525,1.0,0.5899,25.161425,2.852956,1.783646,-33.037879,0.0
2026-05-15,sz.002714,847.24493784,856.37858376,827.9848584,843.86946,846.45070776,45138811.0,1918878881.02,1.0,1.1878,1.0,-0.3049,25.084696,2.844256,1.778206,-32.93713,0.0
2026-05-18,sz.002714,839.8983096,840.49398216,798.79690296,802.76805336,843.86946,74406631.0,3042249201.65,1.0,1.958,1.0,-4.8706,23.862924,2.705724,1.691597,-31.332898,0.0
2026-05-19,sz.002714,811.70314176,815.0786196,785.89066416,800.1868056,802.76805336,43640577.0,1750732475.74,1.0,1.1484,1.0,-0.3215,23.786194,2.697024,1.686158,-31.232149,0.0
2026-05-20,sz.002714,794.03152248,801.37815072,783.11085888,785.09643408,800.1868056,36708127.0,1455908726.05,1.0,0.966,1.0,-1.8859,23.337621,2.646162,1.654359,-30.643156,0.0
2026-05-21,sz.002714,789.66325704,807.33487632,782.3166288,784.10364648,785.09643408,38535494.0,1543834118.14,1.0,1.014,1.0,-0.1265,23.308111,2.642816,1.652268,-30.604409,0.0
2026-05-22,sz.002714,790.2589296,793.03873488,767.4248148,771.19740768,784.10364648,45270202.0,1760360511.3,1.0,1.1913,1.0,-1.646,22.924463,2.599315,1.625072,-30.100665,0.0
2026-05-25,sz.002714,770.4031776,779.93393856,756.10703616,763.25510688,771.19740768,38032573.0,1465207629.17,1.0,1.0008,1.0,-1.0299,22.688372,2.572546,1.608335,-29.790668,0.0
2026-05-26,sz.002714,763.05654936,771.59452272,756.30559368,768.61615992,763.25510688,35923745.0,1383912707.54,1.0,0.9453,1.0,0.7024,22.847733,2.590615,1.619632,-29.999916,0.0
2026-05-27,sz.002714,767.01015445,767.81309625,752.7579375,757.9770592,768.61603805,41050177.0,1550980157.03,1.0,1.0802,1.0,-1.3842,22.287017,2.527038,1.579884,-29.263674,0.0
2026-05-28,sz.002714,754.56455655,757.37485285,737.70277875,743.72484225,757.9770592,41355786.0,1535015509.22,1.0,1.0883,1.0,-1.8803,21.867955,2.479522,1.550178,-28.71343,0.0
2026-05-29,sz.002714,743.9255777,774.4373661,737.70277875,764.19985815,743.72484225,55551005.0,2101920832.93,1.0,1.4618,1.0,2.753,22.469987,2.547784,1.592855,-29.503921,0.0
2026-06-01,sz.002714,762.59397455,769.6197153,747.73955125,759.1814719,764.19985815,38711406.0,1468599370.28,1.0,1.0187,1.0,-0.6567,22.32243,2.531053,1.582395,-29.310174,0.0
2026-06-02,sz.002714,759.1814719,761.5902973,734.691747,737.9035142,759.1814719,54370331.0,2005555194.65,1.0,1.4307,1.0,-2.8027,21.696788,2.460114,1.538044,-28.488683,0.0
2026-06-03,sz.002714,737.9035142,739.1079269,718.632911,726.662329,737.9035142,53882680.0,1945233137.54,1.0,1.4179,1.0,-1.5234,21.366261,2.422637,1.514614,-28.054688,0.0
2026-06-04,sz.002714,726.46159355,735.69542425,703.7784877,705.18363585,726.662329,57511926.0,2040942298.57,1.0,1.5134,1.0,-2.9558,20.734717,2.351028,1.469845,-27.225447,0.0
2026-06-05,sz.002714,705.18363585,715.22040835,699.56304325,703.7784877,705.18363585,39170286.0,1378272676.66,1.0,1.0307,1.0,-0.1993,20.693403,2.346344,1.466916,-27.171201,0.0
2026-06-08,sz.002714,699.16157235,714.01599565,679.48949825,685.51156175,703.7784877,48885954.0,1684875084.6,1.0,1.2864,1.0,-2.5956,20.156295,2.285444,1.428841,-26.465958,0.0
2026-06-09,sz.002714,685.7122972,689.52627075,678.0843501,687.11744535,685.51156175,32307492.0,1099908976.46,1.0,0.8502,1.0,0.2343,20.203514,2.290797,1.432189,-26.527958,0.0
2026-06-10,sz.002714,681.49685275,700.76745595,680.0917046,691.13215435,687.11744535,38183014.0,1315533160.07,1.0,1.0048,1.0,0.5843,20.321559,2.304182,1.440557,-26.682956,0.0
